applicant_gender,total_income,income_type,education_type,family_status,job_title,applicant_age,years_of_working,total_bad_debt,total_good_debt,status
Male,180000,Working,Secondary / Secondary Special,Married,Managers,45,7,0,28,1
Unknown,112500,Unknown,Unknown,Unknown,Unknown,40,7,0,18,1
Female,270000,State Servant,Higher Education,Married,Unknown,40,7,0,27,1
Female,135000,Unknown,Unknown,Unknown,Core Staff,40,6,9,40,1
Unknown,94500,State Servant,Higher Education,Unknown,Unknown,51,6,0,46,1
Unknown,189000,Unknown,Unknown,Unknown,Accountants,40,6,0,18,1
Female,337500,Working,Unknown,Widow,Accountants,62,9,0,18,1
Female,270000,Commercial Associate,Unknown,Unknown,Unknown,38,8,0,27,1
Female,148500,Unknown,Secondary / Secondary Special,Married,Laborers,57,14,0,11,1
Male,67500,Unknown,Secondary / Secondary Special,Unknown,Security Staff,40,2,0,16,1
Female,135000,Unknown,Secondary / Secondary Special,Single / Not Married,Cooking Staff,40,1,0,18,1
Female,103500,Unknown,Unknown,Civil Marriage,Cooking Staff,31,7,0,18,1
Unknown,67500,Working,Unknown,Unknown,Unknown,47,7,0,5,1
Male,292500,State Servant,Higher Education,Unknown,Core Staff,40,7,0,18,1
Female,270000,Working,Secondary / Secondary Special,Unknown,Unknown,40,9,0,47,1
Unknown,117000,Working,Secondary / Secondary Special,Unknown,Unknown,40,7,0,58,1
Unknown,270000,Working,Higher Education,Married,Unknown,40,7,0,18,1
Unknown,135000,Working,Unknown,Married,Unknown,26,3,0,18,1
Male,126000,Unknown,Secondary / Secondary Special,Married,Unknown,40,10,0,37,1
Male,675000,Unknown,Higher Education,Unknown,Core Staff,40,7,3,40,1
Unknown,157500,Working,Higher Education,Married,Laborers,40,8,0,42,1
Unknown,135000,Working,Unknown,Unknown,Unknown,40,7,0,18,1
Female,157500,Unknown,Secondary / Secondary Special,Unknown,Cleaning Staff,40,3,0,17,1
Female,270000,Working,Higher Education,Married,Unknown,26,1,0,4,1
Unknown,72000,Commercial Associate,Secondary / Secondary Special,Married,Sales Staff,34,7,1,33,1
Male,238500,Unknown,Secondary / Secondary Special,Single / Not Married,Security Staff,25,1,0,17,1
Male,135000,Working,Secondary / Secondary Special,Married,Security Staff,40,1,0,18,1
Unknown,270000,Commercial Associate,Unknown,Married,Laborers,40,4,0,31,1
Female,117000,Working,Secondary / Secondary Special,Civil Marriage,Managers,40,19,0,18,1
Unknown,135000,Unknown,Unknown,Married,Sales Staff,41,5,0,9,1
Female,90000,Working,Unknown,Married,Sales Staff,39,1,0,21,1
Female,99000,Unknown,Unknown,Unknown,Laborers,40,7,0,18,1
Unknown,121500,Unknown,Higher Education,Married,Accountants,40,15,1,31,1
Unknown,112500,Commercial Associate,Unknown,Civil Marriage,Unknown,29,9,0,8,1
Unknown,184500,Working,Higher Education,Unknown,Core Staff,40,13,0,1,1
Female,225000,Working,Secondary / Secondary Special,Unknown,Medicine Staff,52,9,0,18,1
Female,180000,Unknown,Secondary / Secondary Special,Married,Unknown,50,9,0,16,1
Unknown,171000,Unknown,Higher Education,Separated,Unknown,40,7,0,18,1
Female,126000,Unknown,Secondary / Secondary Special,Married,Unknown,39,7,0,11,1
Female,112500,Unknown,Unknown,Married,Laborers,42,16,0,18,1
Unknown,135000,State Servant,Unknown,Married,Unknown,57,26,0,18,1
Unknown,157500,Unknown,Secondary / Secondary Special,Unknown,Security Staff,40,1,0,18,1
Male,135000,Unknown,Unknown,Married,Unknown,33,10,0,20,1
Female,157500,State Servant,Secondary / Secondary Special,Unknown,Cleaning Staff,40,7,0,20,1
Female,67500,State Servant,Higher Education,Unknown,High Skill Tech Staff,40,7,0,18,1
Unknown,225000,Unknown,Secondary / Secondary Special,Unknown,Laborers,29,6,0,18,1
Male,180000,Working,Incomplete Higher,Married,Laborers,47,7,0,45,1
Female,112500,Unknown,Unknown,Married,Core Staff,38,6,0,18,1
Male,247500,Unknown,Higher Education,Married,Core Staff,40,7,0,4,1
Unknown,112500,Unknown,Higher Education,Unknown,Core Staff,29,7,0,18,1
Unknown,171000,Working,Unknown,Married,Unknown,51,11,0,18,1
Female,108000,Working,Unknown,Married,Low-Skill Laborers,55,7,0,18,1
Unknown,360000,Unknown,Secondary / Secondary Special,Single / Not Married,Unknown,40,21,0,18,1
Female,135000,Commercial Associate,Higher Education,Unknown,Core Staff,25,7,0,18,1
Female,144000,Working,Secondary / Secondary Special,Married,Cooking Staff,34,6,0,5,1
Unknown,337500,Unknown,Unknown,Married,Laborers,40,2,1,18,1
Male,202500,Unknown,Unknown,Married,Unknown,40,3,0,8,1
Female,360000,Unknown,Secondary / Secondary Special,Unknown,Accountants,46,7,0,60,1
Unknown,180000,Working,Higher Education,Civil Marriage,Unknown,40,6,0,18,1
Unknown,81000,Commercial Associate,Higher Education,Unknown,Unknown,40,7,1,2,1
Unknown,112500,Working,Incomplete Higher,Unknown,Unknown,40,7,0,18,1
Unknown,297000,Commercial Associate,Secondary / Secondary Special,Unknown,Laborers,40,7,0,18,1
Unknown,135000,Working,Unknown,Unknown,Managers,55,7,0,26,1
Unknown,171261,State Servant,Secondary / Secondary Special,Single / Not Married,Medicine Staff,27,2,0,20,1
Female,405000,Unknown,Unknown,Civil Marriage,Accountants,55,1,0,18,1
Female,112500,Unknown,Higher Education,Unknown,Unknown,40,6,0,18,1
Female,112500,Working,Secondary / Secondary Special,Single / Not Married,Unknown,23,4,0,17,1
Female,112500,Unknown,Unknown,Married,Unknown,37,18,0,25,1
Male,202500,Working,Unknown,Unknown,Laborers,52,7,2,40,1
Female,297000,Commercial Associate,Secondary / Secondary Special,Single / Not Married,Laborers,43,9,0,18,1
Female,225000,Commercial Associate,Secondary / Secondary Special,Unknown,Unknown,34,1,0,18,1
Unknown,180000,Unknown,Unknown,Civil Marriage,Unknown,40,9,0,7,1
Unknown,112500,Unknown,Unknown,Civil Marriage,Drivers,40,3,0,50,1
Unknown,157500,Working,Higher Education,Unknown,Sales Staff,36,7,0,18,1
Unknown,157500,Unknown,Unknown,Unknown,Unknown,40,3,0,6,1
Female,135000,Commercial Associate,Unknown,Unknown,Laborers,40,7,0,18,1
Unknown,135000,Working,Secondary / Secondary Special,Separated,Unknown,40,3,0,39,1
Unknown,360000,Commercial Associate,Higher Education,Unknown,Unknown,41,7,0,18,1
Unknown,225000,State Servant,Unknown,Married,High Skill Tech Staff,30,5,0,30,1
Female,157500,Unknown,Secondary / Secondary Special,Married,Unknown,51,20,0,24,1
Male,225000,Working,Unknown,Single / Not Married,Unknown,40,8,3,18,1
Female,171000,Unknown,Unknown,Married,Core Staff,41,4,0,17,1
Unknown,315000,Unknown,Unknown,Married,Managers,59,15,0,18,1
Female,157500,Working,Higher Education,Married,High Skill Tech Staff,36,6,0,41,1
Unknown,135000,Working,Unknown,Married,Unknown,44,6,0,18,1
Unknown,270000,Working,Higher Education,Married,Sales Staff,29,7,0,18,1
Male,157500,Working,Secondary / Secondary Special,Married,Unknown,36,7,0,18,1
Unknown,292500,Commercial Associate,Secondary / Secondary Special,Civil Marriage,Unknown,49,7,0,5,1
Female,216000,Unknown,Secondary / Secondary Special,Unknown,Managers,40,10,0,5,1
Unknown,450000,State Servant,Unknown,Unknown,Unknown,40,16,0,7,1
Female,112500,Working,Secondary / Secondary Special,Unknown,Unknown,40,7,0,18,1
Unknown,247500,Commercial Associate,Secondary / Secondary Special,Unknown,Unknown,40,7,0,14,1
Male,360000,Commercial Associate,Unknown,Married,Laborers,40,2,0,18,1
Female,135000,Working,Unknown,Unknown,Sales Staff,40,7,0,54,1
Unknown,72000,Working,Secondary / Secondary Special,Widow,Unknown,55,7,0,6,1
Unknown,270000,Working,Secondary / Secondary Special,Married,Laborers,33,2,0,18,1
Male,112500,Working,Secondary / Secondary Special,Unknown,Unknown,32,7,0,18,1
Female,135000,State Servant,Unknown,Unknown,Laborers,50,16,0,18,1
Male,225000,Working,Secondary / Secondary Special,Unknown,Unknown,24,2,0,5,1
Unknown,180000,Working,Higher Education,Unknown,Unknown,43,8,0,18,1
Female,225000,Unknown,Higher Education,Unknown,Sales Staff,30,1,0,18,1
Female,81000,Working,Secondary / Secondary Special,Married,Unknown,40,21,0,18,1
Unknown,135000,State Servant,Secondary / Secondary Special,Married,Core Staff,40,17,0,7,1
Unknown,135000,Working,Secondary / Secondary Special,Married,Managers,40,21,0,30,1
Unknown,112500,Commercial Associate,Unknown,Unknown,Medicine Staff,53,4,0,17,1
Female,112500,Working,Higher Education,Married,Unknown,40,2,0,18,1
Male,144000,Working,Unknown,Civil Marriage,Security Staff,47,6,1,5,1
Female,135000,Commercial Associate,Higher Education,Married,Managers,40,7,0,39,1
Female,180000,Unknown,Unknown,Unknown,Unknown,40,7,0,8,1
Female,112500,Working,Unknown,Single / Not Married,Unknown,45,6,0,44,1
Unknown,202500,Unknown,Secondary / Secondary Special,Unknown,Security Staff,57,1,0,8,1
Male,225000,Commercial Associate,Unknown,Married,Unknown,48,1,0,6,1
Unknown,180000,Working,Secondary / Secondary Special,Unknown,Unknown,40,12,0,18,1
Female,135000,Commercial Associate,Secondary / Secondary Special,Married,Medicine Staff,40,7,0,18,1
Female,112500,Commercial Associate,Higher Education,Civil Marriage,Unknown,29,9,0,13,1
Unknown,180000,Unknown,Higher Education,Married,Unknown,42,6,0,10,1
Female,130500,Working,Unknown,Married,Unknown,40,26,0,18,1
Unknown,292500,Commercial Associate,Secondary / Secondary Special,Married,Laborers,43,7,0,18,1
Female,225000,Commercial Associate,Higher Education,Married,Unknown,40,7,1,5,1
Female,297000,Commercial Associate,Secondary / Secondary Special,Single / Not Married,Laborers,43,7,0,16,1
Unknown,315000,Unknown,Unknown,Married,Unknown,38,10,0,18,1
Unknown,90000,Working,Secondary / Secondary Special,Unknown,Core Staff,52,7,0,38,1
Female,315000,Working,Higher Education,Unknown,Medicine Staff,36,7,0,32,1
Female,67500,Unknown,Secondary / Secondary Special,Unknown,Unknown,40,1,0,14,1
Male,225000,Unknown,Higher Education,Unknown,Sales Staff,28,7,0,15,1
Male,135000,Unknown,Higher Education,Unknown,Managers,33,7,0,22,1
Female,90000,Working,Secondary / Secondary Special,Single / Not Married,Laborers,29,3,0,12,1
Female,112500,Unknown,Unknown,Married,Core Staff,41,2,0,50,1
Unknown,180000,Commercial Associate,Secondary / Secondary Special,Married,Unknown,39,7,0,18,1
Female,112500,State Servant,Unknown,Widow,Secretaries,40,7,0,31,1
Female,157500,Unknown,Secondary / Secondary Special,Married,Core Staff,40,9,0,37,1
Female,135000,Unknown,Higher Education,Married,Sales Staff,40,3,0,7,1
Male,247500,Working,Unknown,Unknown,Unknown,39,7,0,5,1
Unknown,202500,Unknown,Higher Education,Married,Unknown,36,4,0,22,1
Unknown,180000,Commercial Associate,Higher Education,Separated,Core Staff,29,7,0,18,1
Female,135000,Working,Secondary / Secondary Special,Unknown,Core Staff,38,7,0,12,1
Unknown,90000,Unknown,Secondary / Secondary Special,Married,Unknown,54,7,0,18,1
Unknown,135000,Commercial Associate,Secondary / Secondary Special,Unknown,Unknown,31,3,0,6,1
Unknown,292500,Unknown,Higher Education,Single / Not Married,Laborers,39,7,8,18,1
Male,135000,Working,Secondary / Secondary Special,Unknown,Unknown,41,7,0,18,1
Unknown,180000,Commercial Associate,Secondary / Secondary Special,Single / Not Married,Private Service Staff,32,4,0,44,1
Unknown,135000,Commercial Associate,Secondary / Secondary Special,Married,Unknown,31,7,0,2,1
Female,202500,Working,Secondary / Secondary Special,Married,High Skill Tech Staff,54,18,1,18,1
Male,225000,Working,Unknown,Married,Unknown,40,3,0,18,1
Unknown,112500,Unknown,Secondary / Secondary Special,Single / Not Married,Sales Staff,25,4,0,18,1
Female,225000,Unknown,Unknown,Civil Marriage,Private Service Staff,40,7,0,10,1
Unknown,90000,Working,Unknown,Married,High Skill Tech Staff,36,11,0,32,1
Female,270000,State Servant,Secondary / Secondary Special,Civil Marriage,Medicine Staff,35,7,0,9,1
Unknown,153000,Unknown,Secondary / Secondary Special,Married,Laborers,40,7,1,20,1
Male,202500,Commercial Associate,Unknown,Married,Drivers,43,5,0,38,1
Male,126000,Working,Unknown,Single / Not Married,Core Staff,35,7,3,10,1
Unknown,157500,Unknown,Unknown,Unknown,Unknown,40,7,0,5,1
Unknown,180000,Unknown,Secondary / Secondary Special,Married,Laborers,38,2,0,14,1
Unknown,202500,Unknown,Secondary / Secondary Special,Married,Unknown,51,7,0,18,1
Female,189000,Working,Unknown,Unknown,Unknown,30,8,0,15,1
Female,337500,Unknown,Secondary / Secondary Special,Unknown,Unknown,40,5,0,19,1
Female,74250,Unknown,Higher Education,Separated,Core Staff,53,7,0,35,1
Male,270000,Unknown,Secondary / Secondary Special,Unknown,Core Staff,34,7,0,38,1
Female,135000,Working,Unknown,Unknown,Unknown,37,7,0,1,1
Female,283500,Commercial Associate,Secondary / Secondary Special,Married,Private Service Staff,49,7,0,3,1
Male,405000,Unknown,Secondary / Secondary Special,Married,Managers,40,7,0,15,0
Female,90000,Unknown,Unknown,Unknown,Medicine Staff,40,2,0,10,1
Female,135000,Working,Secondary / Secondary Special,Married,Unknown,40,3,0,18,1
Unknown,126000,Working,Unknown,Unknown,Laborers,63,7,0,18,1
Unknown,135000,Unknown,Secondary / Secondary Special,Single / Not Married,Sales Staff,40,2,0,18,1
Female,157500,Unknown,Unknown,Unknown,Managers,51,7,0,18,1
Male,292500,Working,Secondary / Secondary Special,Unknown,Laborers,40,13,0,11,1
Female,135000,Working,Unknown,Married,Unknown,50,15,0,13,1
Unknown,103500,Commercial Associate,Unknown,Unknown,Unknown,40,1,0,25,1
Unknown,166500,State Servant,Unknown,Married,Managers,45,13,0,18,1
Male,135000,Working,Unknown,Single / Not Married,Laborers,40,12,0,2,1
Unknown,135000,Unknown,Unknown,Married,Laborers,59,10,0,52,1
Male,292500,State Servant,Secondary / Secondary Special,Unknown,Unknown,50,7,0,15,1
Unknown,247500,Unknown,Unknown,Unknown,High Skill Tech Staff,40,7,0,34,1
Unknown,189000,Unknown,Unknown,Married,Unknown,52,7,0,18,1
Female,270000,Commercial Associate,Secondary / Secondary Special,Unknown,Secretaries,40,7,0,18,1
Male,292500,Working,Higher Education,Married,Managers,29,7,0,18,1
Male,180000,Working,Secondary / Secondary Special,Married,Unknown,40,7,1,23,1
Unknown,112500,Unknown,Unknown,Single / Not Married,Unknown,40,7,0,18,1
Female,180000,Unknown,Secondary / Secondary Special,Married,Unknown,40,7,0,11,1
Male,225000,Unknown,Secondary / Secondary Special,Married,Unknown,40,4,0,38,1
Male,225000,Working,Unknown,Married,Drivers,37,7,0,18,1
Unknown,135000,Commercial Associate,Secondary / Secondary Special,Unknown,Cooking Staff,51,7,0,18,1
Female,225000,Unknown,Higher Education,Married,Managers,40,8,0,10,1
Unknown,157500,Commercial Associate,Secondary / Secondary Special,Married,Accountants,33,6,0,31,1
Unknown,180000,Unknown,Unknown,Separated,Laborers,35,3,0,18,1
Unknown,315000,Working,Unknown,Married,Unknown,40,7,0,11,1
Male,148500,Unknown,Higher Education,Married,Unknown,40,5,0,2,1
Male,315000,Working,Unknown,Married,Laborers,40,7,0,33,1
Male,540000,Unknown,Unknown,Married,Managers,40,7,0,18,1
Male,180000,Working,Incomplete Higher,Unknown,Unknown,30,5,0,15,1
Male,211500,Unknown,Unknown,Unknown,Core Staff,40,7,2,18,1
Unknown,450000,Working,Unknown,Unknown,Laborers,52,2,0,4,1
Unknown,135000,Unknown,Secondary / Secondary Special,Unknown,Unknown,28,7,0,18,1
Female,126000,Unknown,Higher Education,Unknown,Unknown,40,7,0,28,1
Male,180000,Unknown,Secondary / Secondary Special,Married,Security Staff,36,2,0,9,1
Female,180000,Working,Higher Education,Married,Unknown,47,5,0,9,1
Male,225000,Unknown,Higher Education,Married,Unknown,37,7,0,35,1
Female,157500,Unknown,Unknown,Unknown,Core Staff,28,4,0,24,1
Male,270000,Working,Secondary / Secondary Special,Single / Not Married,Unknown,40,5,0,12,1
Male,180000,Unknown,Secondary / Secondary Special,Unknown,Drivers,40,7,0,24,1
Male,157500,Working,Secondary / Secondary Special,Unknown,Core Staff,40,4,7,18,1
Female,112500,Unknown,Unknown,Married,Core Staff,32,7,0,18,1
Unknown,157500,Unknown,Secondary / Secondary Special,Unknown,Unknown,38,7,0,27,1
Unknown,247500,Unknown,Unknown,Unknown,Unknown,49,4,0,18,1
Unknown,135000,Unknown,Secondary / Secondary Special,Married,Unknown,40,7,0,18,1
Female,247500,Working,Higher Education,Unknown,Managers,40,21,0,18,1
Female,306000,Unknown,Secondary / Secondary Special,Married,Unknown,52,9,17,20,1
Female,189000,Unknown,Unknown,Civil Marriage,Managers,45,2,0,18,1
Male,112500,Unknown,Secondary / Secondary Special,Single / Not Married,Unknown,40,5,0,4,1
Female,180000,Commercial Associate,Higher Education,Unknown,Unknown,33,7,0,18,1
Unknown,112500,Unknown,Secondary / Secondary Special,Married,Core Staff,30,6,0,18,1
Male,247500,Commercial Associate,Secondary / Secondary Special,Unknown,Unknown,42,2,0,18,1
Unknown,121500,Working,Unknown,Single / Not Married,Unknown,28,7,0,18,1
Unknown,202500,Unknown,Secondary / Secondary Special,Married,High Skill Tech Staff,36,5,0,30,1
Unknown,112500,Working,Higher Education,Married,Core Staff,25,5,0,13,1
Female,157500,Commercial Associate,Unknown,Unknown,Sales Staff,33,5,0,18,1
Male,202500,Unknown,Unknown,Unknown,Managers,47,6,0,13,1
Female,180000,Unknown,Unknown,Unknown,Unknown,40,7,2,18,1
Female,225000,Working,Secondary / Secondary Special,Single / Not Married,Sales Staff,34,2,0,7,1
Unknown,144000,Unknown,Unknown,Civil Marriage,Unknown,45,7,0,55,1
Unknown,787500,State Servant,Unknown,Married,Unknown,48,4,0,5,1
Female,135000,Working,Secondary / Secondary Special,Married,Laborers,40,9,0,2,1
Female,90000,Unknown,Unknown,Married,Laborers,40,7,0,27,1
Female,81000,Unknown,Unknown,Civil Marriage,Sales Staff,33,7,0,19,1
Male,67500,Unknown,Secondary / Secondary Special,Married,Security Staff,52,7,0,13,1
Unknown,216000,Commercial Associate,Secondary / Secondary Special,Married,Unknown,49,22,0,22,1
Male,225000,Unknown,Secondary / Secondary Special,Married,Unknown,46,1,2,37,1
Unknown,67500,Unknown,Unknown,Single / Not Married,Laborers,40,7,0,14,1
Unknown,157500,Unknown,Secondary / Secondary Special,Married,Unknown,55,7,0,18,1
Female,135000,Working,Secondary / Secondary Special,Unknown,Sales Staff,32,7,0,18,1
Female,67500,Unknown,Higher Education,Married,Unknown,39,7,0,5,1
Male,202500,Working,Unknown,Unknown,Laborers,40,7,0,18,1
Female,157500,Working,Higher Education,Unknown,Sales Staff,30,7,0,42,1
Unknown,180000,Unknown,Secondary / Secondary Special,Married,Unknown,38,7,0,30,1
Male,180000,Unknown,Unknown,Unknown,Sales Staff,30,6,0,4,1
Male,180000,Working,Secondary / Secondary Special,Single / Not Married,Unknown,40,5,0,18,1
Unknown,144000,Working,Unknown,Unknown,Laborers,40,30,0,18,1
Female,112500,Unknown,Unknown,Widow,Cooking Staff,54,2,0,18,1
Female,67500,Unknown,Unknown,Married,Laborers,46,20,0,7,1
Female,112500,Unknown,Unknown,Married,Cooking Staff,42,7,0,18,1
Unknown,202500,Working,Secondary / Secondary Special,Separated,High Skill Tech Staff,40,7,0,18,1
Female,67500,Working,Secondary / Secondary Special,Married,Accountants,31,7,0,18,1
Female,90000,Unknown,Secondary / Secondary Special,Unknown,Cleaning Staff,40,7,0,18,1
Unknown,315000,Commercial Associate,Secondary / Secondary Special,Married,Unknown,40,3,0,18,1
Female,225000,Unknown,Unknown,Single / Not Married,Unknown,40,11,0,18,1
Unknown,112500,Unknown,Unknown,Unknown,Sales Staff,42,10,0,45,1
Unknown,225000,Working,Unknown,Widow,Sales Staff,40,6,0,3,1
Female,202500,Unknown,Unknown,Unknown,Unknown,48,12,0,13,1
Unknown,90000,Working,Unknown,Unknown,Low-Skill Laborers,40,6,0,30,1
Female,135000,Unknown,Secondary / Secondary Special,Unknown,Managers,40,7,1,18,1
Female,112500,Working,Secondary / Secondary Special,Unknown,Unknown,45,10,0,10,1
Unknown,135000,Working,Higher Education,Unknown,Core Staff,30,4,0,33,1
Male,405000,Commercial Associate,Higher Education,Unknown,Unknown,45,6,0,1,1
Female,144000,Working,Unknown,Widow,Hr Staff,40,7,0,7,1
Unknown,270000,Working,Secondary / Secondary Special,Unknown,Unknown,34,7,0,35,1
Male,157500,Unknown,Secondary / Secondary Special,Married,Managers,59,14,0,18,1
Female,90000,Unknown,Secondary / Secondary Special,Married,Medicine Staff,48,7,0,59,1
Female,157500,Commercial Associate,Unknown,Single / Not Married,Unknown,40,2,0,5,1
Female,270000,Unknown,Higher Education,Widow,Managers,53,7,0,29,1
Female,67500,Working,Secondary / Secondary Special,Unknown,Unknown,51,13,0,18,1
Female,112500,Unknown,Unknown,Civil Marriage,High Skill Tech Staff,40,7,0,18,1
Male,135000,Working,Secondary / Secondary Special,Married,Drivers,27,4,0,18,1
Female,225000,Unknown,Secondary / Secondary Special,Unknown,Private Service Staff,55,11,0,51,1
Female,135000,Working,Unknown,Separated,Laborers,45,4,0,4,1
Female,112500,Working,Secondary / Secondary Special,Single / Not Married,Laborers,40,7,0,13,1
Male,112500,Working,Higher Education,Married,Accountants,40,7,1,18,1
Female,360000,Working,Higher Education,Unknown,Unknown,52,24,0,41,1
Male,168750,Unknown,Unknown,Unknown,Unknown,44,5,1,4,1
Unknown,202500,Working,Unknown,Married,Unknown,40,8,0,19,1
Female,157500,State Servant,Higher Education,Unknown,Managers,61,21,0,18,1
Female,315000,Commercial Associate,Secondary / Secondary Special,Married,Unknown,43,7,0,18,1
Female,90000,Working,Higher Education,Unknown,Laborers,40,7,0,15,1
Female,135000,Unknown,Unknown,Single / Not Married,Accountants,28,7,0,2,1
Female,184500,Working,Higher Education,Separated,Core Staff,40,13,0,58,1
Male,315000,Working,Unknown,Married,Laborers,39,6,0,18,1
Unknown,135000,Working,Unknown,Married,Laborers,40,5,0,18,1
Female,247500,Commercial Associate,Secondary / Secondary Special,Civil Marriage,Unknown,45,7,0,18,1
Female,90000,Unknown,Secondary / Secondary Special,Married,Cooking Staff,40,7,0,26,1
Unknown,292500,Working,Unknown,Unknown,Laborers,40,5,0,6,1
Female,135000,Unknown,Unknown,Married,Managers,29,8,0,46,1
Unknown,135000,Working,Secondary / Secondary Special,Widow,Unknown,40,3,0,18,1
Unknown,90000,Unknown,Higher Education,Single / Not Married,Drivers,26,5,0,26,1
Female,135000,Working,Secondary / Secondary Special,Married,Core Staff,53,35,0,19,1
Male,207000,Unknown,Unknown,Single / Not Married,Unknown,40,7,0,50,1
Female,450000,Unknown,Unknown,Unknown,Core Staff,40,3,0,18,1
Unknown,180000,Working,Secondary / Secondary Special,Married,Laborers,40,16,0,18,1
Unknown,180000,Working,Unknown,Married,Unknown,52,3,0,4,1
Male,234000,Working,Secondary / Secondary Special,Married,High Skill Tech Staff,40,7,0,34,1
Male,360000,Commercial Associate,Unknown,Unknown,Managers,40,7,0,18,1
Unknown,225000,Commercial Associate,Unknown,Civil Marriage,Sales Staff,54,7,0,18,1
Unknown,81000,Working,Unknown,Married,Cleaning Staff,65,7,0,18,1
Male,315000,Working,Unknown,Unknown,Drivers,49,7,0,20,1
Unknown,225000,Unknown,Secondary / Secondary Special,Unknown,Unknown,40,6,0,5,1
Unknown,225000,State Servant,Higher Education,Married,Unknown,40,7,0,18,1
Unknown,360000,Unknown,Higher Education,Married,Unknown,40,7,0,14,1
Unknown,315000,Working,Unknown,Unknown,Unknown,33,6,0,18,1
Unknown,225000,Working,Unknown,Single / Not Married,Laborers,40,11,0,18,1
Unknown,144000,Unknown,Secondary / Secondary Special,Unknown,Sales Staff,46,28,0,18,1
Female,121500,Unknown,Unknown,Married,Unknown,40,7,0,5,1
Female,112500,Working,Secondary / Secondary Special,Unknown,Sales Staff,40,4,0,18,1
Female,135000,Working,Unknown,Unknown,Laborers,44,10,0,18,1
Unknown,270000,Commercial Associate,Unknown,Unknown,Unknown,40,16,0,18,1
Female,67500,Commercial Associate,Higher Education,Unknown,Unknown,31,7,0,42,1
Unknown,225000,Working,Higher Education,Unknown,Unknown,40,7,0,18,1
Male,216000,Unknown,Higher Education,Married,Unknown,53,7,1,18,1
Unknown,103500,Unknown,Unknown,Unknown,Unknown,62,7,0,18,1
Female,90000,Unknown,Unknown,Married,Laborers,40,7,0,18,1
Female,360000,Working,Incomplete Higher,Married,Unknown,35,7,2,41,1
Female,202500,State Servant,Unknown,Married,Unknown,40,7,0,21,1
Unknown,90000,Commercial Associate,Unknown,Unknown,Unknown,51,4,0,18,1
Unknown,112500,Unknown,Secondary / Secondary Special,Unknown,Unknown,36,7,0,13,1
Unknown,270000,Working,Unknown,Married,Realty Agents,40,8,0,2,1
Female,148500,Working,Higher Education,Married,Core Staff,49,3,1,18,1
Female,157500,Working,Unknown,Married,Unknown,42,7,0,46,1
Female,234000,Working,Secondary / Secondary Special,Civil Marriage,Cleaning Staff,41,3,0,21,1
Female,112500,Unknown,Incomplete Higher,Unknown,Unknown,30,10,0,31,1
Female,62654,Unknown,Unknown,Separated,Sales Staff,54,7,0,7,1
Unknown,121500,Unknown,Secondary / Secondary Special,Unknown,Laborers,38,1,0,1,1
Female,315000,Commercial Associate,Higher Education,Married,Sales Staff,45,1,0,18,1
Male,222750,Working,Unknown,Unknown,Unknown,47,7,0,54,1
Female,90000,Working,Unknown,Unknown,Laborers,32,7,0,18,1
Female,247500,Unknown,Secondary / Secondary Special,Married,Unknown,50,7,0,18,1
Male,103500,Unknown,Secondary / Secondary Special,Unknown,Managers,34,13,0,18,1
Male,247500,Working,Unknown,Unknown,Drivers,50,4,0,48,1
Female,252000,Unknown,Unknown,Widow,Managers,46,23,0,33,1
Female,121500,Working,Secondary / Secondary Special,Unknown,Laborers,40,1,0,18,1
Unknown,135000,State Servant,Unknown,Married,Unknown,43,7,0,4,1
Male,517500,Commercial Associate,Higher Education,Single / Not Married,Core Staff,30,7,0,20,1
Unknown,157500,Unknown,Secondary / Secondary Special,Married,Sales Staff,30,7,0,18,1
Unknown,270000,Unknown,Secondary / Secondary Special,Civil Marriage,Drivers,47,4,0,13,1
Male,180000,Working,Secondary / Secondary Special,Single / Not Married,Laborers,41,5,0,18,1
Unknown,67500,Working,Secondary / Secondary Special,Unknown,Unknown,40,7,0,3,1
Unknown,270000,Working,Secondary / Secondary Special,Unknown,Unknown,34,7,0,35,1
Unknown,103500,Working,Secondary / Secondary Special,Married,Laborers,56,7,0,18,1
Male,405000,Unknown,Higher Education,Married,Managers,32,7,0,18,1
Male,157500,Commercial Associate,Higher Education,Separated,Unknown,40,4,1,13,1
Unknown,112500,Working,Unknown,Married,High Skill Tech Staff,51,7,0,18,1
Female,247500,Unknown,Secondary / Secondary Special,Civil Marriage,Laborers,40,1,0,18,1
Unknown,216000,Commercial Associate,Higher Education,Unknown,Laborers,40,6,0,5,1
Male,180000,Working,Unknown,Single / Not Married,Unknown,40,2,0,49,1
Female,180000,Commercial Associate,Secondary / Secondary Special,Married,Managers,23,7,0,4,1
Unknown,450000,Unknown,Higher Education,Single / Not Married,Unknown,56,9,0,23,1
Male,337500,Unknown,Unknown,Unknown,Core Staff,32,10,0,6,1
Female,180000,Working,Unknown,Married,Laborers,29,7,0,2,1
Unknown,247500,Unknown,Secondary / Secondary Special,Married,Drivers,40,5,0,23,1
Unknown,157500,Unknown,Unknown,Married,Core Staff,39,7,0,22,1
Female,207000,Working,Secondary / Secondary Special,Single / Not Married,Cooking Staff,40,7,0,43,1
Female,157500,Unknown,Unknown,Unknown,Managers,40,7,0,7,1
Female,112500,Working,Secondary / Secondary Special,Single / Not Married,Unknown,40,7,0,8,1
Male,157500,Commercial Associate,Secondary / Secondary Special,Unknown,Laborers,43,8,0,18,1
Female,270000,State Servant,Higher Education,Unknown,Accountants,32,7,0,18,1
Female,166500,Working,Higher Education,Unknown,Core Staff,59,7,0,18,1
Female,675000,Commercial Associate,Higher Education,Married,Unknown,40,7,0,21,1
Unknown,103500,Unknown,Secondary / Secondary Special,Unknown,Managers,40,36,0,14,1
Unknown,225000,Unknown,Unknown,Single / Not Married,Unknown,29,7,0,18,1
Female,315000,Unknown,Higher Education,Married,Unknown,38,7,0,21,1
Female,180000,Unknown,Unknown,Unknown,Unknown,40,7,2,18,1
Male,247500,Working,Unknown,Unknown,Core Staff,44,11,0,52,1
Unknown,157500,Working,Secondary / Secondary Special,Civil Marriage,Drivers,37,2,0,18,1
Female,202500,Working,Secondary / Secondary Special,Widow,Unknown,40,7,0,19,1
Unknown,270000,Commercial Associate,Higher Education,Unknown,Accountants,49,2,0,4,1
Unknown,202500,Working,Secondary / Secondary Special,Married,Laborers,44,7,0,61,1
Female,94500,Working,Secondary / Secondary Special,Married,Unknown,40,19,0,18,1
Female,256500,Unknown,Higher Education,Married,Hr Staff,31,8,0,8,1
Unknown,225000,Unknown,Unknown,Married,Drivers,40,7,0,45,1
Unknown,90000,Unknown,Secondary / Secondary Special,Unknown,Unknown,40,2,0,50,1
Male,202500,Working,Secondary / Secondary Special,Married,Unknown,33,10,0,1,1
Female,202500,Unknown,Secondary / Secondary Special,Unknown,Unknown,44,16,0,18,1
Unknown,225000,Commercial Associate,Secondary / Secondary Special,Civil Marriage,Unknown,41,10,0,18,1
Female,112500,Working,Secondary / Secondary Special,Married,Unknown,40,7,1,21,1
Unknown,135000,Working,Secondary / Secondary Special,Married,Unknown,44,7,0,4,1
Male,180000,Working,Lower Secondary,Single / Not Married,Unknown,33,7,2,33,1
Unknown,225000,Unknown,Unknown,Unknown,High Skill Tech Staff,35,7,6,33,1
Female,207000,Working,Unknown,Married,Core Staff,40,19,6,47,1
Unknown,144000,Commercial Associate,Higher Education,Married,Unknown,53,7,0,18,1
Female,234000,Commercial Associate,Secondary / Secondary Special,Married,Unknown,30,7,0,18,1
Female,112500,Unknown,Unknown,Unknown,Core Staff,35,4,0,18,1
Male,202500,Unknown,Unknown,Unknown,Cleaning Staff,40,10,0,32,1
Male,157500,Commercial Associate,Higher Education,Unknown,Unknown,26,1,0,7,1
Male,225000,Unknown,Unknown,Single / Not Married,Unknown,40,2,0,18,1
Unknown,270000,Unknown,Higher Education,Unknown,Managers,48,2,0,4,1
Female,135000,Working,Unknown,Unknown,Medicine Staff,29,7,0,15,1
Female,292500,Working,Incomplete Higher,Married,Sales Staff,40,12,0,19,1
Male,216000,Commercial Associate,Higher Education,Separated,Unknown,40,7,0,8,1
Unknown,81000,Unknown,Secondary / Secondary Special,Unknown,Sales Staff,33,8,3,18,1
Female,135000,Working,Secondary / Secondary Special,Civil Marriage,Managers,45,27,0,18,1
Male,135000,Working,Secondary / Secondary Special,Unknown,Drivers,47,7,0,18,1
Unknown,135000,Working,Secondary / Secondary Special,Married,Managers,40,9,0,24,1
Female,225000,Unknown,Unknown,Married,Laborers,51,7,0,42,1
Unknown,135000,Working,Unknown,Married,Unknown,32,7,0,18,1
Female,112500,Working,Secondary / Secondary Special,Married,Sales Staff,36,1,0,18,1
Male,112500,Working,Unknown,Unknown,Laborers,44,4,0,18,1
Unknown,180000,Unknown,Unknown,Unknown,Unknown,29,8,0,18,1
Male,90000,Unknown,Secondary / Secondary Special,Unknown,Unknown,40,1,0,16,1
Unknown,144000,Working,Unknown,Unknown,Unknown,41,2,0,61,1
Female,202500,Working,Secondary / Secondary Special,Married,Unknown,40,23,0,56,1
Unknown,225000,Unknown,Unknown,Unknown,Accountants,42,7,0,12,1
Unknown,67500,State Servant,Unknown,Married,Unknown,40,7,0,18,1
Female,112500,Unknown,Unknown,Married,Cooking Staff,42,7,0,4,1
Unknown,135000,Commercial Associate,Secondary / Secondary Special,Unknown,Managers,53,7,0,3,1
Unknown,180000,Commercial Associate,Unknown,Married,Unknown,65,17,0,18,1
Unknown,112500,Unknown,Secondary / Secondary Special,Married,Laborers,40,7,0,18,1
Unknown,157500,Working,Secondary / Secondary Special,Married,Unknown,40,41,0,32,1
Unknown,360000,Unknown,Unknown,Unknown,Drivers,48,9,1,23,1
Unknown,315000,Commercial Associate,Incomplete Higher,Unknown,Unknown,31,2,0,18,1
Unknown,90000,Commercial Associate,Secondary / Secondary Special,Married,Unknown,40,6,0,17,1
Male,220500,Unknown,Secondary / Secondary Special,Unknown,Unknown,54,3,0,18,1
Female,157500,Commercial Associate,Higher Education,Unknown,Accountants,40,7,0,18,1
Unknown,225000,Unknown,Secondary / Secondary Special,Unknown,Laborers,35,5,0,15,1
Unknown,180000,Unknown,Unknown,Married,Core Staff,40,7,0,18,1
Unknown,112500,Unknown,Unknown,Married,Laborers,36,7,0,38,1
Unknown,157500,Working,Secondary / Secondary Special,Unknown,Sales Staff,40,4,0,37,1
Unknown,270000,Unknown,Unknown,Married,Unknown,38,8,0,18,1
Female,202500,Unknown,Unknown,Married,Managers,49,16,0,6,1
Female,180000,Unknown,Higher Education,Widow,Secretaries,40,6,0,50,1
Unknown,90000,Unknown,Secondary / Secondary Special,Married,Drivers,42,4,0,17,1
Unknown,135000,Working,Secondary / Secondary Special,Married,Laborers,40,9,0,18,1
Unknown,157500,Unknown,Unknown,Married,Unknown,40,10,0,3,1
Unknown,351000,Unknown,Secondary / Secondary Special,Single / Not Married,Unknown,48,7,0,18,1
Female,135000,Commercial Associate,Secondary / Secondary Special,Married,Unknown,40,7,0,2,1
Female,76500,Unknown,Secondary / Secondary Special,Unknown,Unknown,40,7,0,7,1
Female,90000,Working,Secondary / Secondary Special,Unknown,Laborers,53,2,0,18,1
Male,81000,Unknown,Secondary / Secondary Special,Married,Laborers,40,7,3,8,1
Unknown,427500,Working,Secondary / Secondary Special,Unknown,Managers,40,5,0,31,1
Male,81000,Unknown,Unknown,Single / Not Married,Laborers,28,6,0,18,1
Unknown,270000,Commercial Associate,Higher Education,Unknown,Private Service Staff,40,9,0,18,1
Female,180000,Unknown,Secondary / Secondary Special,Married,Laborers,45,17,0,18,1
Female,121500,Unknown,Higher Education,Unknown,Unknown,33,7,0,18,1
Male,292500,Unknown,Secondary / Secondary Special,Married,Drivers,40,2,0,16,1
Unknown,157500,Working,Higher Education,Single / Not Married,Laborers,61,30,0,18,1
Female,157500,Unknown,Unknown,Unknown,Managers,53,9,0,20,1
Female,112500,Unknown,Unknown,Unknown,Unknown,52,13,0,18,1
Unknown,135000,Unknown,Unknown,Married,Unknown,30,6,0,2,1
Female,72000,Unknown,Secondary / Secondary Special,Single / Not Married,Unknown,40,5,0,15,1
Female,180000,Unknown,Higher Education,Married,Core Staff,40,10,0,18,1
Male,225000,Unknown,Unknown,Married,Drivers,38,4,0,18,1
Male,225000,Commercial Associate,Unknown,Unknown,Sales Staff,34,11,0,18,1
Unknown,270000,Working,Secondary / Secondary Special,Single / Not Married,Unknown,46,27,0,45,1
Male,180000,Unknown,Lower Secondary,Married,Laborers,40,7,0,23,1
Male,202500,Working,Secondary / Secondary Special,Married,Core Staff,40,5,0,9,1
Unknown,108000,Working,Unknown,Unknown,Core Staff,40,17,0,7,1
Unknown,157500,Working,Unknown,Married,Drivers,30,3,0,34,1
Unknown,90000,Unknown,Secondary / Secondary Special,Married,Core Staff,48,4,0,18,1
Female,157500,Working,Incomplete Higher,Unknown,Managers,34,3,0,25,1
Female,63000,Unknown,Secondary / Secondary Special,Civil Marriage,Unknown,40,7,0,18,1
Female,225000,Unknown,Unknown,Single / Not Married,Unknown,40,7,0,13,1
Female,157500,Working,Secondary / Secondary Special,Single / Not Married,Secretaries,40,4,0,18,1
Unknown,270000,State Servant,Unknown,Unknown,Medicine Staff,40,7,0,18,1
Female,157500,Unknown,Unknown,Unknown,Unknown,40,6,0,31,1
Female,157500,Unknown,Unknown,Married,Drivers,40,7,0,10,1
Unknown,135000,Working,Secondary / Secondary Special,Married,Unknown,40,23,0,18,1
Male,135000,Commercial Associate,Secondary / Secondary Special,Single / Not Married,Sales Staff,22,2,0,1,1
Unknown,112500,Working,Unknown,Unknown,Sales Staff,33,5,3,33,1
Unknown,90000,Unknown,Unknown,Unknown,Unknown,44,7,0,31,1
Male,267750,Working,Higher Education,Married,Laborers,40,7,0,18,1
Female,135000,State Servant,Secondary / Secondary Special,Unknown,Unknown,58,7,0,5,1
Male,157500,Unknown,Secondary / Secondary Special,Married,Drivers,40,7,0,27,1
Unknown,270000,Unknown,Secondary / Secondary Special,Unknown,Unknown,40,17,0,28,1
Male,279000,Unknown,Secondary / Secondary Special,Unknown,Unknown,51,2,0,18,1
Unknown,337500,Working,Unknown,Unknown,Managers,37,15,0,19,1
Unknown,135000,Unknown,Unknown,Married,Unknown,38,7,0,18,1
Male,360000,Unknown,Unknown,Married,Unknown,40,7,0,12,1
Male,292500,Unknown,Secondary / Secondary Special,Married,High Skill Tech Staff,40,7,0,8,1
Female,202500,Unknown,Unknown,Unknown,Unknown,36,3,0,4,1
Unknown,103500,Working,Secondary / Secondary Special,Unknown,Sales Staff,33,7,0,18,1
Female,90000,Working,Unknown,Separated,Unknown,32,2,0,23,1
Female,103500,Commercial Associate,Higher Education,Married,High Skill Tech Staff,36,7,0,59,1
Unknown,247500,Commercial Associate,Unknown,Married,It Staff,29,7,0,18,1
Female,225000,Unknown,Unknown,Unknown,High Skill Tech Staff,34,7,0,10,1
Unknown,270000,Unknown,Secondary / Secondary Special,Married,Managers,40,7,0,22,1
Unknown,90000,State Servant,Secondary / Secondary Special,Unknown,Unknown,40,7,0,18,1
Female,112500,Working,Higher Education,Married,Core Staff,40,3,0,27,1
Female,180000,Unknown,Secondary / Secondary Special,Married,Laborers,29,7,0,18,1
Female,103500,Commercial Associate,Unknown,Unknown,Laborers,51,2,0,18,1
Male,135000,Working,Higher Education,Married,Unknown,35,5,0,17,1
Unknown,99000,Unknown,Secondary / Secondary Special,Civil Marriage,Unknown,61,15,0,18,1
Unknown,382500,Unknown,Unknown,Unknown,Laborers,29,7,0,4,1
Female,157500,Unknown,Secondary / Secondary Special,Unknown,Drivers,50,7,0,9,1
Female,180000,State Servant,Secondary / Secondary Special,Unknown,Core Staff,40,13,0,46,1
Female,90000,Unknown,Secondary / Secondary Special,Married,Laborers,40,11,0,18,1
Unknown,90000,Unknown,Higher Education,Separated,Core Staff,51,25,0,18,1
Male,225000,Commercial Associate,Secondary / Secondary Special,Single / Not Married,Managers,48,7,0,18,1
Unknown,247500,Unknown,Incomplete Higher,Married,Unknown,40,1,0,3,1
Unknown,405000,Unknown,Secondary / Secondary Special,Married,Unknown,35,4,0,29,1
Unknown,153000,State Servant,Secondary / Secondary Special,Unknown,Drivers,52,5,0,36,1
Female,90000,Working,Higher Education,Unknown,Core Staff,40,5,0,5,1
Unknown,189000,Working,Secondary / Secondary Special,Married,Unknown,44,6,0,18,1
Female,157500,Unknown,Unknown,Unknown,Core Staff,29,7,0,18,1
Female,306000,State Servant,Higher Education,Unknown,Unknown,35,16,0,24,1
Unknown,157500,Unknown,Incomplete Higher,Married,Managers,34,3,0,11,1
Female,180000,Commercial Associate,Unknown,Unknown,Unknown,57,7,0,2,1
Female,337500,Commercial Associate,Unknown,Unknown,Accountants,40,2,0,20,1
Unknown,126000,Working,Secondary / Secondary Special,Separated,Unknown,47,5,0,18,1
Female,360000,Working,Secondary / Secondary Special,Unknown,High Skill Tech Staff,40,3,0,17,1
Female,112500,Commercial Associate,Secondary / Secondary Special,Civil Marriage,Sales Staff,40,7,0,3,1
Unknown,337500,Commercial Associate,Higher Education,Unknown,Accountants,40,2,0,41,1
Unknown,135000,Working,Higher Education,Single / Not Married,Cooking Staff,40,1,0,55,1
Female,81000,Working,Secondary / Secondary Special,Married,Sales Staff,45,7,0,24,1
Unknown,135000,Unknown,Unknown,Unknown,Laborers,40,7,0,18,1
Unknown,180000,Working,Secondary / Secondary Special,Married,Cleaning Staff,52,7,0,18,1
Male,112500,Working,Unknown,Married,Laborers,40,11,0,32,1
Female,144000,Working,Secondary / Secondary Special,Married,Unknown,48,3,0,22,1
Female,180000,Unknown,Secondary / Secondary Special,Married,Sales Staff,38,2,0,7,1
Female,225000,Unknown,Higher Education,Single / Not Married,Unknown,39,9,0,38,1
Unknown,67500,Unknown,Unknown,Married,Unknown,25,7,6,18,1
Female,162000,Unknown,Unknown,Unknown,Unknown,40,7,0,8,1
Female,112500,Working,Unknown,Unknown,Unknown,48,7,0,24,1
Female,157500,Commercial Associate,Higher Education,Unknown,Accountants,40,7,0,18,1
Unknown,315000,Working,Unknown,Married,Unknown,47,4,0,18,1
Male,135000,Working,Unknown,Unknown,Low-Skill Laborers,40,7,0,34,1
Unknown,247500,Working,Unknown,Unknown,Laborers,30,7,0,37,1
Male,225000,Commercial Associate,Unknown,Married,Unknown,41,7,0,31,1
Unknown,162000,Commercial Associate,Unknown,Unknown,Core Staff,40,12,0,23,1
Unknown,202500,Unknown,Unknown,Civil Marriage,Unknown,38,5,0,4,1
Unknown,225000,Working,Unknown,Married,Security Staff,41,5,0,4,1
Female,202500,Working,Unknown,Married,Unknown,40,7,0,6,1
Male,135000,Unknown,Secondary / Secondary Special,Single / Not Married,Unknown,48,7,0,18,1
Female,225000,Unknown,Higher Education,Unknown,High Skill Tech Staff,39,5,0,18,1
Female,180000,Unknown,Unknown,Civil Marriage,Medicine Staff,29,6,0,20,1
Female,99000,Working,Higher Education,Unknown,Core Staff,40,7,0,4,1
Unknown,360000,Unknown,Higher Education,Widow,Unknown,46,7,0,18,1
Male,135000,Working,Higher Education,Married,Managers,40,7,0,18,1
Unknown,135000,Unknown,Unknown,Married,Unknown,40,6,0,2,1
Unknown,90000,Unknown,Secondary / Secondary Special,Married,Unknown,40,4,0,18,1
Unknown,202500,Working,Unknown,Unknown,Unknown,30,7,0,22,1
Female,270000,Working,Secondary / Secondary Special,Civil Marriage,Sales Staff,40,5,0,14,1
Unknown,135000,Unknown,Unknown,Unknown,Sales Staff,41,7,0,18,1
Female,135000,Working,Unknown,Unknown,Unknown,40,7,0,8,1
Unknown,90000,Commercial Associate,Secondary / Secondary Special,Unknown,Unknown,40,7,0,18,1
Male,202500,Unknown,Unknown,Unknown,Managers,51,7,0,44,1
Unknown,76500,Unknown,Unknown,Married,Laborers,45,6,0,29,1
Unknown,247500,Unknown,Unknown,Single / Not Married,Unknown,33,6,0,12,1
Unknown,360000,Unknown,Secondary / Secondary Special,Married,Managers,46,7,0,18,1
Unknown,202500,Working,Unknown,Married,Core Staff,40,7,0,18,1
Unknown,270000,State Servant,Secondary / Secondary Special,Separated,Unknown,54,34,0,27,1
Unknown,166500,Commercial Associate,Unknown,Unknown,Unknown,40,8,0,6,1
Female,292500,Unknown,Unknown,Civil Marriage,Laborers,52,7,0,18,1
Female,202500,Unknown,Secondary / Secondary Special,Unknown,Unknown,40,7,0,18,1
Male,360000,Working,Higher Education,Married,Unknown,55,7,0,7,1
Male,616500,Commercial Associate,Higher Education,Married,Managers,37,12,0,7,1
Female,112500,Working,Unknown,Married,Unknown,51,7,0,18,1
Male,225000,Commercial Associate,Secondary / Secondary Special,Married,Unknown,40,7,0,18,1
Unknown,90000,Working,Unknown,Civil Marriage,Laborers,36,1,0,50,1
Unknown,292500,Unknown,Secondary / Secondary Special,Single / Not Married,Realty Agents,37,7,0,12,1
Unknown,180000,Unknown,Unknown,Civil Marriage,Drivers,41,2,0,18,1
Unknown,180000,Working,Higher Education,Unknown,Unknown,44,5,0,18,1
Unknown,157500,Unknown,Unknown,Married,Unknown,40,4,0,12,1
Unknown,157500,State Servant,Unknown,Single / Not Married,Unknown,40,4,0,18,1
Unknown,135000,State Servant,Unknown,Single / Not Married,High Skill Tech Staff,40,7,0,9,1
Unknown,202500,Unknown,Unknown,Unknown,Unknown,40,7,0,7,1
Unknown,225000,Unknown,Secondary / Secondary Special,Married,Drivers,40,7,0,49,1
Unknown,105750,Working,Secondary / Secondary Special,Unknown,Cleaning Staff,35,4,0,18,1
Unknown,225000,Unknown,Unknown,Unknown,Low-Skill Laborers,37,7,1,18,1
Male,103500,Working,Unknown,Unknown,Unknown,54,7,0,18,1
Unknown,171000,Working,Secondary / Secondary Special,Married,Unknown,38,16,1,47,1
Male,427500,Working,Higher Education,Married,Unknown,46,5,0,25,1
Female,180000,Commercial Associate,Incomplete Higher,Unknown,Unknown,50,14,0,18,1
Unknown,162000,Unknown,Higher Education,Unknown,Managers,40,5,0,18,1
Female,225000,Working,Unknown,Unknown,Unknown,50,7,0,20,1
Unknown,292500,Commercial Associate,Secondary / Secondary Special,Married,Laborers,37,4,0,18,1
Unknown,112500,State Servant,Unknown,Married,Unknown,58,7,0,59,1
Female,135000,State Servant,Secondary / Secondary Special,Unknown,Unknown,40,17,0,25,1
Male,135000,Unknown,Secondary / Secondary Special,Unknown,Drivers,40,2,0,18,1
Unknown,121500,Unknown,Unknown,Married,Core Staff,40,1,0,17,1
Male,180000,Working,Secondary / Secondary Special,Married,Unknown,44,4,0,34,1
Female,171000,Unknown,Unknown,Unknown,Managers,40,7,0,18,1
Female,112500,Unknown,Unknown,Married,Accountants,40,7,0,17,1
Unknown,90000,Working,Secondary / Secondary Special,Civil Marriage,Laborers,40,7,0,18,1
Unknown,135000,Working,Secondary / Secondary Special,Separated,Cooking Staff,40,14,0,37,1
Unknown,135000,Working,Secondary / Secondary Special,Unknown,Laborers,45,7,0,6,1
Unknown,135000,Working,Unknown,Married,Waiters/Barmen Staff,40,3,0,7,1
Female,225000,Commercial Associate,Secondary / Secondary Special,Unknown,Private Service Staff,35,5,0,28,1
Unknown,139500,State Servant,Unknown,Unknown,Unknown,40,24,0,11,1
Male,139500,Working,Secondary / Secondary Special,Unknown,Drivers,51,23,0,4,1
Unknown,135000,Working,Secondary / Secondary Special,Unknown,Unknown,40,7,0,18,1
Male,135000,Unknown,Unknown,Married,Laborers,26,4,0,11,1
Unknown,157500,Unknown,Unknown,Married,Accountants,40,7,1,11,1
Female,180000,Commercial Associate,Unknown,Unknown,Unknown,57,2,0,18,1
Female,135000,Unknown,Unknown,Married,Cooking Staff,40,3,0,18,1
Female,202500,Working,Unknown,Unknown,Unknown,32,13,0,18,1
Unknown,153000,Unknown,Unknown,Single / Not Married,Laborers,40,4,1,18,1
Unknown,135000,Commercial Associate,Secondary / Secondary Special,Single / Not Married,Unknown,40,21,0,18,1
Female,72000,Working,Unknown,Married,Medicine Staff,42,7,23,17,0
Unknown,135000,Working,Secondary / Secondary Special,Unknown,Unknown,52,20,0,46,1
Female,135000,Working,Secondary / Secondary Special,Single / Not Married,Cleaning Staff,55,7,0,8,1
Female,247500,Working,Unknown,Unknown,Sales Staff,42,7,0,12,1
Unknown,180000,Working,Lower Secondary,Married,Unknown,40,7,0,5,1
Male,180000,Working,Secondary / Secondary Special,Married,Unknown,40,5,0,18,1
Male,292500,Unknown,Secondary / Secondary Special,Separated,Laborers,35,7,0,15,1
Male,585000,Unknown,Secondary / Secondary Special,Unknown,Drivers,46,7,0,43,1
Male,135000,Working,Unknown,Married,Drivers,49,2,0,18,1
Unknown,135000,Working,Higher Education,Married,Sales Staff,32,6,0,26,1
Female,247500,Working,Unknown,Unknown,Laborers,40,7,0,18,1
Unknown,247500,Unknown,Secondary / Secondary Special,Unknown,Unknown,40,13,0,18,1
Female,126000,Unknown,Unknown,Single / Not Married,Unknown,23,2,0,2,1
Female,256500,Commercial Associate,Higher Education,Married,Hr Staff,31,8,0,8,1
Male,180000,Working,Unknown,Civil Marriage,Laborers,40,7,1,18,1
Female,238500,Unknown,Secondary / Secondary Special,Unknown,Core Staff,47,7,0,18,1
Male,216000,Commercial Associate,Unknown,Unknown,Unknown,30,7,0,47,1
Female,135000,Working,Secondary / Secondary Special,Married,Unknown,44,7,0,18,1
Female,157500,Working,Unknown,Unknown,Sales Staff,40,8,0,18,1
Female,135000,Unknown,Secondary / Secondary Special,Married,Unknown,58,7,0,45,1
Female,135000,Working,Unknown,Unknown,Unknown,43,9,0,18,1
Male,202500,Working,Secondary / Secondary Special,Unknown,Unknown,37,4,0,18,1
Unknown,180000,Working,Unknown,Single / Not Married,Unknown,40,9,0,21,1
Male,225000,Commercial Associate,Higher Education,Married,Unknown,61,7,0,35,1
Unknown,135000,Working,Secondary / Secondary Special,Married,Security Staff,31,1,0,18,1
Male,270000,Working,Secondary / Secondary Special,Single / Not Married,Laborers,40,5,0,3,1
Unknown,157500,Working,Secondary / Secondary Special,Unknown,Unknown,40,8,0,11,1
Unknown,405000,Unknown,Unknown,Unknown,Core Staff,40,7,0,18,1
Female,135000,Working,Unknown,Unknown,Unknown,41,3,0,18,1
Unknown,270000,Unknown,Incomplete Higher,Unknown,Unknown,31,10,0,23,1
Female,202500,Working,Unknown,Separated,Laborers,40,12,0,51,1
Female,166500,Working,Unknown,Unknown,Laborers,34,9,1,18,1
Unknown,135000,Unknown,Secondary / Secondary Special,Married,Security Staff,49,7,0,11,1
Male,157500,Working,Unknown,Civil Marriage,Drivers,40,4,0,18,1
Unknown,202500,Working,Unknown,Married,Unknown,39,1,0,18,1
Unknown,270000,Unknown,Unknown,Unknown,Unknown,39,5,0,19,1
Unknown,157500,Working,Secondary / Secondary Special,Unknown,Unknown,48,4,0,18,1
Female,90000,Unknown,Secondary / Secondary Special,Unknown,Core Staff,53,7,0,51,1
Male,202500,Unknown,Secondary / Secondary Special,Married,Laborers,40,4,0,18,1
Unknown,135000,Unknown,Secondary / Secondary Special,Married,Unknown,35,7,0,21,1
Female,189000,Unknown,Secondary / Secondary Special,Married,High Skill Tech Staff,40,7,0,18,1
Male,270000,Commercial Associate,Secondary / Secondary Special,Married,Drivers,50,7,0,18,1
Male,270000,Unknown,Secondary / Secondary Special,Married,Unknown,28,4,0,18,1
Male,360000,Commercial Associate,Incomplete Higher,Married,Managers,55,2,0,18,1
Female,234000,Unknown,Secondary / Secondary Special,Unknown,Unknown,52,7,0,17,1
Male,225000,Unknown,Unknown,Married,Managers,39,7,0,4,1
Female,270000,Unknown,Secondary / Secondary Special,Unknown,Sales Staff,52,7,0,27,1
Unknown,270000,Working,Unknown,Unknown,Drivers,45,3,0,13,1
Male,675000,Commercial Associate,Higher Education,Unknown,Unknown,40,9,0,18,1
Male,337500,Working,Unknown,Married,Managers,40,15,5,28,1
Female,135000,Working,Unknown,Married,Core Staff,29,5,0,18,1
Female,157500,Unknown,Higher Education,Unknown,Unknown,41,7,0,18,1
Male,112500,Unknown,Unknown,Separated,Unknown,40,5,0,13,1
Unknown,180000,Commercial Associate,Unknown,Unknown,Unknown,40,10,1,18,1
Unknown,180000,Working,Unknown,Married,Unknown,52,3,0,4,1
Female,72000,Unknown,Unknown,Unknown,Unknown,23,2,2,2,0
Unknown,112500,Unknown,Secondary / Secondary Special,Unknown,Unknown,40,5,1,18,1
Unknown,135000,Working,Secondary / Secondary Special,Married,Core Staff,40,9,0,28,1
Male,310500,Working,Secondary / Secondary Special,Married,Unknown,47,7,0,18,1
Female,81000,Unknown,Secondary / Secondary Special,Married,Sales Staff,55,7,0,12,1
Male,360000,Commercial Associate,Unknown,Unknown,Managers,46,7,0,18,1
Male,225000,Unknown,Unknown,Married,Unknown,30,2,0,9,1
Female,202500,Working,Secondary / Secondary Special,Separated,Cleaning Staff,40,7,0,52,1
Male,315000,Working,Secondary / Secondary Special,Unknown,Unknown,39,7,0,18,1
Male,225000,Unknown,Higher Education,Unknown,Unknown,50,6,0,40,1
Unknown,247500,Unknown,Unknown,Single / Not Married,Unknown,24,7,0,18,1
Unknown,180000,State Servant,Higher Education,Married,Core Staff,39,7,0,18,1
Female,315000,Unknown,Unknown,Unknown,Unknown,45,7,0,12,1
Unknown,202500,Working,Lower Secondary,Married,Unknown,41,7,0,2,1
Female,135000,Working,Secondary / Secondary Special,Married,Unknown,40,7,0,18,1
Female,225000,Unknown,Secondary / Secondary Special,Civil Marriage,Unknown,37,7,0,10,1
Male,360000,Unknown,Higher Education,Unknown,Managers,40,8,0,18,1
Female,90000,Working,Secondary / Secondary Special,Single / Not Married,Laborers,29,3,0,18,1
Female,202500,Commercial Associate,Secondary / Secondary Special,Married,Managers,36,7,0,18,1
Unknown,119250,Working,Secondary / Secondary Special,Civil Marriage,Drivers,40,7,0,33,1
Unknown,180000,Commercial Associate,Higher Education,Separated,Unknown,40,7,0,1,1
Female,180000,Commercial Associate,Secondary / Secondary Special,Married,Unknown,40,4,0,40,1
Unknown,360000,State Servant,Secondary / Secondary Special,Married,Unknown,51,7,0,32,1
Male,211500,Unknown,Secondary / Secondary Special,Married,Core Staff,42,21,4,4,0
Unknown,495000,Commercial Associate,Higher Education,Unknown,Core Staff,40,5,2,18,1
Male,135000,Working,Secondary / Secondary Special,Married,Unknown,41,10,4,25,1
Male,180000,Unknown,Secondary / Secondary Special,Married,Drivers,40,7,1,28,1
Female,225000,Unknown,Unknown,Married,Unknown,40,9,0,18,1
Unknown,216000,Unknown,Secondary / Secondary Special,Separated,Core Staff,31,8,0,17,1
Unknown,315000,State Servant,Secondary / Secondary Special,Married,High Skill Tech Staff,37,10,0,38,1
Unknown,256500,Commercial Associate,Higher Education,Married,Unknown,40,8,0,18,1
Female,148500,Working,Unknown,Married,High Skill Tech Staff,40,3,0,18,1
Unknown,135000,Working,Secondary / Secondary Special,Unknown,Cooking Staff,33,7,0,18,1
Female,270000,Commercial Associate,Unknown,Married,Sales Staff,40,5,0,18,1
Female,450000,Working,Secondary / Secondary Special,Married,Laborers,40,7,0,12,1
Male,112500,Working,Secondary / Secondary Special,Unknown,Laborers,40,6,0,34,1
Unknown,387000,Unknown,Higher Education,Unknown,Managers,40,2,0,31,1
Female,157500,Unknown,Secondary / Secondary Special,Unknown,Sales Staff,40,7,4,36,1
Female,135000,Unknown,Secondary / Secondary Special,Married,Sales Staff,44,7,0,18,1
Unknown,135000,Unknown,Secondary / Secondary Special,Unknown,Unknown,57,7,0,18,1
Male,135000,Working,Unknown,Married,Unknown,38,7,0,39,1
Male,112500,Working,Unknown,Unknown,Laborers,40,7,0,18,1
Unknown,135000,Working,Higher Education,Unknown,Sales Staff,40,2,0,9,1
Female,153000,Working,Secondary / Secondary Special,Married,Security Staff,41,8,0,18,1
Unknown,90000,Unknown,Secondary / Secondary Special,Married,Medicine Staff,40,7,0,29,1
Unknown,135000,Unknown,Secondary / Secondary Special,Married,Unknown,67,9,0,18,1
Unknown,202500,Unknown,Unknown,Married,Laborers,40,11,0,7,1
Female,135000,Working,Unknown,Civil Marriage,Laborers,40,4,0,18,1
Male,202500,Working,Unknown,Civil Marriage,Unknown,40,7,0,18,1
Unknown,90000,Working,Secondary / Secondary Special,Unknown,Unknown,40,2,0,21,1
Unknown,225000,State Servant,Unknown,Married,High Skill Tech Staff,30,5,0,30,1
Unknown,157500,Unknown,Secondary / Secondary Special,Married,Drivers,45,4,6,20,1
Female,189000,Unknown,Secondary / Secondary Special,Married,Sales Staff,40,3,0,25,1
Unknown,292500,Unknown,Secondary / Secondary Special,Married,Medicine Staff,40,39,0,10,1
Female,126000,Working,Unknown,Married,Sales Staff,35,4,0,18,1
Male,450000,Working,Unknown,Married,Managers,54,7,0,13,1
Male,135000,Commercial Associate,Secondary / Secondary Special,Married,Laborers,40,7,0,18,1
Unknown,225000,Working,Secondary / Secondary Special,Civil Marriage,Laborers,40,12,0,18,1
Female,135000,Working,Unknown,Married,Sales Staff,40,6,0,18,1
Unknown,90000,Working,Secondary / Secondary Special,Married,Sales Staff,40,2,0,3,1
Unknown,121500,Working,Unknown,Married,Unknown,26,1,0,32,1
Female,306000,Working,Higher Education,Married,Unknown,40,7,0,16,1
Female,202500,Unknown,Incomplete Higher,Married,Accountants,44,12,0,18,1
Male,81000,Working,Higher Education,Unknown,Low-Skill Laborers,40,1,4,18,1
Female,135000,Unknown,Unknown,Married,Sales Staff,49,12,2,30,1
Male,112500,Working,Higher Education,Unknown,Unknown,40,4,1,22,1
Female,67500,Working,Secondary / Secondary Special,Unknown,Laborers,40,7,0,18,1
Unknown,180000,Working,Secondary / Secondary Special,Married,Unknown,31,7,0,3,1
Unknown,315000,State Servant,Unknown,Unknown,Core Staff,40,7,1,18,1
Unknown,225000,Working,Secondary / Secondary Special,Married,Laborers,40,7,0,18,1
Unknown,67500,Unknown,Secondary / Secondary Special,Unknown,Laborers,62,6,1,34,1
Female,270000,Working,Unknown,Single / Not Married,Unknown,40,4,0,59,1
Unknown,315000,Working,Secondary / Secondary Special,Married,Unknown,40,7,0,18,1
Unknown,126000,Commercial Associate,Unknown,Unknown,Managers,40,7,0,11,1
Unknown,225000,Commercial Associate,Unknown,Civil Marriage,High Skill Tech Staff,40,7,0,8,1
Female,99000,Unknown,Unknown,Unknown,Managers,48,7,0,18,1
Female,202500,Working,Higher Education,Married,Unknown,40,3,0,4,1
Unknown,270000,Unknown,Secondary / Secondary Special,Married,High Skill Tech Staff,37,7,0,18,1
Unknown,135000,Unknown,Secondary / Secondary Special,Unknown,Sales Staff,38,4,0,20,1
Unknown,247500,Commercial Associate,Unknown,Unknown,Unknown,49,7,0,18,1
Unknown,135000,Commercial Associate,Unknown,Unknown,Unknown,40,21,0,11,1
Female,157500,Unknown,Unknown,Unknown,Core Staff,40,7,0,18,1
Unknown,135000,Commercial Associate,Incomplete Higher,Single / Not Married,Accountants,40,1,0,38,1
Unknown,114750,Unknown,Secondary / Secondary Special,Unknown,Security Staff,40,12,0,20,1
Unknown,90000,Unknown,Unknown,Single / Not Married,Core Staff,40,2,0,17,1
Unknown,247500,Unknown,Unknown,Unknown,Medicine Staff,40,24,0,17,1
Unknown,247500,Unknown,Secondary / Secondary Special,Married,Laborers,40,7,1,16,1
Female,315000,Unknown,Higher Education,Married,Unknown,50,28,0,18,1
Unknown,67500,Unknown,Unknown,Married,Laborers,55,7,0,30,1
Male,135000,Working,Incomplete Higher,Single / Not Married,Unknown,27,7,0,14,1
Unknown,135000,Working,Unknown,Married,Unknown,37,2,0,24,1
Male,675000,Unknown,Secondary / Secondary Special,Unknown,Unknown,39,7,0,2,1
Unknown,292500,Unknown,Higher Education,Married,Core Staff,58,14,0,23,1
Male,450000,Working,Unknown,Unknown,Unknown,54,7,1,14,1
Male,247500,Working,Secondary / Secondary Special,Married,Managers,40,10,0,7,1
Female,324000,Unknown,Unknown,Unknown,High Skill Tech Staff,40,5,0,4,1
Female,225000,Unknown,Unknown,Unknown,Cleaning Staff,40,7,0,8,1
Female,108000,Unknown,Secondary / Secondary Special,Unknown,Unknown,40,7,3,11,1
Female,189000,Working,Secondary / Secondary Special,Married,Laborers,40,1,0,42,1
Female,130500,Working,Secondary / Secondary Special,Unknown,Core Staff,40,16,0,6,1
Male,270000,Unknown,Secondary / Secondary Special,Married,Unknown,40,2,0,18,1
Unknown,202500,Working,Unknown,Married,Drivers,33,1,0,18,1
Male,315000,Working,Secondary / Secondary Special,Married,Managers,39,3,0,13,1
Unknown,166500,Working,Secondary / Secondary Special,Married,Unknown,44,8,0,10,1
Female,135000,Working,Unknown,Married,Unknown,40,9,0,44,1
Male,270000,Unknown,Higher Education,Unknown,High Skill Tech Staff,28,7,7,18,1
Female,130500,State Servant,Secondary / Secondary Special,Unknown,Core Staff,35,7,0,18,1
Male,135000,Unknown,Unknown,Unknown,Security Staff,31,7,3,18,1
Unknown,292500,Working,Unknown,Civil Marriage,Unknown,46,7,0,44,1
Unknown,157500,Unknown,Higher Education,Single / Not Married,Unknown,40,7,0,18,1
Unknown,315000,Unknown,Unknown,Married,Managers,39,1,4,46,1
Unknown,247500,Working,Secondary / Secondary Special,Unknown,Core Staff,22,3,0,18,1
Female,202500,Commercial Associate,Secondary / Secondary Special,Married,Laborers,52,7,0,18,1
Male,225000,Unknown,Unknown,Married,Unknown,42,4,0,48,1
Unknown,202500,Unknown,Higher Education,Unknown,Unknown,33,7,0,8,1
Female,135000,Unknown,Secondary / Secondary Special,Married,Laborers,50,7,0,18,1
Unknown,360000,Working,Unknown,Unknown,Unknown,49,7,7,39,1
Male,135000,Working,Lower Secondary,Married,Unknown,40,7,0,10,1
Unknown,135000,Unknown,Higher Education,Unknown,Accountants,36,14,0,18,1
Male,202500,Commercial Associate,Secondary / Secondary Special,Civil Marriage,Laborers,33,5,6,51,1
Unknown,405000,Unknown,Secondary / Secondary Special,Married,Drivers,35,4,0,18,1
Female,99000,Working,Secondary / Secondary Special,Married,Laborers,40,20,0,6,1
Female,157500,Working,Unknown,Unknown,Unknown,40,7,0,2,1
Female,297000,Commercial Associate,Secondary / Secondary Special,Single / Not Married,Unknown,40,7,0,18,1
Male,112500,Working,Higher Education,Married,Accountants,40,7,1,18,1
Unknown,112500,Working,Unknown,Married,Unknown,30,8,0,33,1
Male,292500,Working,Higher Education,Unknown,Unknown,40,2,0,12,1
Female,157500,Unknown,Unknown,Married,Unknown,48,7,0,18,1
Unknown,297000,Commercial Associate,Unknown,Single / Not Married,Unknown,43,9,0,10,1
Female,225000,Working,Unknown,Unknown,Unknown,40,1,0,18,1
Unknown,180000,Unknown,Unknown,Married,Medicine Staff,49,4,0,3,1
Unknown,247500,Working,Unknown,Married,Sales Staff,55,9,0,39,1
Unknown,360000,Unknown,Secondary / Secondary Special,Married,Managers,39,2,0,43,1
Male,202500,Working,Unknown,Married,Drivers,54,7,0,18,1
Female,270000,Working,Unknown,Unknown,Core Staff,40,18,0,48,1
Male,90000,Commercial Associate,Unknown,Unknown,Unknown,46,2,0,15,1
Female,144000,Working,Unknown,Married,Core Staff,48,3,0,18,1
Male,270000,Working,Unknown,Married,Unknown,40,7,0,18,1
Male,148500,Working,Secondary / Secondary Special,Single / Not Married,Laborers,39,7,0,19,1
Unknown,130500,Unknown,Unknown,Unknown,Laborers,45,7,0,30,1
Female,405000,Working,Unknown,Unknown,Accountants,40,11,0,18,1
Female,360000,Working,Secondary / Secondary Special,Married,Managers,29,7,0,18,1
Female,225000,State Servant,Secondary / Secondary Special,Married,Medicine Staff,40,7,0,4,1
Female,144000,Working,Unknown,Married,Medicine Staff,52,7,0,18,1
Unknown,99000,Unknown,Secondary / Secondary Special,Single / Not Married,Core Staff,40,2,0,18,1
Unknown,157500,Unknown,Unknown,Civil Marriage,Managers,42,3,0,18,1
Unknown,126000,Working,Secondary / Secondary Special,Married,Laborers,56,5,0,18,1
Unknown,225000,Unknown,Unknown,Unknown,Unknown,33,7,0,18,1
Male,315000,Working,Secondary / Secondary Special,Unknown,Laborers,33,1,1,15,1
Male,58500,Working,Unknown,Unknown,Cleaning Staff,38,7,0,5,1
Male,135000,Working,Secondary / Secondary Special,Unknown,Unknown,41,7,0,18,1
Female,67500,State Servant,Unknown,Unknown,Unknown,40,9,0,2,1
Unknown,139500,Unknown,Secondary / Secondary Special,Unknown,Laborers,40,16,0,18,1
Male,243000,Commercial Associate,Secondary / Secondary Special,Married,Unknown,38,7,0,18,1
Female,157500,Working,Higher Education,Married,Managers,41,7,0,49,1
Unknown,112500,Unknown,Secondary / Secondary Special,Married,Sales Staff,40,1,0,18,1
Unknown,360000,Unknown,Higher Education,Unknown,Unknown,40,21,0,18,1
Unknown,292500,Unknown,Unknown,Unknown,Unknown,33,5,0,13,1
Unknown,168750,Unknown,Secondary / Secondary Special,Married,Unknown,44,5,3,18,1
Unknown,121500,Unknown,Higher Education,Unknown,Unknown,33,7,0,3,1
Female,225000,Commercial Associate,Higher Education,Single / Not Married,Core Staff,40,4,0,30,1
Male,157500,Commercial Associate,Secondary / Secondary Special,Married,Unknown,30,10,0,7,1
Male,315000,Working,Higher Education,Single / Not Married,Core Staff,40,7,0,8,1
Unknown,180000,Unknown,Higher Education,Unknown,Drivers,40,7,0,23,1
Male,225000,Working,Secondary / Secondary Special,Married,Laborers,52,9,0,4,1
Male,225000,Working,Unknown,Married,Laborers,40,7,2,18,1
Female,292500,Unknown,Secondary / Secondary Special,Civil Marriage,Unknown,52,30,0,6,1
Female,202500,Commercial Associate,Higher Education,Married,High Skill Tech Staff,49,11,0,15,1
Female,157500,Unknown,Unknown,Unknown,Unknown,39,7,0,18,1
Unknown,135000,Commercial Associate,Higher Education,Unknown,Unknown,41,7,0,18,1
Unknown,157500,Working,Higher Education,Married,Unknown,33,5,1,39,1
Unknown,135000,Commercial Associate,Unknown,Unknown,Laborers,35,2,2,18,1
Male,360000,Unknown,Higher Education,Married,Managers,39,4,0,18,1
Female,144000,Unknown,Unknown,Unknown,Core Staff,40,9,0,35,1
Female,81000,Working,Secondary / Secondary Special,Unknown,Unknown,40,8,0,18,1
Female,225000,Unknown,Secondary / Secondary Special,Separated,Laborers,48,4,0,18,1
Female,360000,Unknown,Secondary / Secondary Special,Married,Unknown,47,8,0,18,1
Female,112500,Unknown,Secondary / Secondary Special,Unknown,Unknown,56,5,0,47,1
Unknown,450000,Working,Unknown,Married,Unknown,51,7,0,18,1
Male,225000,Unknown,Unknown,Separated,Laborers,44,9,0,16,1
Female,112500,Working,Secondary / Secondary Special,Unknown,Core Staff,38,7,0,35,1
Unknown,90000,Unknown,Secondary / Secondary Special,Married,Core Staff,36,3,0,19,1
Male,247500,Unknown,Higher Education,Married,It Staff,40,9,0,26,1
Female,225000,Commercial Associate,Unknown,Single / Not Married,Unknown,40,4,0,38,1
Male,346500,Commercial Associate,Unknown,Married,Laborers,25,5,0,39,1
Male,166500,Working,Unknown,Married,Unknown,52,7,0,18,1
Male,267750,Working,Unknown,Unknown,Laborers,58,7,0,18,1
Female,112500,Commercial Associate,Higher Education,Married,Accountants,35,15,0,49,1
Female,270000,Unknown,Unknown,Separated,Sales Staff,47,4,1,12,1
Male,90000,Unknown,Secondary / Secondary Special,Single / Not Married,Laborers,40,7,0,8,1
Male,157500,Commercial Associate,Higher Education,Civil Marriage,Unknown,40,7,0,18,1
Unknown,270000,Commercial Associate,Unknown,Unknown,Unknown,42,7,0,18,1
Female,247500,Unknown,Higher Education,Unknown,Managers,40,21,0,18,1
Unknown,247500,Commercial Associate,Unknown,Unknown,Drivers,40,3,0,18,1
Female,135000,Working,Secondary / Secondary Special,Married,Laborers,39,7,0,51,1
Female,103500,Unknown,Unknown,Married,It Staff,40,2,2,19,1
Female,360000,Working,Unknown,Married,Core Staff,40,3,0,10,1
Male,135000,Working,Unknown,Unknown,Laborers,29,8,0,29,1
Female,333000,Commercial Associate,Higher Education,Married,Unknown,40,5,0,6,1
Male,225000,Unknown,Secondary / Secondary Special,Unknown,Laborers,40,7,0,18,1
Female,108000,Unknown,Unknown,Married,Sales Staff,40,4,0,18,1
Male,234000,Working,Unknown,Married,Unknown,40,9,0,11,1
Male,90000,Working,Secondary / Secondary Special,Unknown,Unknown,40,3,0,8,1
Female,135000,State Servant,Higher Education,Married,Unknown,40,2,0,40,1
Male,360000,Working,Unknown,Unknown,Managers,61,11,0,18,1
Female,157500,Commercial Associate,Secondary / Secondary Special,Separated,Sales Staff,33,6,0,18,1
Female,270000,Working,Secondary / Secondary Special,Unknown,Unknown,40,5,0,27,1
Male,225000,Unknown,Secondary / Secondary Special,Single / Not Married,Laborers,40,7,0,20,1
Female,126000,Unknown,Secondary / Secondary Special,Unknown,Core Staff,40,7,0,3,1
Male,211500,Unknown,Secondary / Secondary Special,Unknown,Core Staff,28,7,0,18,1
Female,135000,Unknown,Secondary / Secondary Special,Unknown,Unknown,47,3,0,18,1
Female,73350,Unknown,Secondary / Secondary Special,Unknown,Medicine Staff,40,7,0,37,1
Unknown,211500,Pensioner,Secondary / Secondary Special,Married,Core Staff,42,7,0,6,0
Male,135000,Unknown,Unknown,Unknown,Unknown,25,7,0,2,1
Unknown,202500,Commercial Associate,Secondary / Secondary Special,Unknown,Unknown,49,5,0,16,1
Female,180000,Unknown,Lower Secondary,Married,Unknown,40,14,0,18,1
Unknown,270000,Unknown,Unknown,Unknown,Unknown,45,7,0,18,1
Male,225000,Commercial Associate,Secondary / Secondary Special,Unknown,Laborers,49,7,0,8,1
Unknown,180000,Working,Secondary / Secondary Special,Married,Laborers,49,16,0,38,1
Male,450000,Working,Higher Education,Unknown,Managers,54,16,0,8,1
Male,135000,Working,Secondary / Secondary Special,Unknown,Unknown,47,4,0,20,1
Female,54000,Unknown,Unknown,Married,Medicine Staff,41,7,0,16,1
Female,135000,Working,Secondary / Secondary Special,Civil Marriage,Medicine Staff,45,15,0,24,1
Male,90000,Working,Unknown,Married,Unknown,40,5,0,18,1
Male,90000,Unknown,Secondary / Secondary Special,Single / Not Married,Unknown,40,5,0,18,1
Unknown,193500,Unknown,Higher Education,Married,Core Staff,40,4,0,18,1
Male,180000,Commercial Associate,Secondary / Secondary Special,Married,Unknown,29,5,0,18,1
Male,225000,Unknown,Unknown,Unknown,Unknown,58,7,0,28,1
Female,225000,Unknown,Higher Education,Widow,Sales Staff,57,7,0,7,1
Female,67500,State Servant,Unknown,Married,Sales Staff,39,7,0,9,1
Unknown,216000,Working,Secondary / Secondary Special,Unknown,Unknown,40,10,0,40,1
Unknown,211500,Unknown,Secondary / Secondary Special,Unknown,Sales Staff,46,7,0,11,1
Female,157500,Unknown,Unknown,Unknown,Unknown,40,8,0,18,1
Male,225000,Working,Secondary / Secondary Special,Married,Unknown,56,7,0,14,1
Unknown,315000,Working,Secondary / Secondary Special,Married,Unknown,40,11,8,18,1
Male,135000,Commercial Associate,Secondary / Secondary Special,Unknown,Laborers,34,1,0,18,1
Unknown,135000,Working,Secondary / Secondary Special,Married,Cleaning Staff,53,19,0,18,1
Unknown,180000,Unknown,Higher Education,Married,Managers,40,7,0,18,1
Female,139500,Working,Secondary / Secondary Special,Unknown,Core Staff,26,7,0,46,1
Unknown,229500,Unknown,Secondary / Secondary Special,Single / Not Married,Drivers,46,4,0,24,1
Female,112500,Unknown,Unknown,Civil Marriage,Unknown,38,10,0,28,1
Female,247500,Unknown,Unknown,Married,Unknown,44,9,4,42,1
Unknown,135000,Unknown,Higher Education,Unknown,Unknown,32,7,0,18,1
Unknown,157500,State Servant,Secondary / Secondary Special,Married,Laborers,40,10,0,24,1
Male,405000,Unknown,Higher Education,Married,Managers,32,14,0,18,1
Female,189000,Working,Secondary / Secondary Special,Single / Not Married,Laborers,40,7,0,17,1
Female,135000,Working,Unknown,Civil Marriage,Managers,27,5,0,34,1
Unknown,99000,Working,Secondary / Secondary Special,Married,Unknown,28,7,0,12,1
Unknown,382500,Commercial Associate,Incomplete Higher,Unknown,Accountants,32,4,0,18,1
Male,337500,Unknown,Unknown,Unknown,Drivers,40,7,0,6,1
Male,360000,Working,Secondary / Secondary Special,Unknown,Managers,42,8,0,18,1
Male,247500,Working,Secondary / Secondary Special,Married,Drivers,60,8,0,18,1
Unknown,225000,Working,Higher Education,Unknown,Medicine Staff,40,17,0,23,1
Unknown,310500,Unknown,Higher Education,Single / Not Married,Laborers,28,7,0,18,1
Male,315000,Unknown,Secondary / Secondary Special,Unknown,Unknown,40,8,0,18,1
Female,135000,Working,Incomplete Higher,Unknown,Unknown,40,6,0,9,1
Male,256500,Unknown,Higher Education,Married,Unknown,59,7,0,18,1
Unknown,202500,Unknown,Higher Education,Unknown,Drivers,33,2,0,18,1
Male,180000,Unknown,Higher Education,Unknown,Core Staff,28,1,0,11,1
Unknown,315000,Unknown,Higher Education,Married,Sales Staff,45,7,0,18,1
Male,315000,Unknown,Incomplete Higher,Unknown,Managers,30,7,0,19,1
Unknown,270000,Commercial Associate,Secondary / Secondary Special,Married,Accountants,38,7,0,18,1
Female,112500,Working,Secondary / Secondary Special,Unknown,Sales Staff,40,5,0,18,1
Male,270000,Commercial Associate,Secondary / Secondary Special,Married,Laborers,44,7,0,18,1
Male,157500,Working,Secondary / Secondary Special,Married,Unknown,55,6,0,18,1
Unknown,202500,State Servant,Secondary / Secondary Special,Unknown,Laborers,40,7,0,22,1
Unknown,135000,Unknown,Secondary / Secondary Special,Married,Security Staff,49,7,0,11,1
Unknown,81000,Unknown,Unknown,Unknown,Unknown,32,7,0,18,1
Female,270000,Commercial Associate,Secondary / Secondary Special,Single / Not Married,Unknown,40,7,0,18,1
Unknown,157500,Commercial Associate,Secondary / Secondary Special,Married,Sales Staff,37,7,0,18,1
Male,270000,Unknown,Secondary / Secondary Special,Married,Drivers,32,7,0,18,1
Female,135000,Working,Higher Education,Unknown,Unknown,36,7,0,18,1
Female,247500,Commercial Associate,Secondary / Secondary Special,Married,Unknown,40,24,0,55,1
Unknown,225000,Working,Unknown,Single / Not Married,Unknown,52,11,0,21,1
Female,157500,Unknown,Secondary / Secondary Special,Unknown,Core Staff,40,7,3,18,1
Unknown,202500,Working,Secondary / Secondary Special,Unknown,Unknown,40,11,2,18,1
Unknown,157500,Working,Unknown,Separated,Unknown,40,4,1,3,1
Unknown,67500,Unknown,Unknown,Married,Laborers,51,10,0,24,1
Unknown,135000,Working,Secondary / Secondary Special,Unknown,Laborers,29,7,0,18,1
Male,81000,Working,Secondary / Secondary Special,Civil Marriage,Low-Skill Laborers,40,1,1,18,1
Unknown,112500,Commercial Associate,Secondary / Secondary Special,Married,Unknown,26,7,0,18,1
Female,450000,Unknown,Secondary / Secondary Special,Married,Cleaning Staff,40,7,0,4,1
Unknown,157500,Unknown,Unknown,Single / Not Married,Unknown,53,33,0,58,1
Unknown,112500,Unknown,Higher Education,Married,Laborers,40,2,0,19,1
Male,337500,Unknown,Higher Education,Married,Laborers,40,21,0,47,1
Unknown,495000,Commercial Associate,Higher Education,Unknown,Core Staff,40,5,2,18,1
Unknown,90000,Unknown,Unknown,Civil Marriage,Laborers,46,7,0,31,1
Female,112500,Unknown,Unknown,Unknown,Unknown,40,7,0,47,1
Unknown,94500,Unknown,Secondary / Secondary Special,Married,Cooking Staff,35,10,0,7,1
Male,135000,Unknown,Unknown,Married,Cooking Staff,26,1,0,2,1
Female,157500,Working,Unknown,Married,Unknown,40,7,0,39,1
Female,247500,Unknown,Secondary / Secondary Special,Unknown,High Skill Tech Staff,44,13,0,18,1
Unknown,202500,Working,Higher Education,Widow,Unknown,33,7,0,19,1
Male,90000,Unknown,Secondary / Secondary Special,Unknown,Unknown,32,7,0,18,1
Male,270000,State Servant,Secondary / Secondary Special,Married,Core Staff,40,7,0,18,1
Female,112500,Unknown,Secondary / Secondary Special,Married,Managers,52,3,0,18,1
Male,180000,Unknown,Secondary / Secondary Special,Single / Not Married,Drivers,33,7,0,14,1
Female,292500,Commercial Associate,Secondary / Secondary Special,Married,Unknown,40,7,0,10,1
Unknown,135000,Unknown,Secondary / Secondary Special,Married,Unknown,40,7,0,18,1
Male,270000,Working,Secondary / Secondary Special,Civil Marriage,Unknown,40,7,0,54,1
Male,225000,Working,Unknown,Married,Unknown,31,7,0,18,1
Female,202500,Working,Secondary / Secondary Special,Married,Sales Staff,40,7,0,18,1
Unknown,67500,Commercial Associate,Unknown,Married,Sales Staff,40,1,0,7,1
Male,180000,Working,Unknown,Married,Unknown,50,10,0,11,1
Male,112500,Working,Unknown,Unknown,Laborers,36,1,0,18,1
Female,126000,Commercial Associate,Secondary / Secondary Special,Married,Unknown,40,12,0,14,1
Unknown,180000,Unknown,Secondary / Secondary Special,Civil Marriage,Core Staff,39,7,0,39,1
Female,76500,Unknown,Secondary / Secondary Special,Unknown,Laborers,54,14,0,34,1
Unknown,252000,Working,Higher Education,Unknown,Laborers,42,15,0,18,1
Unknown,720000,Unknown,Higher Education,Unknown,Managers,46,7,0,28,1
Unknown,180000,Unknown,Unknown,Married,Unknown,40,5,0,20,1
Male,157500,Unknown,Unknown,Unknown,Drivers,40,8,0,5,1
Female,67500,Working,Unknown,Single / Not Married,Laborers,55,14,0,18,1
Female,99000,Unknown,Secondary / Secondary Special,Civil Marriage,Unknown,40,7,0,10,1
Unknown,391500,Unknown,Secondary / Secondary Special,Married,Core Staff,47,20,0,18,1
Female,103500,Working,Secondary / Secondary Special,Married,It Staff,29,7,0,4,0
Male,360000,Working,Secondary / Secondary Special,Married,Unknown,40,13,0,10,1
Female,76500,Working,Unknown,Civil Marriage,Unknown,40,7,0,18,1
Unknown,315000,Working,Higher Education,Married,Sales Staff,29,3,0,18,1
Female,67500,Unknown,Unknown,Married,Unknown,35,1,0,18,1
Unknown,202500,Unknown,Unknown,Single / Not Married,Unknown,32,7,0,3,1
Unknown,450000,Unknown,Unknown,Married,Managers,40,7,0,18,1
Unknown,315000,State Servant,Higher Education,Married,Core Staff,36,7,0,35,1
Unknown,225000,Working,Unknown,Married,Unknown,33,7,0,36,1
Male,270000,Working,Secondary / Secondary Special,Unknown,Unknown,40,7,0,18,1
Unknown,157500,Unknown,Secondary / Secondary Special,Unknown,Unknown,40,5,0,18,1
Male,234000,Working,Incomplete Higher,Married,Drivers,40,7,0,38,1
Male,81000,Commercial Associate,Higher Education,Unknown,Laborers,28,7,0,14,1
Female,99000,Working,Unknown,Married,Unknown,40,13,0,18,1
Unknown,171000,Unknown,Unknown,Unknown,Laborers,64,27,0,18,1
Female,360000,Working,Unknown,Widow,Managers,40,7,0,16,1
Unknown,225000,Working,Unknown,Unknown,Drivers,41,7,0,31,1
Male,247500,Working,Secondary / Secondary Special,Married,Drivers,31,5,0,42,1
Unknown,180000,Working,Secondary / Secondary Special,Married,Laborers,36,2,0,14,1
Female,135000,Commercial Associate,Unknown,Married,Laborers,40,7,0,18,1
Unknown,90000,Working,Secondary / Secondary Special,Unknown,Laborers,40,7,1,18,1
Female,32400,Unknown,Secondary / Secondary Special,Married,Managers,53,7,0,18,1
Male,630000,Unknown,Higher Education,Unknown,Managers,40,13,0,18,1
Male,135000,Working,Secondary / Secondary Special,Married,Unknown,40,5,0,16,1
Unknown,202500,Commercial Associate,Secondary / Secondary Special,Married,Drivers,41,9,0,15,1
Female,225000,Commercial Associate,Unknown,Married,Sales Staff,40,9,0,59,1
Male,112500,Working,Higher Education,Single / Not Married,Laborers,41,7,0,18,1
Female,180000,Unknown,Secondary / Secondary Special,Married,Medicine Staff,53,32,7,18,1
Female,45000,State Servant,Secondary / Secondary Special,Married,Unknown,51,11,0,38,1
Unknown,324000,Working,Unknown,Separated,High Skill Tech Staff,40,7,0,18,1
Male,162000,Unknown,Secondary / Secondary Special,Married,Security Staff,40,7,0,12,1
Male,225000,Commercial Associate,Unknown,Married,Drivers,40,12,0,18,1
Unknown,67500,Working,Unknown,Married,Sales Staff,40,6,0,11,1
Male,247500,Unknown,Secondary / Secondary Special,Married,Unknown,40,7,4,18,1
Female,315000,Unknown,Unknown,Unknown,Managers,54,7,0,30,1
Unknown,247500,Unknown,Unknown,Unknown,Unknown,40,4,0,18,1
Unknown,90000,State Servant,Unknown,Unknown,Unknown,44,7,0,32,1
Male,135000,Unknown,Unknown,Married,Security Staff,30,7,0,38,1
Male,270000,Unknown,Secondary / Secondary Special,Unknown,Unknown,40,7,0,14,1
Unknown,180000,Commercial Associate,Unknown,Married,Unknown,32,7,0,10,1
Female,103500,Commercial Associate,Unknown,Unknown,Cleaning Staff,52,3,0,6,1
Female,202500,Unknown,Unknown,Married,Unknown,40,18,0,18,1
Male,225000,Working,Unknown,Unknown,Drivers,40,10,4,19,1
Male,135000,Unknown,Secondary / Secondary Special,Married,Core Staff,45,7,0,31,1
Male,382500,Unknown,Unknown,Single / Not Married,Laborers,40,9,0,7,1
Unknown,135000,Working,Secondary / Secondary Special,Married,Laborers,30,7,8,18,0
Female,225000,Unknown,Higher Education,Single / Not Married,Unknown,39,9,0,38,1
Male,616500,Commercial Associate,Unknown,Unknown,Managers,40,12,0,18,1
Male,135000,Working,Secondary / Secondary Special,Married,Laborers,52,11,0,16,1
Female,90000,Unknown,Secondary / Secondary Special,Unknown,Core Staff,35,8,0,18,1
Male,135000,Working,Secondary / Secondary Special,Unknown,Security Staff,44,1,0,14,1
Unknown,180000,Unknown,Secondary / Secondary Special,Married,Laborers,40,4,0,40,1
Male,315000,Commercial Associate,Secondary / Secondary Special,Married,Laborers,50,15,0,18,1
Female,202500,Unknown,Unknown,Unknown,Accountants,39,4,0,18,1
Unknown,135000,Commercial Associate,Unknown,Married,Security Staff,49,7,0,24,1
Female,202500,Working,Unknown,Married,Managers,33,7,0,18,1
Unknown,180000,Working,Secondary / Secondary Special,Single / Not Married,Sales Staff,40,10,0,18,1
Male,270000,Unknown,Unknown,Married,Unknown,40,20,0,3,1
Male,90000,Unknown,Secondary / Secondary Special,Single / Not Married,Drivers,29,7,0,18,1
Female,90000,Commercial Associate,Secondary / Secondary Special,Married,Unknown,54,8,0,29,1
Male,225000,Working,Secondary / Secondary Special,Married,Laborers,40,4,0,12,1
Male,180000,Unknown,Secondary / Secondary Special,Married,Unknown,48,2,0,13,1
Male,675000,Unknown,Higher Education,Married,Managers,50,7,0,18,1
Unknown,157500,Working,Unknown,Married,Core Staff,50,7,0,18,1
Unknown,180000,Commercial Associate,Secondary / Secondary Special,Unknown,Drivers,40,9,1,10,1
Female,225000,Working,Unknown,Civil Marriage,Unknown,40,5,0,26,1
Male,252000,Unknown,Unknown,Married,High Skill Tech Staff,40,7,0,29,1
Male,135000,Unknown,Secondary / Secondary Special,Unknown,Unknown,40,7,0,38,1
Male,112500,Working,Secondary / Secondary Special,Married,Unknown,52,10,0,8,1
Unknown,189000,Working,Secondary / Secondary Special,Married,Unknown,44,6,0,18,1
Male,450000,Working,Secondary / Secondary Special,Single / Not Married,Unknown,40,7,0,43,1
Male,90000,Working,Unknown,Married,Laborers,32,5,0,12,1
Female,180000,Commercial Associate,Secondary / Secondary Special,Married,Unknown,40,7,0,18,1
Male,270000,Working,Incomplete Higher,Unknown,Laborers,31,7,0,34,1
Female,148500,Unknown,Unknown,Unknown,Laborers,40,7,0,18,1
Unknown,306000,State Servant,Higher Education,Unknown,Medicine Staff,35,16,0,9,1
Female,202500,Working,Higher Education,Unknown,Sales Staff,39,3,0,6,0
Unknown,103500,Unknown,Incomplete Higher,Married,Laborers,33,13,0,19,1
Female,112500,Working,Secondary / Secondary Special,Unknown,Unknown,39,2,1,2,1
Female,180000,Commercial Associate,Unknown,Married,Medicine Staff,49,7,0,56,1
Unknown,112500,Unknown,Higher Education,Married,Unknown,37,4,0,23,1
Male,337500,Working,Higher Education,Married,Unknown,65,21,0,18,1
Female,360000,Commercial Associate,Unknown,Married,Unknown,40,7,0,16,1
Male,202500,Working,Secondary / Secondary Special,Unknown,Unknown,42,6,0,38,1
Female,67500,State Servant,Unknown,Married,Unknown,38,15,0,18,1
Unknown,180000,Working,Unknown,Married,Unknown,48,7,0,24,1
Male,315000,Working,Secondary / Secondary Special,Married,Drivers,49,3,0,6,1
Female,157500,Working,Secondary / Secondary Special,Unknown,Unknown,30,5,0,36,1
Female,225000,State Servant,Secondary / Secondary Special,Single / Not Married,Cleaning Staff,49,7,0,18,1
Unknown,144000,Unknown,Unknown,Unknown,Unknown,30,9,0,9,1
Male,180000,Unknown,Secondary / Secondary Special,Married,Unknown,40,5,0,16,1
Unknown,135000,Working,Secondary / Secondary Special,Married,Waiters/Barmen Staff,40,3,0,18,1
Unknown,135000,Commercial Associate,Secondary / Secondary Special,Married,Sales Staff,31,3,0,1,1
Female,180000,Commercial Associate,Higher Education,Civil Marriage,Unknown,32,4,0,18,1
Unknown,157500,Working,Higher Education,Married,Unknown,63,16,0,4,1
Female,90000,Working,Secondary / Secondary Special,Married,Managers,40,10,0,28,1
Female,270000,Commercial Associate,Unknown,Civil Marriage,Sales Staff,40,7,0,5,1
Female,243000,Commercial Associate,Secondary / Secondary Special,Unknown,Unknown,40,10,0,11,1
Unknown,207000,Working,Unknown,Married,Drivers,40,3,1,15,1
Unknown,135000,Unknown,Secondary / Secondary Special,Single / Not Married,Sales Staff,40,5,0,18,1
Unknown,270000,Unknown,Secondary / Secondary Special,Civil Marriage,Drivers,47,4,0,13,1
Unknown,220500,Unknown,Secondary / Secondary Special,Married,Drivers,32,2,0,20,1
Male,225000,Unknown,Higher Education,Married,Unknown,37,7,0,35,1
Female,180000,Commercial Associate,Higher Education,Civil Marriage,Unknown,32,3,0,2,1
Unknown,202500,Commercial Associate,Higher Education,Civil Marriage,Accountants,39,7,2,17,1
Unknown,180000,Working,Unknown,Married,Unknown,39,5,0,18,1
Female,67500,Working,Secondary / Secondary Special,Separated,Sales Staff,38,9,0,18,1
Unknown,180000,Commercial Associate,Unknown,Single / Not Married,Unknown,46,13,0,34,1
Unknown,157500,Unknown,Secondary / Secondary Special,Unknown,Unknown,47,7,0,18,1
Male,112500,Working,Unknown,Unknown,Sales Staff,33,7,1,18,1
Female,270000,Working,Secondary / Secondary Special,Married,Unknown,39,4,0,18,1
Male,144000,Unknown,Secondary / Secondary Special,Married,Laborers,37,3,0,18,1
Male,157500,Unknown,Higher Education,Unknown,Managers,43,7,0,24,1
Unknown,157500,Unknown,Higher Education,Civil Marriage,Unknown,41,10,0,47,1
Male,135000,Working,Unknown,Married,Laborers,29,7,0,18,1
Male,157500,Commercial Associate,Secondary / Secondary Special,Unknown,Unknown,43,7,0,28,1
Unknown,261000,Commercial Associate,Incomplete Higher,Civil Marriage,Sales Staff,25,2,0,3,1
Female,157500,Working,Unknown,Single / Not Married,Cleaning Staff,41,4,0,18,1
Female,81000,Unknown,Secondary / Secondary Special,Civil Marriage,Unknown,40,23,0,11,1
Female,270000,Working,Unknown,Single / Not Married,Unknown,27,7,0,4,1
Male,135000,Working,Higher Education,Unknown,Sales Staff,33,2,0,3,1
Female,270000,Working,Higher Education,Unknown,Unknown,39,1,0,9,1
Unknown,180000,Working,Secondary / Secondary Special,Unknown,Unknown,40,21,0,18,1
Male,189000,State Servant,Secondary / Secondary Special,Married,Core Staff,40,8,0,18,1
Unknown,180000,Commercial Associate,Secondary / Secondary Special,Married,Sales Staff,57,2,0,2,1
Unknown,612000,State Servant,Unknown,Unknown,Accountants,35,7,0,18,1
Unknown,135000,Unknown,Higher Education,Single / Not Married,Unknown,40,4,0,3,1
Male,157500,Unknown,Unknown,Unknown,Unknown,35,7,0,40,1
Unknown,157500,State Servant,Higher Education,Civil Marriage,Core Staff,40,7,0,18,1
Male,202500,Commercial Associate,Unknown,Unknown,Laborers,35,1,0,7,1
Unknown,162000,Unknown,Incomplete Higher,Unknown,Core Staff,40,9,0,14,1
Unknown,270000,Unknown,Higher Education,Single / Not Married,Hr Staff,40,5,1,35,1
Unknown,126000,Working,Secondary / Secondary Special,Married,Drivers,46,7,0,35,1
Unknown,247500,Working,Secondary / Secondary Special,Married,Laborers,51,16,0,4,1
Unknown,153000,Working,Secondary / Secondary Special,Married,Unknown,40,7,0,18,1
Female,135000,Working,Unknown,Unknown,Laborers,44,10,0,18,1
Unknown,270000,Working,Incomplete Higher,Married,Laborers,33,3,0,18,1
Female,90000,State Servant,Unknown,Civil Marriage,Core Staff,35,8,0,6,1
Male,225000,Working,Unknown,Married,Core Staff,40,7,0,19,1
Female,157500,Unknown,Higher Education,Unknown,High Skill Tech Staff,40,4,0,10,1
Male,135000,Unknown,Secondary / Secondary Special,Single / Not Married,Laborers,50,8,0,18,1
Unknown,450000,Unknown,Unknown,Married,Unknown,51,8,0,18,1
Male,225000,Commercial Associate,Unknown,Unknown,Unknown,30,7,0,18,1
Male,135000,Commercial Associate,Secondary / Secondary Special,Unknown,Laborers,30,7,0,18,1
Male,157500,State Servant,Secondary / Secondary Special,Unknown,Unknown,24,4,0,25,1
Female,157500,Working,Unknown,Unknown,Sales Staff,32,9,0,2,1
Female,180000,Unknown,Secondary / Secondary Special,Unknown,Unknown,40,7,0,14,1
Male,157500,Working,Unknown,Married,Unknown,30,7,0,18,1
Unknown,315000,Working,Unknown,Single / Not Married,Core Staff,33,7,0,19,1
Male,202500,Working,Secondary / Secondary Special,Married,Unknown,28,7,0,18,1
Male,157500,Commercial Associate,Unknown,Married,Drivers,40,9,0,20,1
Unknown,90000,Unknown,Secondary / Secondary Special,Unknown,Medicine Staff,40,7,0,18,1
Male,225000,Unknown,Unknown,Single / Not Married,Sales Staff,28,7,0,18,1
Unknown,202500,Commercial Associate,Unknown,Separated,Accountants,39,4,0,18,1
Male,234000,Unknown,Secondary / Secondary Special,Unknown,High Skill Tech Staff,40,7,0,18,1
Unknown,202500,Working,Unknown,Single / Not Married,Laborers,27,7,0,30,1
Female,225000,Working,Secondary / Secondary Special,Married,Medicine Staff,65,14,0,18,1
Female,216000,Unknown,Unknown,Unknown,Sales Staff,33,1,0,18,1
Unknown,94500,Working,Unknown,Married,Unknown,55,19,0,18,1
Female,180000,Working,Secondary / Secondary Special,Married,Unknown,26,4,0,18,1
Male,121500,Working,Secondary / Secondary Special,Unknown,Laborers,41,7,0,7,1
Male,225000,Commercial Associate,Unknown,Married,Drivers,40,7,0,55,1
Unknown,135000,Commercial Associate,Higher Education,Unknown,Unknown,40,2,0,54,1
Female,135000,Working,Secondary / Secondary Special,Unknown,Sales Staff,31,2,0,7,1
Male,135000,Working,Secondary / Secondary Special,Unknown,Unknown,29,4,0,18,1
Female,121500,Unknown,Unknown,Married,Unknown,37,4,0,18,1
Male,184500,Unknown,Unknown,Married,Security Staff,55,2,0,18,1
Unknown,180000,Unknown,Unknown,Single / Not Married,Unknown,53,7,0,3,1
Male,72000,Unknown,Unknown,Married,Security Staff,40,7,0,18,1
Male,202500,Unknown,Higher Education,Unknown,Unknown,41,6,0,26,1
Unknown,67500,Working,Unknown,Married,Unknown,30,7,0,18,1
Female,135000,Working,Unknown,Unknown,Unknown,40,2,0,20,1
Female,135000,Commercial Associate,Secondary / Secondary Special,Married,Sales Staff,49,12,0,18,1
Female,157500,State Servant,Unknown,Civil Marriage,Core Staff,29,7,0,25,1
Unknown,202500,Unknown,Secondary / Secondary Special,Separated,Unknown,40,12,0,18,1
Female,67500,Working,Unknown,Married,Sales Staff,41,7,0,12,1
Unknown,180000,Working,Secondary / Secondary Special,Unknown,Unknown,40,7,0,48,1
Unknown,180000,Commercial Associate,Secondary / Secondary Special,Unknown,Unknown,46,2,0,16,1
Unknown,126000,Unknown,Secondary / Secondary Special,Separated,Cleaning Staff,60,4,0,18,1
Male,252000,Unknown,Unknown,Married,High Skill Tech Staff,40,7,0,29,1
Female,67500,State Servant,Higher Education,Unknown,Core Staff,33,7,0,24,1
Female,225000,Working,Unknown,Unknown,Managers,40,7,0,18,1
Female,90000,State Servant,Secondary / Secondary Special,Unknown,Cooking Staff,40,1,0,47,1
Female,247500,Commercial Associate,Unknown,Married,Medicine Staff,45,7,0,34,1
Female,135000,Working,Unknown,Married,Sales Staff,32,7,0,4,1
Unknown,157500,Unknown,Unknown,Unknown,Laborers,36,7,0,26,1
Unknown,270000,Unknown,Secondary / Secondary Special,Unknown,Unknown,51,25,0,18,1
Female,270000,Working,Secondary / Secondary Special,Single / Not Married,Unknown,40,7,9,23,1
Unknown,180000,Unknown,Unknown,Unknown,Sales Staff,40,7,0,18,1
Female,135000,Working,Secondary / Secondary Special,Unknown,Cooking Staff,55,16,0,18,1
Female,180000,Commercial Associate,Unknown,Unknown,Managers,28,5,0,18,1
Female,135000,Unknown,Unknown,Married,Unknown,63,7,0,18,1
Unknown,202500,Working,Higher Education,Civil Marriage,Unknown,35,3,0,38,1
Unknown,180000,Unknown,Secondary / Secondary Special,Unknown,Unknown,61,16,0,12,1
Unknown,126000,Working,Secondary / Secondary Special,Unknown,Unknown,28,5,0,18,1
Female,90000,Commercial Associate,Secondary / Secondary Special,Unknown,Sales Staff,40,1,1,18,1
Female,81000,Working,Unknown,Unknown,Unknown,46,23,0,12,1
Female,157500,Unknown,Unknown,Unknown,Sales Staff,32,11,0,18,1
Male,176175,Unknown,Secondary / Secondary Special,Unknown,Unknown,40,2,0,17,1
Male,292500,State Servant,Unknown,Married,Core Staff,40,10,1,16,1
Unknown,360000,Unknown,Secondary / Secondary Special,Separated,Unknown,29,2,0,7,1
Male,405000,Working,Secondary / Secondary Special,Unknown,Unknown,40,4,0,2,1
Female,202500,Working,Secondary / Secondary Special,Married,Sales Staff,37,7,0,47,1
Female,157500,Unknown,Higher Education,Married,Sales Staff,33,7,0,18,1
Female,157500,Unknown,Secondary / Secondary Special,Unknown,Unknown,27,5,0,18,1
Unknown,225000,Unknown,Unknown,Unknown,Managers,53,4,0,20,1
Female,180000,Unknown,Unknown,Unknown,Unknown,39,7,0,29,1
Unknown,225000,Unknown,Incomplete Higher,Married,Unknown,40,33,0,18,1
Unknown,247500,Unknown,Secondary / Secondary Special,Unknown,Laborers,30,4,0,11,1
Female,166500,Commercial Associate,Unknown,Civil Marriage,Unknown,39,7,0,18,1
Female,360000,Working,Higher Education,Unknown,Managers,46,12,0,48,1
Female,247500,Working,Secondary / Secondary Special,Unknown,Managers,40,7,0,53,1
Unknown,45000,State Servant,Secondary / Secondary Special,Unknown,Medicine Staff,31,7,0,46,1
Unknown,225000,Working,Secondary / Secondary Special,Unknown,Drivers,41,7,0,57,1
Female,121500,Commercial Associate,Secondary / Secondary Special,Married,Laborers,40,26,0,13,1
Unknown,157500,State Servant,Unknown,Unknown,Waiters/Barmen Staff,35,4,0,18,1
Female,270000,Working,Unknown,Unknown,Sales Staff,39,4,0,27,1
Unknown,135000,Commercial Associate,Secondary / Secondary Special,Married,Sales Staff,38,4,0,26,1
Male,180000,Unknown,Unknown,Married,Unknown,40,7,0,18,1
Unknown,225000,Working,Secondary / Secondary Special,Unknown,Unknown,45,19,0,26,1
Male,202500,Working,Secondary / Secondary Special,Married,Unknown,40,7,0,22,1
Unknown,135000,Unknown,Higher Education,Unknown,Unknown,32,2,14,30,1
Female,112500,Working,Secondary / Secondary Special,Widow,Core Staff,29,3,0,2,1
Unknown,135000,Unknown,Unknown,Married,Unknown,40,2,0,20,1
Male,382500,Working,Unknown,Married,Laborers,40,7,0,15,1
Unknown,157500,Unknown,Incomplete Higher,Married,Managers,34,3,0,11,1
Female,112500,Working,Secondary / Secondary Special,Unknown,Sales Staff,41,7,0,13,1
Unknown,211500,Working,Unknown,Married,Unknown,43,15,2,15,1
Male,315000,Unknown,Secondary / Secondary Special,Unknown,Laborers,36,12,0,18,1
Unknown,225000,Working,Secondary / Secondary Special,Unknown,Core Staff,40,7,0,28,1
Male,315000,Unknown,Secondary / Secondary Special,Married,Security Staff,40,3,0,17,1
Female,270000,State Servant,Higher Education,Unknown,Core Staff,40,7,5,8,1
Female,126000,State Servant,Incomplete Higher,Unknown,Core Staff,40,7,0,29,1
Male,202500,Unknown,Secondary / Secondary Special,Separated,Core Staff,35,7,0,18,1
Female,99000,Commercial Associate,Secondary / Secondary Special,Unknown,Unknown,40,7,1,18,1
Male,157500,Working,Secondary / Secondary Special,Civil Marriage,Unknown,40,4,0,13,1
Unknown,135000,Unknown,Incomplete Higher,Single / Not Married,Laborers,31,2,0,14,1
Unknown,157500,Working,Unknown,Unknown,Unknown,53,33,0,38,1
Female,99000,State Servant,Unknown,Married,Unknown,51,23,0,45,1
Unknown,225000,Unknown,Secondary / Secondary Special,Married,Unknown,40,2,2,18,1
Female,157500,Commercial Associate,Secondary / Secondary Special,Unknown,Laborers,40,7,0,18,1
Unknown,81000,Unknown,Unknown,Single / Not Married,Unknown,43,7,0,18,1
Female,112500,Unknown,Unknown,Single / Not Married,Core Staff,40,7,2,11,1
Female,292500,Unknown,Secondary / Secondary Special,Civil Marriage,Private Service Staff,49,25,0,18,1
Female,135000,Unknown,Unknown,Unknown,Sales Staff,28,2,0,4,1
Unknown,45000,Working,Unknown,Separated,Sales Staff,40,7,0,12,1
Female,270000,Working,Unknown,Married,Managers,38,8,0,11,1
Female,270000,Working,Secondary / Secondary Special,Unknown,Unknown,40,3,0,18,1
Female,130500,Unknown,Unknown,Married,Unknown,39,16,0,18,1
Male,292500,Working,Unknown,Unknown,Unknown,52,7,3,18,1
Unknown,90000,Working,Unknown,Single / Not Married,Laborers,38,3,0,4,1
Unknown,157500,Working,Higher Education,Married,Managers,40,7,0,18,1
Female,193500,Working,Secondary / Secondary Special,Unknown,Laborers,40,6,1,33,1
Female,270000,Working,Secondary / Secondary Special,Married,High Skill Tech Staff,36,7,0,33,1
Male,67500,Unknown,Secondary / Secondary Special,Unknown,Core Staff,42,5,0,14,1
Male,202500,Commercial Associate,Secondary / Secondary Special,Unknown,High Skill Tech Staff,30,7,0,18,1
Unknown,234000,Working,Unknown,Single / Not Married,Cleaning Staff,50,7,0,7,1
Female,247500,Unknown,Unknown,Married,Laborers,31,7,0,51,1
Female,315000,Working,Unknown,Unknown,Unknown,40,4,0,18,1
Female,157500,Unknown,Unknown,Married,Unknown,42,5,0,18,1
Unknown,81000,Working,Higher Education,Married,Core Staff,29,2,0,18,1
Female,135000,Unknown,Secondary / Secondary Special,Unknown,Managers,40,7,0,18,1
Male,360000,Unknown,Unknown,Unknown,Unknown,40,7,0,18,1
Unknown,90000,Unknown,Secondary / Secondary Special,Married,Unknown,52,7,0,41,1
Female,225000,Commercial Associate,Higher Education,Married,Sales Staff,30,7,0,18,1
Unknown,202500,Unknown,Unknown,Unknown,Security Staff,41,7,0,6,1
Unknown,112500,Working,Secondary / Secondary Special,Unknown,Sales Staff,32,3,0,18,1
Unknown,112500,Unknown,Secondary / Secondary Special,Married,Accountants,41,3,0,13,1
Unknown,135000,Working,Unknown,Unknown,Unknown,40,4,0,38,1
Female,112500,Unknown,Secondary / Secondary Special,Unknown,Unknown,46,11,0,18,1
Female,360000,Working,Unknown,Married,Unknown,40,7,0,60,1
Male,135000,Unknown,Secondary / Secondary Special,Married,Unknown,45,9,0,32,1
Male,135000,Commercial Associate,Secondary / Secondary Special,Unknown,Unknown,40,4,0,2,1
Unknown,315000,State Servant,Higher Education,Married,Core Staff,38,6,0,25,1
Unknown,225000,Commercial Associate,Higher Education,Unknown,High Skill Tech Staff,45,1,0,18,1
Female,225000,Commercial Associate,Secondary / Secondary Special,Unknown,Unknown,58,3,0,2,1
Female,405000,Unknown,Unknown,Unknown,Accountants,47,1,0,55,1
Unknown,135000,Unknown,Secondary / Secondary Special,Married,Unknown,40,7,0,31,1
Male,225000,Commercial Associate,Secondary / Secondary Special,Unknown,Drivers,48,1,0,6,1
Female,63000,Unknown,Secondary / Secondary Special,Civil Marriage,Unknown,40,7,0,18,1
Female,126000,Working,Higher Education,Married,Core Staff,28,7,0,18,1
Female,247500,Unknown,Higher Education,Unknown,Unknown,40,4,0,18,1
Female,189000,Commercial Associate,Higher Education,Married,Unknown,43,7,0,27,1
Unknown,202500,State Servant,Unknown,Married,Core Staff,40,7,0,12,1
Unknown,135000,Commercial Associate,Unknown,Unknown,Managers,47,4,0,16,1
Male,270000,State Servant,Secondary / Secondary Special,Married,Core Staff,32,11,0,31,1
Female,238500,Working,Secondary / Secondary Special,Unknown,Laborers,53,10,0,42,1
Unknown,135000,Commercial Associate,Secondary / Secondary Special,Single / Not Married,Unknown,48,7,0,7,1
Male,225000,Unknown,Higher Education,Married,High Skill Tech Staff,46,7,0,9,1
Unknown,135000,Working,Unknown,Separated,Sales Staff,45,4,0,9,1
Unknown,157500,Unknown,Secondary / Secondary Special,Unknown,Unknown,40,8,0,28,1
Male,337500,State Servant,Secondary / Secondary Special,Married,Laborers,36,11,0,21,1
Male,135000,Working,Secondary / Secondary Special,Married,Laborers,29,8,0,48,1
Unknown,225000,Unknown,Secondary / Secondary Special,Unknown,Laborers,40,7,0,18,1
Unknown,450000,Working,Higher Education,Unknown,Managers,40,7,0,18,1
Female,247500,Working,Higher Education,Unknown,Managers,40,7,0,18,1
Unknown,36900,Unknown,Secondary / Secondary Special,Married,Laborers,51,7,0,18,1
Female,175500,Working,Unknown,Married,Sales Staff,50,9,0,20,1
Male,382500,Commercial Associate,Unknown,Civil Marriage,Unknown,42,7,0,18,1
Male,135000,Unknown,Unknown,Unknown,Unknown,40,7,0,18,1
Female,135000,Commercial Associate,Higher Education,Civil Marriage,Accountants,31,1,0,10,1
Unknown,72000,Working,Secondary / Secondary Special,Unknown,Medicine Staff,42,7,0,27,1
Unknown,180000,Working,Unknown,Separated,Unknown,45,10,0,44,1
Unknown,225000,Working,Unknown,Unknown,Laborers,40,5,0,10,1
Unknown,180000,Unknown,Higher Education,Civil Marriage,Unknown,54,1,0,18,1
Female,202500,Working,Secondary / Secondary Special,Married,Sales Staff,45,7,0,55,1
Male,450000,Working,Secondary / Secondary Special,Unknown,Drivers,40,20,0,18,1
Unknown,157500,Working,Secondary / Secondary Special,Married,Cleaning Staff,31,2,2,6,1
Male,135000,Unknown,Unknown,Married,Unknown,40,7,0,18,1
Unknown,157500,Working,Unknown,Unknown,High Skill Tech Staff,32,2,0,5,1
Male,180000,Unknown,Secondary / Secondary Special,Married,Unknown,60,7,0,18,1
Female,130500,Unknown,Secondary / Secondary Special,Unknown,Unknown,40,7,0,18,1
Female,225000,Working,Secondary / Secondary Special,Unknown,Medicine Staff,40,14,0,14,1
Male,270000,Commercial Associate,Unknown,Unknown,High Skill Tech Staff,40,5,0,19,1
Female,180000,Working,Higher Education,Separated,Unknown,40,5,0,16,1
Unknown,67500,Unknown,Unknown,Married,Unknown,25,7,6,18,1
Female,315000,State Servant,Higher Education,Unknown,Managers,39,7,17,18,1
Unknown,225000,Commercial Associate,Incomplete Higher,Civil Marriage,Sales Staff,24,1,0,4,1
Female,202500,Unknown,Unknown,Unknown,Managers,40,7,0,18,1
Unknown,202500,Unknown,Secondary / Secondary Special,Unknown,Drivers,44,14,0,18,1
Female,247500,Unknown,Unknown,Married,Unknown,48,3,0,38,1
Female,103500,Unknown,Unknown,Unknown,Laborers,30,7,0,6,1
Female,157500,State Servant,Unknown,Unknown,Security Staff,39,12,0,18,1
Female,315000,Commercial Associate,Unknown,Unknown,Unknown,40,5,0,19,1
Unknown,126000,Working,Unknown,Unknown,Laborers,40,7,0,29,1
Female,157500,Unknown,Secondary / Secondary Special,Married,Unknown,40,9,0,18,1
Male,157500,Working,Unknown,Civil Marriage,Laborers,40,3,0,9,1
Unknown,193500,Working,Unknown,Unknown,High Skill Tech Staff,58,20,0,22,1
Unknown,234000,Working,Unknown,Married,High Skill Tech Staff,40,10,0,36,1
Female,135000,Unknown,Unknown,Married,Unknown,40,7,0,5,1
Male,202500,Working,Secondary / Secondary Special,Unknown,Unknown,40,3,0,14,1
Female,225000,Unknown,Unknown,Civil Marriage,Sales Staff,40,1,0,31,1
Male,315000,Unknown,Secondary / Secondary Special,Unknown,Laborers,40,7,0,18,1
Female,76500,Unknown,Secondary / Secondary Special,Widow,Unknown,54,9,0,7,1
Unknown,360000,Unknown,Higher Education,Unknown,Unknown,48,7,0,22,1
Unknown,76500,Unknown,Secondary / Secondary Special,Widow,Unknown,54,9,1,48,1
Female,270000,Unknown,Higher Education,Unknown,Accountants,40,3,0,18,1
Unknown,157500,Working,Secondary / Secondary Special,Unknown,Unknown,40,9,0,13,1
Female,292500,Unknown,Secondary / Secondary Special,Married,Unknown,40,9,0,18,1
Unknown,225000,Unknown,Unknown,Married,Unknown,38,7,0,18,1
Male,225000,Working,Secondary / Secondary Special,Married,Laborers,30,2,0,18,1
Unknown,225000,Commercial Associate,Higher Education,Married,Unknown,39,10,0,8,1
Female,675000,Unknown,Unknown,Unknown,Managers,38,7,0,18,1
Unknown,157500,Unknown,Secondary / Secondary Special,Married,Unknown,40,11,0,18,1
Unknown,279000,State Servant,Unknown,Single / Not Married,Managers,31,2,0,11,1
Female,270000,Unknown,Secondary / Secondary Special,Married,Laborers,40,25,0,10,1
Female,74250,Unknown,Higher Education,Separated,Unknown,53,7,0,9,1
Female,103500,Working,Secondary / Secondary Special,Unknown,Unknown,48,7,0,33,1
Unknown,157500,Working,Higher Education,Married,Security Staff,40,7,0,58,1
Female,67500,Unknown,Unknown,Married,Unknown,40,3,0,18,1
Female,157500,Unknown,Unknown,Unknown,Waiters/Barmen Staff,33,14,0,34,1
Female,112500,Unknown,Unknown,Married,Unknown,40,8,0,26,1
Unknown,180000,Unknown,Secondary / Secondary Special,Unknown,High Skill Tech Staff,29,2,0,18,1
Unknown,135000,Working,Unknown,Separated,Unknown,40,6,0,18,1
Unknown,135000,Working,Secondary / Secondary Special,Married,Drivers,40,7,0,49,1
Female,130500,Working,Secondary / Secondary Special,Unknown,Core Staff,38,7,0,18,1
Unknown,112500,Unknown,Higher Education,Married,Unknown,32,8,0,18,1
Male,191700,Unknown,Unknown,Married,Drivers,40,18,1,45,1
Unknown,202500,Commercial Associate,Secondary / Secondary Special,Unknown,Unknown,40,7,0,28,1
Female,90000,Unknown,Unknown,Unknown,Cooking Staff,52,7,0,7,1
Unknown,189000,Working,Secondary / Secondary Special,Unknown,Core Staff,40,7,0,11,1
Female,225000,Working,Unknown,Married,Cleaning Staff,40,2,0,2,1
Female,247500,Commercial Associate,Unknown,Civil Marriage,Laborers,32,7,0,18,1
Female,157500,Unknown,Secondary / Secondary Special,Unknown,Unknown,63,6,0,9,1
Unknown,144000,Working,Unknown,Unknown,Laborers,40,30,0,18,1
Unknown,337500,Commercial Associate,Unknown,Unknown,Unknown,40,1,0,12,1
Male,157500,Unknown,Secondary / Secondary Special,Unknown,Laborers,30,7,0,18,1
Unknown,202500,State Servant,Higher Education,Unknown,Core Staff,40,7,1,15,1
Unknown,157500,State Servant,Secondary / Secondary Special,Unknown,Waiters/Barmen Staff,40,7,0,18,1
Unknown,90000,Commercial Associate,Secondary / Secondary Special,Married,Laborers,40,8,0,18,1
Unknown,67500,Working,Unknown,Married,Unknown,40,9,0,18,1
Female,121500,Commercial Associate,Unknown,Single / Not Married,Sales Staff,40,11,0,18,1
Unknown,180000,Unknown,Higher Education,Unknown,Managers,37,7,0,49,1
Female,81000,Working,Unknown,Unknown,Unknown,54,9,0,5,1
Female,155250,Unknown,Secondary / Secondary Special,Unknown,Unknown,54,7,0,18,1
Female,135000,Commercial Associate,Secondary / Secondary Special,Separated,Private Service Staff,30,8,0,18,1
Female,216000,Working,Unknown,Single / Not Married,Unknown,50,9,0,18,1
Female,297000,Commercial Associate,Secondary / Secondary Special,Single / Not Married,Unknown,43,7,0,8,1
Male,202500,Working,Unknown,Married,Drivers,42,6,2,26,1
Female,112500,Unknown,Secondary / Secondary Special,Unknown,Sales Staff,41,4,0,18,1
Unknown,202500,Working,Secondary / Secondary Special,Unknown,Unknown,40,7,0,11,1
Unknown,198000,Unknown,Secondary / Secondary Special,Civil Marriage,Laborers,40,27,0,35,1
Male,405000,Unknown,Higher Education,Married,Managers,30,2,0,18,1
Unknown,90000,Unknown,Secondary / Secondary Special,Unknown,Drivers,51,5,0,4,1
Unknown,157500,Commercial Associate,Unknown,Married,High Skill Tech Staff,38,7,0,5,1
Female,261000,Unknown,Secondary / Secondary Special,Unknown,Unknown,52,13,0,18,1
Male,180000,Working,Unknown,Unknown,Laborers,47,7,0,18,1
Female,157500,Unknown,Lower Secondary,Widow,Cooking Staff,37,9,0,18,1
Unknown,270000,Unknown,Unknown,Unknown,Unknown,35,3,0,18,1
Female,171000,Unknown,Unknown,Unknown,Medicine Staff,40,8,0,18,1
Male,180000,Working,Secondary / Secondary Special,Married,Sales Staff,45,9,0,18,1
Unknown,90000,Unknown,Unknown,Married,Medicine Staff,35,7,0,14,1
Female,180000,Working,Higher Education,Widow,Sales Staff,53,4,0,18,1
Female,247500,Unknown,Higher Education,Married,Managers,40,4,0,18,1
Unknown,157500,Working,Secondary / Secondary Special,Unknown,Unknown,40,7,0,2,1
Male,112500,Commercial Associate,Secondary / Secondary Special,Unknown,Unknown,53,7,2,23,1
Unknown,135000,Working,Secondary / Secondary Special,Married,Private Service Staff,45,9,0,5,1
Female,112500,Working,Unknown,Unknown,Unknown,38,7,0,18,1
Female,157500,Unknown,Secondary / Secondary Special,Married,Sales Staff,40,7,0,11,1
Unknown,675000,Commercial Associate,Unknown,Married,Core Staff,37,9,0,14,1
Female,45000,Unknown,Secondary / Secondary Special,Unknown,Unknown,40,4,0,16,1
Female,207000,Unknown,Unknown,Widow,Unknown,55,7,0,29,1
Female,112500,Working,Secondary / Secondary Special,Civil Marriage,Sales Staff,40,7,0,15,1
Female,90000,Unknown,Secondary / Secondary Special,Civil Marriage,Unknown,58,7,0,54,1
Female,157500,State Servant,Unknown,Unknown,Medicine Staff,40,7,0,7,1
Unknown,112500,Unknown,Unknown,Single / Not Married,Security Staff,50,7,0,18,1
Female,130500,State Servant,Secondary / Secondary Special,Unknown,Core Staff,35,7,0,18,1
Unknown,315000,Unknown,Higher Education,Married,Unknown,40,7,0,22,1
Unknown,135000,Working,Unknown,Unknown,Unknown,37,2,1,18,1
Female,157500,Unknown,Unknown,Single / Not Married,Unknown,52,7,0,28,1
Female,135000,Unknown,Unknown,Unknown,Unknown,53,19,1,18,1
Male,157500,Commercial Associate,Unknown,Unknown,Unknown,33,4,0,18,1
Unknown,270000,Unknown,Higher Education,Married,Unknown,32,7,0,59,1
Unknown,135000,Working,Secondary / Secondary Special,Civil Marriage,Unknown,30,7,0,18,1
Male,202500,Unknown,Unknown,Married,Laborers,37,19,0,8,1
Female,144000,Working,Unknown,Married,Unknown,34,7,0,7,1
Female,270000,State Servant,Unknown,Unknown,Unknown,40,1,0,20,1
Male,207000,Working,Unknown,Unknown,Drivers,40,3,0,9,1
Female,153000,Unknown,Unknown,Married,Accountants,37,7,0,59,1
Female,112500,Unknown,Secondary / Secondary Special,Unknown,Core Staff,42,6,0,18,1
Male,135000,Working,Higher Education,Married,Core Staff,27,7,0,8,1
Unknown,135000,Unknown,Secondary / Secondary Special,Civil Marriage,Unknown,40,4,0,18,1
Unknown,157500,Unknown,Secondary / Secondary Special,Married,Unknown,37,4,0,18,1
Unknown,135000,Unknown,Unknown,Separated,Security Staff,40,5,0,6,1
Female,135000,Working,Unknown,Married,Sales Staff,40,7,6,50,1
Female,135000,Commercial Associate,Secondary / Secondary Special,Married,Core Staff,40,8,0,18,1
Male,135000,Unknown,Unknown,Unknown,Laborers,37,7,0,18,1
Male,166500,Unknown,Secondary / Secondary Special,Married,Unknown,52,18,0,7,1
Unknown,270000,Unknown,Secondary / Secondary Special,Unknown,Laborers,40,13,0,18,1
Unknown,135000,Unknown,Secondary / Secondary Special,Married,Unknown,35,1,0,28,1
Unknown,270000,Unknown,Secondary / Secondary Special,Separated,Unknown,40,7,0,27,1
Female,162000,Working,Secondary / Secondary Special,Separated,Unknown,40,7,0,50,1
Unknown,225000,Working,Unknown,Unknown,Sales Staff,40,6,2,27,1
Male,225000,Working,Secondary / Secondary Special,Unknown,Cleaning Staff,40,4,0,34,1
Unknown,315000,Unknown,Secondary / Secondary Special,Separated,Unknown,52,6,0,18,1
Male,135000,Working,Secondary / Secondary Special,Single / Not Married,Drivers,40,7,0,7,1
Female,292500,Unknown,Secondary / Secondary Special,Unknown,Unknown,51,7,0,3,1
Unknown,112500,Working,Secondary / Secondary Special,Unknown,Drivers,54,10,0,9,1
Female,135000,Unknown,Secondary / Secondary Special,Single / Not Married,Unknown,24,7,0,1,1
Unknown,135000,Unknown,Higher Education,Unknown,Unknown,40,6,0,6,1
Male,148500,Unknown,Unknown,Unknown,Sales Staff,32,7,0,5,1
Female,90000,Unknown,Secondary / Secondary Special,Married,Drivers,36,17,0,10,1
Female,67500,Unknown,Secondary / Secondary Special,Unknown,Unknown,40,7,0,18,1
Male,175500,Working,Secondary / Secondary Special,Married,Sales Staff,40,7,0,3,1
Female,207000,Unknown,Higher Education,Unknown,Medicine Staff,40,10,0,39,1
Unknown,126000,Working,Secondary / Secondary Special,Married,Unknown,28,5,0,18,1
Unknown,225000,Working,Secondary / Secondary Special,Married,Drivers,32,3,0,41,1
Female,54000,Working,Secondary / Secondary Special,Unknown,Sales Staff,28,7,0,4,1
Male,315000,Working,Secondary / Secondary Special,Single / Not Married,Laborers,49,1,0,1,1
Female,135000,Unknown,Higher Education,Married,Sales Staff,40,5,0,10,1
Unknown,121500,Commercial Associate,Unknown,Married,Accountants,47,4,0,18,1
Unknown,270000,State Servant,Secondary / Secondary Special,Unknown,Medicine Staff,54,34,0,18,1
Female,202500,Working,Unknown,Unknown,Unknown,33,7,0,15,1
Male,180000,Working,Secondary / Secondary Special,Married,Laborers,40,3,0,56,1
Unknown,121500,Working,Higher Education,Married,Unknown,28,7,0,11,1
Unknown,202500,Commercial Associate,Secondary / Secondary Special,Civil Marriage,Security Staff,40,4,0,18,1
Female,180000,State Servant,Secondary / Secondary Special,Married,Laborers,40,5,0,18,1
Female,135000,Unknown,Unknown,Married,Unknown,28,3,0,53,1
Male,76500,Unknown,Unknown,Unknown,Laborers,40,7,0,41,1
Female,112500,Unknown,Secondary / Secondary Special,Married,Unknown,40,15,0,10,1
Female,58500,Unknown,Secondary / Secondary Special,Married,Unknown,41,7,0,40,1
Male,225000,Working,Higher Education,Unknown,Core Staff,37,11,0,18,1
Female,202500,Unknown,Higher Education,Unknown,Sales Staff,26,7,1,50,1
Unknown,157500,Working,Secondary / Secondary Special,Unknown,Unknown,40,22,0,12,1
Female,67500,Unknown,Unknown,Unknown,Unknown,28,7,0,19,1
Unknown,450000,State Servant,Unknown,Unknown,Unknown,40,16,0,7,1
Unknown,135000,Unknown,Unknown,Married,Laborers,40,24,0,2,1
Male,270000,Commercial Associate,Secondary / Secondary Special,Married,Unknown,40,11,0,18,1
Female,157500,Working,Higher Education,Married,Sales Staff,54,5,0,18,1
Unknown,337500,Working,Secondary / Secondary Special,Unknown,Unknown,32,10,0,52,1
Female,360000,Commercial Associate,Unknown,Unknown,Managers,40,8,0,29,1
Unknown,265500,Unknown,Higher Education,Unknown,Unknown,28,7,0,18,1
Female,72000,Unknown,Higher Education,Married,Unknown,40,2,0,18,1
Female,135000,Unknown,Unknown,Single / Not Married,Unknown,30,6,9,28,1
Male,171000,Working,Secondary / Secondary Special,Married,Unknown,40,4,0,32,1
Unknown,90000,Unknown,Higher Education,Married,High Skill Tech Staff,40,10,0,39,1
Male,225000,Unknown,Higher Education,Single / Not Married,Unknown,28,7,0,29,1
Female,166500,Commercial Associate,Unknown,Single / Not Married,Managers,40,12,0,11,1
Female,180000,Working,Secondary / Secondary Special,Separated,Laborers,40,13,0,24,1
Unknown,193500,Commercial Associate,Unknown,Married,Sales Staff,40,5,0,34,1
Male,180000,Unknown,Higher Education,Unknown,Laborers,40,3,0,27,1
Male,117000,Commercial Associate,Secondary / Secondary Special,Married,Laborers,53,3,0,27,1
Unknown,112500,Working,Higher Education,Unknown,Unknown,29,5,0,18,1
Unknown,216000,Working,Secondary / Secondary Special,Unknown,Unknown,40,4,0,48,1
Female,126000,Commercial Associate,Higher Education,Single / Not Married,Unknown,40,7,0,5,0
Female,202500,Unknown,Unknown,Separated,Accountants,39,7,0,18,1
Female,193500,Commercial Associate,Secondary / Secondary Special,Unknown,Unknown,50,7,0,10,1
Unknown,225000,Unknown,Higher Education,Unknown,Unknown,40,7,0,60,1
Unknown,144000,Unknown,Secondary / Secondary Special,Unknown,Cleaning Staff,51,3,0,11,1
Unknown,67500,Unknown,Unknown,Unknown,High Skill Tech Staff,36,7,0,20,1
Female,202500,Commercial Associate,Unknown,Married,Unknown,44,16,0,18,1
Unknown,135000,Unknown,Secondary / Secondary Special,Civil Marriage,Medicine Staff,45,15,0,61,1
Male,135000,Unknown,Secondary / Secondary Special,Single / Not Married,Laborers,31,7,0,2,1
Unknown,135000,Commercial Associate,Secondary / Secondary Special,Married,Unknown,40,7,0,28,1
Male,180000,Working,Unknown,Married,Unknown,54,13,0,18,1
Unknown,122400,Unknown,Secondary / Secondary Special,Married,Medicine Staff,58,4,0,18,1
Female,180000,Unknown,Incomplete Higher,Married,High Skill Tech Staff,40,21,0,18,1
Female,360000,Unknown,Secondary / Secondary Special,Married,Managers,35,7,0,18,1
Female,112500,State Servant,Secondary / Secondary Special,Unknown,Unknown,41,8,0,18,1
Unknown,225000,Unknown,Secondary / Secondary Special,Unknown,Drivers,40,9,0,21,1
Female,162000,Commercial Associate,Unknown,Married,Unknown,55,7,0,28,1
Unknown,135000,Unknown,Unknown,Married,Accountants,49,7,0,18,1
Unknown,157500,Unknown,Secondary / Secondary Special,Civil Marriage,Laborers,49,7,0,14,1
Unknown,135000,Commercial Associate,Secondary / Secondary Special,Married,Unknown,34,7,0,18,1
Unknown,90000,Unknown,Secondary / Secondary Special,Unknown,Laborers,40,1,0,2,1
Male,315000,Commercial Associate,Secondary / Secondary Special,Unknown,Unknown,40,7,0,46,1
Female,256500,State Servant,Unknown,Unknown,Unknown,49,7,0,18,1
Female,180000,Commercial Associate,Unknown,Married,High Skill Tech Staff,40,7,0,15,1
Female,130500,Unknown,Unknown,Married,Unknown,40,1,0,18,1
Female,315000,Unknown,Secondary / Secondary Special,Unknown,Unknown,31,2,0,30,1
Unknown,234000,Commercial Associate,Unknown,Unknown,Sales Staff,40,4,0,18,1
Male,112500,Working,Secondary / Secondary Special,Married,Laborers,40,7,0,24,1
Unknown,270000,Working,Secondary / Secondary Special,Married,Laborers,40,7,0,24,1
Male,225000,Commercial Associate,Unknown,Single / Not Married,Unknown,40,1,2,31,1
Unknown,202500,Working,Unknown,Unknown,Unknown,51,3,0,53,1
Female,166500,Commercial Associate,Unknown,Unknown,Managers,34,7,0,18,1
Female,225000,Unknown,Unknown,Unknown,Sales Staff,40,3,0,22,1
Female,180000,Unknown,Unknown,Unknown,Laborers,29,7,0,2,1
Female,171000,Working,Unknown,Unknown,Unknown,40,7,0,18,1
Unknown,180000,Commercial Associate,Unknown,Unknown,Unknown,36,1,0,18,1
Unknown,135000,Unknown,Higher Education,Unknown,Laborers,56,1,0,6,1
Male,337500,Working,Secondary / Secondary Special,Married,Unknown,40,7,0,6,1
Unknown,180000,Unknown,Higher Education,Married,Laborers,31,5,0,16,1
Male,315000,Working,Unknown,Unknown,Unknown,54,7,0,2,1
Male,292500,Unknown,Higher Education,Unknown,Unknown,29,7,0,12,1
Female,225000,Unknown,Unknown,Unknown,Accountants,39,10,0,18,1
Male,135000,Unknown,Unknown,Married,Managers,40,7,0,18,1
Unknown,112500,Unknown,Secondary / Secondary Special,Unknown,Unknown,51,2,0,18,1
Female,180000,Commercial Associate,Higher Education,Unknown,Unknown,40,7,0,18,1
Unknown,157500,Working,Higher Education,Unknown,Accountants,40,7,0,5,1
Female,117000,Unknown,Unknown,Single / Not Married,Unknown,28,7,2,33,1
Female,252000,Commercial Associate,Unknown,Married,Unknown,42,7,0,22,1
Unknown,157500,Working,Unknown,Married,Private Service Staff,40,7,0,27,1
Female,180000,Commercial Associate,Higher Education,Unknown,Core Staff,40,7,0,12,1
Male,202500,Unknown,Unknown,Married,Core Staff,40,5,0,17,1
Male,234000,Unknown,Secondary / Secondary Special,Unknown,High Skill Tech Staff,40,7,0,18,1
Female,157500,Commercial Associate,Secondary / Secondary Special,Married,Unknown,41,4,0,16,1
Female,112500,Working,Unknown,Separated,Sales Staff,40,2,0,45,1
Male,247500,Unknown,Higher Education,Civil Marriage,Core Staff,40,2,0,14,1
Male,180000,Unknown,Secondary / Secondary Special,Married,Unknown,40,7,0,35,1
Male,99000,Working,Unknown,Married,Security Staff,50,2,0,18,1
Unknown,225000,Commercial Associate,Unknown,Unknown,Unknown,43,11,0,18,1
Unknown,180000,Unknown,Unknown,Married,Laborers,49,16,0,18,1
Female,135000,Unknown,Higher Education,Married,High Skill Tech Staff,40,3,0,6,1
Female,99000,Working,Unknown,Married,Core Staff,40,7,0,18,1
Unknown,180000,Unknown,Unknown,Civil Marriage,Drivers,41,2,0,18,1
Male,157500,Unknown,Higher Education,Married,Drivers,45,5,0,18,1
Female,112500,Unknown,Higher Education,Unknown,Unknown,48,7,0,18,1
Male,225000,State Servant,Unknown,Unknown,Unknown,40,10,0,18,1
Female,171000,Unknown,Unknown,Unknown,Medicine Staff,40,8,0,18,1
Male,225000,Unknown,Unknown,Unknown,Unknown,42,7,0,15,1
Female,119250,Unknown,Secondary / Secondary Special,Married,Unknown,44,13,0,18,1
Female,270000,Unknown,Secondary / Secondary Special,Married,Waiters/Barmen Staff,56,4,0,17,1
Female,121500,State Servant,Higher Education,Married,Unknown,61,15,0,18,1
Female,180000,Unknown,Secondary / Secondary Special,Married,Unknown,46,7,0,29,1
Female,135000,Working,Unknown,Married,Private Service Staff,31,7,0,3,1
Unknown,180000,Unknown,Secondary / Secondary Special,Married,Unknown,40,6,0,18,1
Female,247500,Unknown,Unknown,Unknown,Sales Staff,48,3,0,18,1
Male,247500,Working,Unknown,Married,Managers,40,7,0,18,1
Unknown,157500,Unknown,Secondary / Secondary Special,Married,Unknown,55,7,0,18,1
Unknown,144000,Unknown,Secondary / Secondary Special,Unknown,Unknown,40,7,0,33,1
Unknown,193500,Working,Secondary / Secondary Special,Married,Security Staff,48,3,0,5,1
Unknown,274500,Commercial Associate,Unknown,Married,Laborers,40,10,0,9,1
Female,135000,Working,Secondary / Secondary Special,Unknown,Security Staff,36,7,0,18,1
Female,369000,State Servant,Unknown,Married,Medicine Staff,50,8,0,32,1
Unknown,112500,Working,Unknown,Unknown,Core Staff,40,3,0,18,1
Unknown,202500,Unknown,Secondary / Secondary Special,Unknown,Medicine Staff,64,7,0,3,1
Unknown,180000,Unknown,Unknown,Unknown,Laborers,45,17,0,2,1
Unknown,292500,Commercial Associate,Secondary / Secondary Special,Unknown,Laborers,40,7,0,8,1
Male,135000,Unknown,Secondary / Secondary Special,Unknown,High Skill Tech Staff,44,8,0,47,1
Female,112500,Unknown,Unknown,Married,Unknown,29,7,0,7,1
Female,180000,Commercial Associate,Secondary / Secondary Special,Unknown,Unknown,40,2,0,18,1
Female,234000,State Servant,Unknown,Unknown,Unknown,40,7,0,14,1
Female,405000,State Servant,Higher Education,Single / Not Married,Managers,40,3,0,18,1
Female,297000,Commercial Associate,Unknown,Single / Not Married,Laborers,40,9,1,11,1
Female,135000,Unknown,Unknown,Unknown,Laborers,40,9,0,33,1
Female,157500,Unknown,Higher Education,Married,Sales Staff,40,7,0,18,1
Female,360000,State Servant,Unknown,Unknown,Core Staff,40,7,0,18,1
Female,58500,Working,Secondary / Secondary Special,Married,Security Staff,38,7,0,19,1
Female,292500,Commercial Associate,Unknown,Civil Marriage,Unknown,40,30,0,29,1
Female,202500,Working,Unknown,Unknown,Unknown,40,9,0,25,1
Female,180000,Working,Unknown,Married,Unknown,40,7,0,31,1
Female,135000,Commercial Associate,Unknown,Married,Core Staff,40,7,0,8,1
Female,81000,Unknown,Secondary / Secondary Special,Unknown,Unknown,40,7,0,18,1
Unknown,171000,Commercial Associate,Secondary / Secondary Special,Unknown,Cleaning Staff,56,8,2,18,1
Male,112500,Unknown,Unknown,Married,Core Staff,40,6,0,31,1
Male,247500,Working,Higher Education,Unknown,Unknown,26,1,0,18,1
Unknown,90000,Unknown,Secondary / Secondary Special,Married,Unknown,40,5,1,18,1
Unknown,112500,Unknown,Secondary / Secondary Special,Unknown,Unknown,40,7,0,45,1
Male,225000,Unknown,Unknown,Married,Unknown,36,12,0,29,1
Female,180000,Working,Unknown,Married,Sales Staff,40,1,0,18,1
Unknown,157500,Working,Secondary / Secondary Special,Married,Laborers,38,7,0,27,1
Unknown,90000,Unknown,Secondary / Secondary Special,Married,Unknown,35,6,0,4,1
Unknown,135000,Unknown,Secondary / Secondary Special,Unknown,Laborers,40,7,0,18,1
Female,391500,Commercial Associate,Unknown,Married,Managers,48,7,0,9,1
Female,225000,Commercial Associate,Unknown,Unknown,Private Service Staff,40,10,0,38,1
Female,157500,Commercial Associate,Unknown,Unknown,Unknown,40,7,0,21,1
Female,135000,Unknown,Secondary / Secondary Special,Married,Hr Staff,60,6,0,9,1
Female,90000,Unknown,Secondary / Secondary Special,Married,Private Service Staff,28,6,0,11,1
Unknown,157500,Commercial Associate,Higher Education,Unknown,Managers,40,7,0,18,1
Female,180000,Unknown,Higher Education,Married,Core Staff,40,7,0,20,1
Female,157500,Working,Secondary / Secondary Special,Civil Marriage,Cooking Staff,42,10,0,41,1
Female,270000,Working,Unknown,Unknown,Unknown,40,11,0,18,1
Unknown,135000,Unknown,Unknown,Separated,Unknown,39,9,0,14,1
Unknown,90000,Working,Higher Education,Married,Unknown,40,7,0,18,1
Female,112500,Unknown,Unknown,Married,Laborers,42,16,0,18,1
Female,225000,State Servant,Higher Education,Married,Core Staff,49,7,0,18,1
Unknown,171000,Commercial Associate,Unknown,Unknown,Accountants,31,6,0,18,1
Unknown,315000,State Servant,Higher Education,Unknown,Unknown,25,3,0,15,1
Male,225000,Unknown,Unknown,Unknown,Laborers,40,7,0,48,1
Unknown,270000,Commercial Associate,Secondary / Secondary Special,Married,Realty Agents,47,4,0,9,1
Unknown,139500,Commercial Associate,Higher Education,Single / Not Married,Sales Staff,25,1,0,18,1
Female,121500,Commercial Associate,Secondary / Secondary Special,Unknown,Laborers,50,26,0,13,1
Unknown,157500,Unknown,Higher Education,Married,Unknown,27,3,0,3,1
Unknown,180000,Working,Unknown,Unknown,Cooking Staff,49,7,0,18,1
Female,90000,Working,Unknown,Married,Unknown,52,5,0,18,1
Female,67500,Unknown,Secondary / Secondary Special,Married,Unknown,40,20,0,18,1
Male,135000,Commercial Associate,Unknown,Unknown,Laborers,40,18,0,18,1
Male,180000,Unknown,Secondary / Secondary Special,Single / Not Married,Unknown,40,7,0,18,1
Female,270000,Commercial Associate,Higher Education,Civil Marriage,Laborers,31,11,0,15,1
Unknown,202500,Commercial Associate,Secondary / Secondary Special,Married,Unknown,40,3,0,5,1
Female,234000,Unknown,Unknown,Single / Not Married,Unknown,40,7,0,37,1
Male,94500,Working,Secondary / Secondary Special,Unknown,Drivers,39,7,0,9,1
Male,202500,Working,Unknown,Married,Laborers,40,8,0,39,1
Unknown,135000,Unknown,Secondary / Secondary Special,Widow,Managers,40,3,0,18,1
Unknown,178200,Working,Unknown,Unknown,Unknown,31,7,0,18,1
Unknown,202500,Commercial Associate,Unknown,Separated,Accountants,39,4,0,18,1
Female,76500,Working,Unknown,Married,High Skill Tech Staff,34,7,0,7,1
Unknown,90000,Commercial Associate,Secondary / Secondary Special,Unknown,Unknown,52,9,0,18,1
Female,157500,State Servant,Unknown,Unknown,Core Staff,40,3,0,18,1
Male,180000,Working,Unknown,Civil Marriage,Unknown,40,10,0,7,1
Unknown,180000,Unknown,Unknown,Unknown,Unknown,40,12,0,57,1
Female,270000,Commercial Associate,Unknown,Unknown,Managers,40,23,0,18,1
Female,63000,Commercial Associate,Unknown,Married,Core Staff,40,6,0,22,1
Unknown,225000,Unknown,Unknown,Separated,Managers,42,7,0,18,1
Unknown,157500,Working,Secondary / Secondary Special,Single / Not Married,Drivers,31,7,0,18,1
Female,157500,Unknown,Higher Education,Married,Unknown,38,7,0,18,1
Unknown,135000,Unknown,Secondary / Secondary Special,Married,Managers,40,7,0,3,1
Unknown,337500,Commercial Associate,Unknown,Single / Not Married,Sales Staff,32,7,0,60,1
Female,135000,Unknown,Secondary / Secondary Special,Married,Unknown,39,1,0,6,1
Male,126000,Unknown,Unknown,Married,Unknown,41,8,0,23,1
Male,198000,Commercial Associate,Unknown,Married,Unknown,38,7,0,46,1
Unknown,193500,Working,Higher Education,Unknown,Unknown,40,7,0,32,1
Male,157500,Unknown,Secondary / Secondary Special,Married,Laborers,40,7,0,15,1
Female,157500,Unknown,Higher Education,Married,Sales Staff,40,7,0,18,1
Female,360000,Commercial Associate,Unknown,Married,Managers,51,5,0,30,1
Female,270000,Working,Unknown,Unknown,Unknown,55,7,0,33,1
Unknown,616500,Commercial Associate,Unknown,Unknown,Managers,37,7,0,18,1
Female,112500,Unknown,Unknown,Unknown,Unknown,28,7,0,40,1
Female,405000,Unknown,Unknown,Married,Unknown,40,7,0,47,1
Male,234000,Working,Secondary / Secondary Special,Unknown,Laborers,43,9,0,18,1
Male,90000,Working,Secondary / Secondary Special,Married,Unknown,40,1,0,18,1
Female,157500,Unknown,Unknown,Civil Marriage,Cooking Staff,41,7,0,16,1
Male,202500,Unknown,Secondary / Secondary Special,Married,Core Staff,40,7,0,18,1
Male,139500,Working,Secondary / Secondary Special,Married,Unknown,51,7,0,18,1
Unknown,202500,Commercial Associate,Unknown,Married,Unknown,40,7,1,18,1
Unknown,135000,Working,Unknown,Married,Unknown,26,3,0,18,1
Male,135000,Working,Secondary / Secondary Special,Unknown,Security Staff,44,1,0,14,1
Male,270000,Working,Unknown,Married,Laborers,40,5,0,24,1
Unknown,315000,Commercial Associate,Higher Education,Married,Managers,46,9,0,19,1
Unknown,675000,Unknown,Secondary / Secondary Special,Married,Drivers,39,7,0,2,1
Unknown,157500,Commercial Associate,Secondary / Secondary Special,Married,Unknown,25,7,0,24,1
Unknown,135000,Working,Unknown,Unknown,Laborers,42,14,0,13,1
Male,202500,Unknown,Secondary / Secondary Special,Married,Unknown,40,11,0,11,1
Unknown,90000,Unknown,Unknown,Unknown,Unknown,29,5,0,34,1
Unknown,112500,Unknown,Secondary / Secondary Special,Unknown,Sales Staff,40,7,1,9,1
Unknown,157500,Unknown,Higher Education,Married,Laborers,34,7,0,18,1
Female,135000,Commercial Associate,Unknown,Married,Laborers,40,6,0,18,1
Unknown,270000,Working,Unknown,Single / Not Married,Laborers,42,9,0,18,1
Female,135000,Working,Higher Education,Unknown,Unknown,38,7,0,7,1
Female,234000,Working,Secondary / Secondary Special,Unknown,Cleaning Staff,50,7,2,18,1
Unknown,450000,Working,Secondary / Secondary Special,Married,Unknown,41,20,0,18,1
Unknown,157500,Unknown,Secondary / Secondary Special,Married,Unknown,47,7,0,54,1
Female,450000,Unknown,Secondary / Secondary Special,Married,Laborers,52,2,0,10,1
Female,112500,Working,Unknown,Unknown,Unknown,28,2,0,18,1
Unknown,360000,Commercial Associate,Incomplete Higher,Married,Managers,45,7,0,18,1
Female,261000,Commercial Associate,Secondary / Secondary Special,Single / Not Married,Unknown,24,3,0,18,1
Unknown,135000,Working,Higher Education,Unknown,Managers,40,4,0,3,1
Unknown,270000,Unknown,Secondary / Secondary Special,Married,Unknown,40,7,0,18,1
Male,202500,Unknown,Unknown,Married,Laborers,49,2,0,21,1
Female,157500,Working,Secondary / Secondary Special,Married,Cooking Staff,35,17,0,18,1
Unknown,180000,Commercial Associate,Unknown,Single / Not Married,Unknown,27,6,0,18,1
Male,225000,Commercial Associate,Secondary / Secondary Special,Single / Not Married,Managers,48,7,0,18,1
Unknown,180000,Commercial Associate,Higher Education,Separated,Unknown,40,20,0,43,1
Female,180000,Working,Higher Education,Married,Core Staff,39,20,0,1,1
Male,135000,Unknown,Unknown,Married,Laborers,41,7,0,18,1
Unknown,112500,Unknown,Unknown,Unknown,Unknown,41,7,0,18,1
Unknown,180000,Unknown,Unknown,Unknown,Unknown,38,9,0,29,1
Female,355500,Commercial Associate,Secondary / Secondary Special,Married,Core Staff,40,1,0,45,1
Female,202500,Working,Unknown,Married,Laborers,37,15,8,18,1
Unknown,270000,Working,Higher Education,Married,Core Staff,51,28,1,18,1
Male,180000,Working,Secondary / Secondary Special,Unknown,Unknown,42,9,0,51,1
Unknown,202500,Working,Unknown,Unknown,Unknown,31,7,0,15,1
Male,202500,Unknown,Secondary / Secondary Special,Unknown,Laborers,51,10,0,21,1
Female,135000,State Servant,Unknown,Unknown,Unknown,40,7,0,4,1
Male,76500,Unknown,Secondary / Secondary Special,Married,Laborers,40,7,0,18,1
Female,180000,Working,Unknown,Civil Marriage,Unknown,54,7,0,14,1
Unknown,225000,Working,Secondary / Secondary Special,Unknown,Drivers,37,7,0,18,1
Unknown,135000,Commercial Associate,Secondary / Secondary Special,Unknown,Unknown,49,7,0,24,1
Unknown,90000,Unknown,Unknown,Married,Medicine Staff,40,23,0,19,1
Female,270000,Unknown,Secondary / Secondary Special,Married,Managers,37,7,0,18,1
Male,90000,Unknown,Secondary / Secondary Special,Unknown,Unknown,39,7,0,18,1
Unknown,112500,Working,Unknown,Unknown,Core Staff,32,3,0,18,1
Unknown,225000,Working,Unknown,Married,Drivers,37,3,0,18,1
Female,112500,Unknown,Secondary / Secondary Special,Unknown,Laborers,40,15,0,18,1
Unknown,157500,Working,Unknown,Married,Unknown,42,7,0,8,1
Unknown,135000,Commercial Associate,Unknown,Married,Sales Staff,40,4,0,18,1
Female,112500,Unknown,Higher Education,Married,Sales Staff,30,7,0,8,1
Female,135000,Commercial Associate,Secondary / Secondary Special,Unknown,Unknown,40,7,0,18,1
Unknown,148500,Working,Unknown,Unknown,Laborers,40,9,0,3,1
Unknown,184500,Working,Higher Education,Unknown,Core Staff,40,13,0,1,1
Female,234000,Working,Secondary / Secondary Special,Single / Not Married,Unknown,57,22,0,19,1
Unknown,193500,State Servant,Higher Education,Unknown,Core Staff,31,4,0,23,1
Female,180000,Working,Unknown,Unknown,Managers,49,7,0,27,1
Unknown,135000,Unknown,Secondary / Secondary Special,Married,Unknown,35,7,0,21,1
Female,166500,Commercial Associate,Unknown,Civil Marriage,Unknown,39,7,0,18,1
Unknown,157500,Commercial Associate,Unknown,Unknown,Core Staff,29,7,0,18,1
Unknown,306000,Commercial Associate,Unknown,Married,Unknown,53,4,0,18,1
Unknown,270000,Unknown,Secondary / Secondary Special,Unknown,Laborers,40,13,0,18,1
Female,247500,Working,Secondary / Secondary Special,Civil Marriage,Unknown,40,4,0,48,1
Unknown,270000,Unknown,Higher Education,Unknown,Managers,44,9,2,18,1
Unknown,202500,Unknown,Secondary / Secondary Special,Married,Medicine Staff,42,3,1,18,1
Male,225000,Commercial Associate,Unknown,Unknown,Drivers,40,7,0,18,1
Female,81000,Working,Secondary / Secondary Special,Unknown,Medicine Staff,47,7,0,11,1
Unknown,270000,Unknown,Higher Education,Married,Drivers,30,7,0,18,1
Female,144000,Unknown,Secondary / Secondary Special,Unknown,Sales Staff,46,28,0,36,1
Male,135000,Working,Secondary / Secondary Special,Married,Laborers,29,4,3,23,1
Female,112500,State Servant,Lower Secondary,Married,Laborers,40,8,0,18,1
Unknown,135000,Working,Secondary / Secondary Special,Married,Unknown,48,11,0,18,1
Unknown,135000,Unknown,Secondary / Secondary Special,Married,Unknown,36,13,1,20,1
Female,90000,Unknown,Secondary / Secondary Special,Married,Sales Staff,40,7,0,18,1
Male,315000,Unknown,Higher Education,Unknown,Unknown,36,7,0,20,1
Unknown,180000,Working,Higher Education,Married,Unknown,28,2,0,18,1
Unknown,108000,Working,Secondary / Secondary Special,Married,Sales Staff,36,4,0,2,1
Unknown,225000,Unknown,Secondary / Secondary Special,Married,Security Staff,40,13,1,6,1
Female,225000,Working,Unknown,Widow,Unknown,40,2,0,18,1
Female,216000,Unknown,Secondary / Secondary Special,Married,Medicine Staff,40,12,0,18,1
Female,225000,Unknown,Unknown,Unknown,Accountants,40,8,0,18,1
Unknown,90000,Unknown,Lower Secondary,Single / Not Married,Core Staff,40,8,0,18,1
Unknown,180000,Working,Higher Education,Married,Laborers,40,7,0,19,1
Female,225000,Unknown,Secondary / Secondary Special,Married,Managers,48,6,0,18,1
Male,225000,Working,Secondary / Secondary Special,Unknown,Laborers,38,2,0,28,1
Unknown,159750,Commercial Associate,Unknown,Unknown,Core Staff,40,1,0,18,1
Female,225000,Commercial Associate,Higher Education,Unknown,Managers,44,3,0,18,1
Unknown,225000,Commercial Associate,Higher Education,Widow,Unknown,55,28,0,20,1
Female,180000,Commercial Associate,Higher Education,Civil Marriage,Hr Staff,40,7,0,12,1
Unknown,292500,Commercial Associate,Secondary / Secondary Special,Civil Marriage,Unknown,49,7,0,5,1
Unknown,225000,Unknown,Higher Education,Married,Unknown,40,9,0,42,1
Unknown,121500,Unknown,Secondary / Secondary Special,Unknown,Unknown,40,7,0,31,1
Female,216000,State Servant,Higher Education,Widow,Core Staff,51,12,0,11,1
Unknown,90000,Working,Secondary / Secondary Special,Single / Not Married,Laborers,25,3,0,25,1
Unknown,157500,Commercial Associate,Unknown,Unknown,Unknown,40,1,0,33,1
Unknown,135000,Commercial Associate,Secondary / Secondary Special,Married,Core Staff,40,7,0,15,1
Unknown,405000,Unknown,Higher Education,Widow,Accountants,37,7,0,18,1
Female,180000,Working,Higher Education,Widow,Secretaries,40,7,0,20,1
Female,202500,Unknown,Secondary / Secondary Special,Civil Marriage,Core Staff,31,7,0,18,1
Female,202500,Working,Higher Education,Married,Unknown,40,7,0,44,1
Unknown,225000,Working,Unknown,Married,Unknown,31,7,0,36,1
Male,180000,Unknown,Secondary / Secondary Special,Unknown,Unknown,40,14,0,16,1
Female,202500,Unknown,Secondary / Secondary Special,Unknown,Medicine Staff,47,7,0,4,1
Unknown,247500,Commercial Associate,Secondary / Secondary Special,Single / Not Married,Sales Staff,40,18,0,6,1
Female,450000,Commercial Associate,Secondary / Secondary Special,Married,Managers,47,26,0,30,1
Female,315000,Unknown,Unknown,Unknown,Unknown,31,7,0,10,1
Unknown,126000,Working,Unknown,Married,Unknown,59,6,0,34,1
Female,81000,Unknown,Higher Education,Unknown,Core Staff,31,8,0,13,1
Unknown,175500,Working,Secondary / Secondary Special,Unknown,Cleaning Staff,46,7,0,33,1
Female,112500,Unknown,Unknown,Unknown,High Skill Tech Staff,40,7,0,18,1
Unknown,238500,Unknown,Higher Education,Married,Unknown,40,6,0,33,1
Unknown,270000,Unknown,Secondary / Secondary Special,Unknown,Laborers,40,26,0,18,1
Unknown,90000,Working,Secondary / Secondary Special,Unknown,Laborers,53,7,0,51,1
Unknown,139500,Working,Unknown,Unknown,Unknown,40,20,2,20,1
Female,225000,Working,Secondary / Secondary Special,Unknown,Private Service Staff,36,2,0,9,1
Female,135000,Unknown,Secondary / Secondary Special,Civil Marriage,Cleaning Staff,40,3,0,16,1
Unknown,360000,Unknown,Higher Education,Widow,Managers,46,7,0,18,1
Male,270000,Working,Unknown,Married,Laborers,33,2,0,18,1
Male,225000,Working,Secondary / Secondary Special,Unknown,Laborers,40,7,3,21,1
Male,135000,Unknown,Unknown,Unknown,Laborers,32,2,0,2,1
Female,135000,Unknown,Secondary / Secondary Special,Unknown,Sales Staff,40,1,0,21,1
Unknown,216000,Working,Higher Education,Widow,Unknown,36,4,0,18,1
Unknown,99000,Unknown,Secondary / Secondary Special,Married,Unknown,50,2,0,18,1
Male,157500,Unknown,Higher Education,Single / Not Married,Sales Staff,40,5,0,4,1
Unknown,81000,Working,Secondary / Secondary Special,Unknown,Unknown,49,2,0,15,1
Female,405000,Working,Unknown,Married,Unknown,40,5,0,18,1
Unknown,180000,Unknown,Higher Education,Married,Managers,40,7,0,18,1
Female,135000,Unknown,Secondary / Secondary Special,Widow,Unknown,38,1,0,10,1
Unknown,189000,Unknown,Secondary / Secondary Special,Married,Core Staff,44,8,0,20,1
Female,180000,Working,Higher Education,Married,Managers,40,9,0,18,1
Female,180000,Unknown,Unknown,Unknown,Medicine Staff,57,7,1,13,1
Unknown,112500,Working,Secondary / Secondary Special,Married,Laborers,40,7,0,49,1
Unknown,139500,Unknown,Secondary / Secondary Special,Unknown,Unknown,46,5,1,8,1
Female,90000,Unknown,Unknown,Married,Cleaning Staff,40,7,0,16,1
Male,180000,Working,Unknown,Married,Laborers,31,7,0,16,1
Female,171000,Unknown,Secondary / Secondary Special,Unknown,Sales Staff,42,7,0,50,1
Male,126000,Working,Unknown,Unknown,Sales Staff,50,7,0,24,1
Unknown,103500,Working,Secondary / Secondary Special,Unknown,Sales Staff,33,7,0,18,1
Female,315000,Working,Unknown,Separated,Unknown,40,6,0,6,1
Unknown,166500,Working,Higher Education,Married,Unknown,29,7,0,45,1
Unknown,135000,Commercial Associate,Higher Education,Unknown,Unknown,40,7,0,18,1
Male,225000,Unknown,Secondary / Secondary Special,Single / Not Married,Unknown,48,7,5,18,1
Female,171000,State Servant,Unknown,Separated,It Staff,57,7,0,18,1
Female,126000,Unknown,Secondary / Secondary Special,Single / Not Married,Core Staff,51,6,0,18,1
Female,121500,Commercial Associate,Secondary / Secondary Special,Married,Unknown,31,8,0,28,1
Female,445500,Commercial Associate,Unknown,Married,Managers,40,2,0,33,1
Unknown,270000,Commercial Associate,Secondary / Secondary Special,Unknown,Unknown,40,8,0,27,1
Male,225000,Unknown,Unknown,Unknown,Laborers,33,13,0,5,1
Female,157500,Unknown,Secondary / Secondary Special,Unknown,Core Staff,40,7,3,18,1
Unknown,202500,Commercial Associate,Secondary / Secondary Special,Separated,Unknown,40,10,0,30,1
Male,180000,Unknown,Unknown,Married,Unknown,28,2,0,36,1
Female,81000,Working,Unknown,Unknown,Sales Staff,54,3,0,18,1
Unknown,202500,Commercial Associate,Secondary / Secondary Special,Unknown,Drivers,39,1,0,18,1
Female,225000,Working,Unknown,Married,Managers,40,3,0,36,1
Unknown,360000,Unknown,Secondary / Secondary Special,Unknown,Managers,29,4,0,2,1
Unknown,270000,Commercial Associate,Secondary / Secondary Special,Unknown,Drivers,40,9,0,40,1
Unknown,225000,Working,Unknown,Married,Unknown,33,7,0,36,1
Female,211500,Commercial Associate,Higher Education,Married,Laborers,40,13,0,38,1
Unknown,135000,Commercial Associate,Unknown,Married,Laborers,26,4,0,14,1
Male,315000,Working,Secondary / Secondary Special,Married,Managers,39,3,0,13,1
Unknown,157500,Unknown,Higher Education,Unknown,Accountants,28,3,0,13,1
Female,63000,Commercial Associate,Secondary / Secondary Special,Unknown,Unknown,40,7,0,40,1
Unknown,225000,Commercial Associate,Unknown,Separated,Waiters/Barmen Staff,34,7,0,18,1
Unknown,360000,Unknown,Higher Education,Married,Core Staff,40,3,0,7,1
Female,193500,Working,Unknown,Married,High Skill Tech Staff,40,20,0,18,1
Male,180000,Unknown,Unknown,Unknown,Unknown,55,17,0,18,1
Female,202500,Unknown,Secondary / Secondary Special,Single / Not Married,Unknown,64,15,1,15,1
Unknown,112500,State Servant,Secondary / Secondary Special,Married,Unknown,40,11,0,9,1
Female,126000,Commercial Associate,Secondary / Secondary Special,Married,Unknown,46,7,0,10,1
Unknown,139500,Working,Unknown,Unknown,Unknown,40,20,2,20,1
Male,135000,Working,Secondary / Secondary Special,Married,Security Staff,40,1,0,18,1
Unknown,216000,Unknown,Higher Education,Unknown,Unknown,35,7,1,18,1
Female,270000,Unknown,Secondary / Secondary Special,Unknown,Sales Staff,40,7,0,18,1
Female,135000,Working,Secondary / Secondary Special,Civil Marriage,Managers,45,27,0,18,1
Male,135000,Working,Unknown,Unknown,Security Staff,44,1,0,20,1
Female,202500,Working,Higher Education,Unknown,High Skill Tech Staff,38,9,0,18,1
Female,157500,Working,Higher Education,Married,Sales Staff,27,8,0,18,1
Female,450000,Unknown,Secondary / Secondary Special,Unknown,Unknown,40,13,0,18,1
Unknown,180000,Commercial Associate,Unknown,Single / Not Married,Core Staff,28,7,2,15,1
Unknown,450000,Unknown,Higher Education,Married,Unknown,40,7,1,20,1
Unknown,90000,Commercial Associate,Secondary / Secondary Special,Unknown,Unknown,34,2,0,15,1
Female,135000,Working,Unknown,Unknown,Unknown,40,7,0,18,1
Unknown,67500,Unknown,Unknown,Married,Laborers,36,3,0,9,1
Unknown,180000,Working,Secondary / Secondary Special,Married,Unknown,40,2,0,18,1
Female,112500,Commercial Associate,Unknown,Married,Unknown,35,15,0,18,1
Female,112500,Working,Secondary / Secondary Special,Unknown,Sales Staff,40,5,0,18,1
Male,112500,Working,Secondary / Secondary Special,Married,Laborers,28,4,0,46,1
Unknown,360000,State Servant,Unknown,Unknown,Drivers,31,7,0,18,1
Unknown,180000,Unknown,Unknown,Unknown,Core Staff,50,9,0,15,1
Female,180000,Commercial Associate,Higher Education,Unknown,Unknown,40,4,0,25,1
Female,180000,Commercial Associate,Secondary / Secondary Special,Married,Unknown,40,6,0,18,1
Unknown,121500,Working,Secondary / Secondary Special,Married,Laborers,26,7,0,18,1
Unknown,144000,Unknown,Secondary / Secondary Special,Married,Unknown,50,7,0,31,1
Female,247500,Unknown,Higher Education,Unknown,Sales Staff,40,7,0,10,1
Unknown,90000,Working,Unknown,Married,High Skill Tech Staff,32,7,0,3,1
Male,450000,Commercial Associate,Incomplete Higher,Married,Managers,40,12,0,12,1
Male,157500,Unknown,Secondary / Secondary Special,Married,Laborers,35,7,0,18,1
Unknown,193500,Unknown,Unknown,Married,Core Staff,31,4,0,18,1
Female,135000,Working,Unknown,Unknown,Unknown,38,1,0,18,1
Male,180000,Working,Secondary / Secondary Special,Married,Unknown,54,13,0,4,1
Unknown,144000,Commercial Associate,Secondary / Secondary Special,Unknown,Unknown,40,7,0,18,1
Unknown,112500,Unknown,Unknown,Married,Unknown,40,8,0,18,1
Male,234000,Unknown,Secondary / Secondary Special,Married,Unknown,29,9,2,18,1
Male,180000,Working,Secondary / Secondary Special,Unknown,Unknown,40,1,0,21,1
Unknown,405000,Working,Secondary / Secondary Special,Married,Unknown,40,11,0,19,1
Female,225000,Commercial Associate,Higher Education,Unknown,Unknown,57,26,0,18,1
Female,157500,Unknown,Higher Education,Married,Unknown,29,7,0,14,1
Female,112500,Working,Secondary / Secondary Special,Married,Unknown,52,7,0,34,1
Male,202500,Unknown,Incomplete Higher,Married,Security Staff,40,3,0,18,1
Unknown,292500,Unknown,Secondary / Secondary Special,Married,Core Staff,34,7,2,16,1
Male,270000,Unknown,Secondary / Secondary Special,Single / Not Married,Laborers,40,1,14,21,1
Male,225000,Working,Secondary / Secondary Special,Married,Unknown,45,19,0,13,1
Unknown,157500,Working,Higher Education,Married,Unknown,33,5,1,39,1
Female,76500,Unknown,Secondary / Secondary Special,Unknown,Sales Staff,28,3,0,18,1
Unknown,135000,Working,Unknown,Married,Accountants,40,7,0,4,1
Male,180000,Unknown,Secondary / Secondary Special,Unknown,Drivers,40,7,0,24,1
Unknown,225000,Working,Higher Education,Married,Core Staff,40,9,3,18,1
Unknown,270000,Commercial Associate,Secondary / Secondary Special,Unknown,Unknown,40,7,0,8,1
Female,157500,Working,Higher Education,Unknown,Laborers,61,30,0,18,1
Unknown,135000,Unknown,Unknown,Married,Unknown,40,5,0,18,1
Unknown,148500,Working,Unknown,Married,Laborers,41,7,0,13,1
Unknown,675000,Unknown,Secondary / Secondary Special,Married,Unknown,40,7,0,21,1
Unknown,202500,Working,Secondary / Secondary Special,Married,Laborers,56,7,0,18,1
Female,135000,Working,Secondary / Secondary Special,Separated,Unknown,40,7,0,22,1
Unknown,72000,Working,Secondary / Secondary Special,Unknown,Laborers,40,7,0,44,1
Female,103500,State Servant,Unknown,Unknown,Cooking Staff,40,7,0,15,1
Female,225000,Unknown,Secondary / Secondary Special,Unknown,Managers,40,7,0,18,1
Female,157500,State Servant,Unknown,Single / Not Married,Unknown,40,4,0,2,1
Male,180000,Unknown,Unknown,Unknown,Unknown,40,1,0,23,1
Male,135000,Working,Unknown,Single / Not Married,Laborers,40,12,0,18,1
Unknown,180000,Unknown,Unknown,Unknown,Core Staff,40,4,0,18,1
Unknown,225000,Working,Secondary / Secondary Special,Single / Not Married,Laborers,33,1,0,18,1
Unknown,180000,Unknown,Unknown,Married,Laborers,40,7,0,5,1
Unknown,405000,Working,Unknown,Married,Managers,45,3,0,18,1
Unknown,157500,Unknown,Unknown,Unknown,Unknown,40,7,0,22,1
Male,171000,Unknown,Unknown,Married,Unknown,53,7,0,27,1
Female,180000,Working,Unknown,Married,Sales Staff,40,7,0,18,1
Male,135000,Unknown,Unknown,Married,Laborers,40,7,0,18,1
Unknown,180000,Unknown,Higher Education,Married,Laborers,40,14,0,12,1
Male,234000,Unknown,Secondary / Secondary Special,Married,Laborers,40,14,0,21,1
Unknown,117000,Unknown,Unknown,Married,Core Staff,40,1,0,18,1
Female,112500,Unknown,Unknown,Unknown,Medicine Staff,40,3,0,24,1
Female,112500,Commercial Associate,Secondary / Secondary Special,Married,Unknown,40,7,0,22,1
Unknown,135000,Unknown,Unknown,Unknown,Unknown,55,14,0,39,1
Female,247500,Unknown,Secondary / Secondary Special,Single / Not Married,Private Service Staff,40,7,0,18,1
Female,135000,State Servant,Higher Education,Unknown,Unknown,30,6,0,6,1
Female,202500,Working,Secondary / Secondary Special,Married,Core Staff,40,10,0,18,1
Female,126000,Working,Unknown,Married,Unknown,63,7,0,44,1
Male,202500,Unknown,Higher Education,Unknown,Unknown,43,20,0,18,1
Female,135000,Unknown,Unknown,Unknown,Core Staff,40,7,1,18,1
Male,225000,Commercial Associate,Secondary / Secondary Special,Married,Laborers,40,7,0,28,1
Female,135000,Working,Secondary / Secondary Special,Married,Accountants,49,7,0,44,1
Female,135000,Working,Secondary / Secondary Special,Married,Sales Staff,41,5,0,18,1
Female,72000,Working,Unknown,Widow,Unknown,55,7,0,6,1
Male,306000,Unknown,Unknown,Unknown,Accountants,36,8,0,18,1
Female,117000,Unknown,Higher Education,Married,Cleaning Staff,40,2,0,18,1
Female,81000,Commercial Associate,Unknown,Unknown,Unknown,25,7,0,16,1
Male,405000,Working,Secondary / Secondary Special,Unknown,Unknown,40,4,0,2,1
Unknown,121500,Commercial Associate,Unknown,Unknown,Sales Staff,33,5,0,11,1
Male,360000,Working,Higher Education,Unknown,Unknown,33,9,0,36,1
Unknown,157500,Unknown,Secondary / Secondary Special,Unknown,Unknown,36,3,2,18,1
Unknown,99000,Working,Secondary / Secondary Special,Married,Unknown,43,23,0,18,1
Female,135000,Commercial Associate,Secondary / Secondary Special,Unknown,Security Staff,40,7,1,29,1
Unknown,337500,Unknown,Higher Education,Unknown,Unknown,40,21,0,7,1
Female,90000,State Servant,Unknown,Unknown,Unknown,44,11,0,18,1
Female,297000,Unknown,Unknown,Unknown,Laborers,43,7,1,18,1
Unknown,67500,Unknown,Secondary / Secondary Special,Unknown,Laborers,40,20,0,18,1
Male,90000,Unknown,Secondary / Secondary Special,Unknown,Unknown,29,7,0,18,1
Male,157500,State Servant,Higher Education,Unknown,Unknown,33,11,0,40,1
Unknown,81000,Working,Secondary / Secondary Special,Married,Medicine Staff,47,29,0,18,1
Unknown,153000,Working,Unknown,Single / Not Married,Core Staff,30,2,0,18,1
Female,90000,Working,Unknown,Unknown,Laborers,53,7,0,38,1
Unknown,180000,Unknown,Higher Education,Unknown,Unknown,33,1,0,18,1
Unknown,180000,Working,Unknown,Married,Unknown,42,7,0,18,1
Female,135000,Working,Unknown,Civil Marriage,Laborers,40,4,0,18,1
Female,81000,Commercial Associate,Secondary / Secondary Special,Unknown,Cooking Staff,50,2,0,16,1
Unknown,90000,Unknown,Secondary / Secondary Special,Married,Core Staff,36,3,0,19,1
Female,180000,Unknown,Higher Education,Unknown,Sales Staff,40,37,0,6,1
Female,157500,Unknown,Unknown,Married,Unknown,34,6,0,35,1
Unknown,337500,Unknown,Secondary / Secondary Special,Married,Drivers,40,7,0,18,1
Unknown,157500,Working,Unknown,Unknown,Managers,35,16,0,30,1
Male,135000,Unknown,Unknown,Unknown,Unknown,26,2,0,18,1
Female,157500,Working,Secondary / Secondary Special,Unknown,Unknown,40,7,0,17,1
Male,90000,Unknown,Secondary / Secondary Special,Single / Not Married,Laborers,35,2,0,18,1
Male,202500,Working,Unknown,Married,Unknown,33,1,0,3,1
Unknown,49500,Working,Unknown,Unknown,Laborers,54,7,0,14,1
Unknown,225000,Working,Unknown,Single / Not Married,Unknown,54,6,0,18,1
Unknown,135000,Unknown,Unknown,Unknown,Sales Staff,40,2,0,18,1
Female,67500,Working,Secondary / Secondary Special,Unknown,Unknown,51,7,0,29,1
Male,225000,Unknown,Secondary / Secondary Special,Unknown,Laborers,40,12,6,43,1
Female,157500,Unknown,Unknown,Single / Not Married,Unknown,27,7,0,9,1
Female,184500,Working,Higher Education,Unknown,Unknown,37,7,0,18,1
Unknown,72000,Working,Higher Education,Unknown,Unknown,60,2,0,13,1
Female,135000,Working,Secondary / Secondary Special,Single / Not Married,Sales Staff,40,7,0,18,1
Unknown,202500,Commercial Associate,Secondary / Secondary Special,Married,Sales Staff,40,7,0,20,1
Unknown,247500,Working,Secondary / Secondary Special,Separated,Laborers,53,7,0,18,1
Unknown,108000,Unknown,Secondary / Secondary Special,Unknown,Sales Staff,35,4,0,2,1
Unknown,360000,Working,Unknown,Married,High Skill Tech Staff,44,8,0,18,1
Unknown,157500,Unknown,Secondary / Secondary Special,Married,Unknown,51,7,0,18,1
Female,270000,Working,Higher Education,Single / Not Married,Unknown,46,2,0,3,1
Male,270000,Working,Unknown,Married,Unknown,40,7,0,47,1
Male,135000,Working,Secondary / Secondary Special,Unknown,Drivers,27,3,0,44,1
Female,135000,Working,Secondary / Secondary Special,Married,Sales Staff,32,2,0,38,1
Unknown,315000,Working,Unknown,Married,Unknown,37,8,1,24,1
Unknown,315000,Commercial Associate,Secondary / Secondary Special,Unknown,Unknown,43,7,0,18,1
Male,180000,Working,Higher Education,Single / Not Married,Unknown,26,2,0,14,1
Male,119250,Working,Secondary / Secondary Special,Civil Marriage,Unknown,40,2,0,18,1
Unknown,144000,Working,Secondary / Secondary Special,Single / Not Married,High Skill Tech Staff,40,10,0,18,1
Female,135000,State Servant,Secondary / Secondary Special,Unknown,Unknown,58,7,0,5,1
Male,405000,Working,Secondary / Secondary Special,Married,Managers,40,7,0,18,1
Male,157500,Working,Secondary / Secondary Special,Married,Laborers,51,7,5,18,1
Female,360000,State Servant,Unknown,Married,Accountants,53,29,1,12,1
Unknown,247500,Unknown,Secondary / Secondary Special,Unknown,Laborers,36,7,0,18,1
Male,225000,Unknown,Secondary / Secondary Special,Unknown,Waiters/Barmen Staff,33,1,0,18,1
Male,270000,Unknown,Secondary / Secondary Special,Married,Unknown,37,7,0,18,1
Male,112500,Unknown,Unknown,Married,Accountants,33,2,0,11,1
Female,171000,State Servant,Lower Secondary,Unknown,Medicine Staff,40,8,0,18,1
Male,254700,Unknown,Unknown,Married,Laborers,40,25,0,18,1
Male,225000,Commercial Associate,Higher Education,Married,Unknown,61,7,0,35,1
Female,103500,State Servant,Unknown,Unknown,Unknown,49,24,0,8,1
Male,126000,Working,Secondary / Secondary Special,Unknown,Security Staff,40,5,0,18,1
Female,202500,Unknown,Secondary / Secondary Special,Unknown,Unknown,31,2,0,15,1
Unknown,135000,Working,Secondary / Secondary Special,Unknown,Security Staff,36,7,0,24,1
Unknown,283500,Commercial Associate,Secondary / Secondary Special,Married,Cooking Staff,49,14,0,18,1
Male,337500,Unknown,Higher Education,Unknown,Managers,42,1,0,18,1
Unknown,247500,Commercial Associate,Secondary / Secondary Special,Civil Marriage,Unknown,49,7,0,5,1
Female,180000,Commercial Associate,Unknown,Unknown,Laborers,40,2,0,2,1
Female,135000,Unknown,Unknown,Unknown,Managers,29,8,0,18,1
Unknown,76500,Unknown,Secondary / Secondary Special,Married,Unknown,54,9,0,21,1
Male,225000,Unknown,Unknown,Unknown,It Staff,40,7,0,18,1
Unknown,202500,Unknown,Unknown,Married,Core Staff,40,7,0,18,1
Unknown,225000,Unknown,Secondary / Secondary Special,Unknown,Unknown,30,7,0,18,1
Unknown,270000,Working,Unknown,Unknown,Laborers,40,7,0,18,1
Unknown,225000,Commercial Associate,Unknown,Unknown,High Skill Tech Staff,40,7,0,25,1
Unknown,202500,Working,Secondary / Secondary Special,Married,Unknown,41,7,0,18,1
Female,270000,Commercial Associate,Secondary / Secondary Special,Unknown,Cleaning Staff,47,6,0,18,1
Female,112500,Unknown,Unknown,Civil Marriage,Unknown,40,8,0,28,1
Unknown,193500,Working,Higher Education,Married,High Skill Tech Staff,58,7,0,34,1
Male,144000,Working,Secondary / Secondary Special,Married,Unknown,40,7,0,12,1
Female,157500,Unknown,Unknown,Unknown,Core Staff,40,11,1,29,1
Female,85500,State Servant,Secondary / Secondary Special,Married,Unknown,42,19,0,45,1
Female,202500,Unknown,Incomplete Higher,Single / Not Married,Unknown,40,20,0,2,1
Unknown,135000,Unknown,Secondary / Secondary Special,Married,Core Staff,40,7,1,23,1
Female,157500,Unknown,Secondary / Secondary Special,Unknown,Unknown,40,3,0,18,1
Unknown,202500,State Servant,Unknown,Civil Marriage,Unknown,40,7,0,17,1
Female,126000,Working,Secondary / Secondary Special,Married,Cleaning Staff,40,4,0,18,1
Female,103500,Working,Unknown,Married,Unknown,40,7,0,19,1
Unknown,40500,Working,Unknown,Married,Cleaning Staff,40,14,1,18,1
Male,247500,Unknown,Incomplete Higher,Unknown,Unknown,40,7,0,18,1
Unknown,90000,Commercial Associate,Unknown,Unknown,Unknown,35,7,0,15,1
Unknown,135000,Working,Lower Secondary,Civil Marriage,Unknown,42,3,0,18,1
Unknown,225000,Unknown,Higher Education,Married,Drivers,29,7,0,18,1
Unknown,135000,Commercial Associate,Unknown,Married,Private Service Staff,40,2,0,18,1
Female,157500,Working,Unknown,Married,Accountants,40,8,0,13,1
Male,157500,Unknown,Unknown,Unknown,Drivers,27,7,0,6,1
Male,157500,Working,Unknown,Unknown,Unknown,40,7,2,9,1
Unknown,81000,Unknown,Unknown,Single / Not Married,Core Staff,27,1,0,51,1
Female,391500,Working,Unknown,Married,Unknown,40,20,0,4,1
Female,90000,Unknown,Secondary / Secondary Special,Married,Cooking Staff,40,7,0,8,1
Male,315000,Commercial Associate,Unknown,Single / Not Married,Laborers,40,7,0,3,1
Unknown,450000,Commercial Associate,Secondary / Secondary Special,Married,Unknown,40,12,0,18,1
Unknown,112500,Working,Unknown,Married,Sales Staff,36,4,0,13,1
Male,270000,Working,Secondary / Secondary Special,Single / Not Married,Unknown,27,4,0,18,1
Female,63000,Unknown,Unknown,Unknown,Core Staff,40,6,0,25,1
Female,234000,Unknown,Unknown,Single / Not Married,Managers,30,7,0,18,1
Female,112500,Unknown,Secondary / Secondary Special,Unknown,High Skill Tech Staff,52,18,0,42,1
Unknown,360000,Working,Unknown,Married,Cooking Staff,40,7,0,49,1
Male,180000,Working,Secondary / Secondary Special,Married,Unknown,55,7,0,37,1
Unknown,157500,Unknown,Secondary / Secondary Special,Widow,Accountants,60,7,0,12,1
Unknown,121500,Commercial Associate,Secondary / Secondary Special,Unknown,Core Staff,49,9,0,18,1
Female,72000,Unknown,Secondary / Secondary Special,Single / Not Married,Cleaning Staff,52,7,0,18,1
Male,450000,Unknown,Unknown,Unknown,Unknown,48,9,0,4,1
Female,360000,Working,Secondary / Secondary Special,Married,High Skill Tech Staff,44,8,0,18,1
Female,171000,Unknown,Unknown,Unknown,Unknown,40,7,0,11,1
Female,126000,State Servant,Unknown,Unknown,Accountants,41,7,0,18,1
Male,189000,Working,Secondary / Secondary Special,Unknown,Security Staff,40,7,0,20,1
Unknown,234000,Working,Unknown,Single / Not Married,Core Staff,57,22,0,18,1
Unknown,112500,Working,Lower Secondary,Unknown,Laborers,27,3,0,14,1
Female,225000,Unknown,Higher Education,Married,High Skill Tech Staff,39,5,0,13,1
Female,112500,Commercial Associate,Unknown,Separated,Laborers,40,7,0,14,1
Unknown,135000,Commercial Associate,Secondary / Secondary Special,Unknown,High Skill Tech Staff,40,7,0,21,1
Male,180000,Working,Higher Education,Unknown,Managers,40,4,0,18,1
Unknown,90000,Unknown,Secondary / Secondary Special,Unknown,Sales Staff,40,7,0,18,1
Unknown,135000,Unknown,Unknown,Unknown,Laborers,30,9,0,9,1
Unknown,202500,State Servant,Secondary / Secondary Special,Unknown,Unknown,53,18,0,18,1
Female,247500,Working,Higher Education,Married,Unknown,39,7,0,18,1
Female,67500,Working,Unknown,Married,Unknown,55,7,0,17,1
Male,112500,Working,Unknown,Unknown,Unknown,40,7,3,55,1
Male,315000,Unknown,Higher Education,Married,High Skill Tech Staff,33,7,0,32,1
Unknown,157500,Working,Unknown,Unknown,Drivers,40,7,0,10,1
Male,135000,Commercial Associate,Secondary / Secondary Special,Married,Drivers,49,4,0,8,1
Female,225000,Working,Unknown,Married,Sales Staff,40,9,0,15,1
Female,234000,Unknown,Secondary / Secondary Special,Married,Unknown,40,5,0,28,1
Female,126000,Working,Unknown,Civil Marriage,Sales Staff,40,7,0,18,1
Unknown,315000,Unknown,Higher Education,Unknown,Unknown,24,4,0,11,1
Unknown,112500,Commercial Associate,Unknown,Single / Not Married,Unknown,40,7,0,18,1
Unknown,675000,Unknown,Unknown,Unknown,Unknown,47,7,0,24,1
Female,391500,Commercial Associate,Unknown,Unknown,Unknown,40,2,0,30,1
Unknown,270000,State Servant,Higher Education,Unknown,Core Staff,31,2,0,25,1
Male,103500,Commercial Associate,Unknown,Single / Not Married,Unknown,24,3,0,18,1
Unknown,225000,Unknown,Higher Education,Single / Not Married,Unknown,40,3,0,18,1
Unknown,135000,Unknown,Unknown,Married,Private Service Staff,39,7,0,24,1
Unknown,157500,Unknown,Secondary / Secondary Special,Unknown,Laborers,54,9,0,18,1
Female,157500,Working,Secondary / Secondary Special,Single / Not Married,Unknown,40,7,0,4,1
Female,126000,Unknown,Secondary / Secondary Special,Unknown,Core Staff,40,2,0,18,1
Unknown,180000,Unknown,Higher Education,Married,Unknown,40,1,0,13,1
Unknown,112500,Working,Unknown,Married,Unknown,29,7,0,18,1
Female,90000,Unknown,Higher Education,Single / Not Married,Unknown,40,16,0,11,1
Unknown,112500,Commercial Associate,Unknown,Unknown,Unknown,40,5,0,18,1
Female,135000,Working,Secondary / Secondary Special,Unknown,Laborers,40,8,0,23,1
Male,225000,Working,Unknown,Married,Laborers,40,3,0,7,1
Female,112500,Commercial Associate,Unknown,Civil Marriage,Unknown,29,9,0,18,1
Female,112500,Unknown,Unknown,Unknown,Unknown,52,13,0,18,1
Female,112500,Working,Secondary / Secondary Special,Married,Sales Staff,40,5,0,11,1
Unknown,135000,Commercial Associate,Secondary / Secondary Special,Unknown,Unknown,40,8,0,16,1
Unknown,202500,Unknown,Higher Education,Unknown,Unknown,40,19,0,30,1
Male,180000,Working,Secondary / Secondary Special,Unknown,Cleaning Staff,40,7,0,23,1
Female,157500,Working,Higher Education,Married,High Skill Tech Staff,40,2,0,18,1
Unknown,135000,Unknown,Secondary / Secondary Special,Civil Marriage,Managers,27,7,0,12,1
Unknown,225000,Unknown,Secondary / Secondary Special,Married,Unknown,34,1,0,18,1
Unknown,121500,Commercial Associate,Secondary / Secondary Special,Married,Unknown,49,9,0,32,1
Unknown,135000,Working,Higher Education,Unknown,Unknown,38,7,0,10,1
Unknown,148500,Unknown,Unknown,Married,Laborers,40,1,0,29,1
Unknown,126000,Working,Higher Education,Unknown,Laborers,55,7,0,18,1
Unknown,180000,Working,Higher Education,Civil Marriage,Unknown,40,6,0,18,1
Male,252000,Working,Unknown,Married,Unknown,47,7,1,18,1
Female,157500,Unknown,Secondary / Secondary Special,Single / Not Married,Unknown,37,3,0,17,1
Male,225000,Working,Unknown,Unknown,Drivers,40,7,0,25,1
Male,270000,Working,Secondary / Secondary Special,Unknown,Unknown,38,5,0,27,1
Female,225000,Unknown,Unknown,Unknown,Accountants,40,8,0,18,1
Female,405000,Working,Secondary / Secondary Special,Married,Accountants,40,7,0,47,1
Male,202500,Unknown,Secondary / Secondary Special,Unknown,Unknown,24,2,0,18,1
Unknown,360000,Unknown,Secondary / Secondary Special,Unknown,Managers,35,7,0,43,1
Unknown,135000,Commercial Associate,Higher Education,Married,Unknown,43,2,0,18,1
Male,247500,Unknown,Secondary / Secondary Special,Married,Medicine Staff,38,15,0,18,1
Male,292500,State Servant,Secondary / Secondary Special,Unknown,Managers,40,14,0,14,1
Male,157500,Working,Higher Education,Separated,Drivers,40,7,0,18,1
Female,90000,State Servant,Secondary / Secondary Special,Unknown,Cooking Staff,40,1,0,47,1
Unknown,225000,Unknown,Secondary / Secondary Special,Separated,Drivers,49,7,0,60,1
Male,180000,Unknown,Secondary / Secondary Special,Married,Unknown,34,7,0,11,1
Unknown,157500,Unknown,Unknown,Married,Unknown,40,4,0,18,1
Unknown,202500,Working,Secondary / Secondary Special,Single / Not Married,Laborers,24,7,0,7,1
Unknown,202500,Commercial Associate,Unknown,Married,Unknown,40,9,1,18,1
Male,270000,Unknown,Secondary / Secondary Special,Single / Not Married,Drivers,47,1,0,15,1
Unknown,202500,Unknown,Secondary / Secondary Special,Married,Unknown,40,10,0,13,1
Male,225000,Working,Higher Education,Unknown,Sales Staff,40,7,0,18,1
Female,270000,Unknown,Higher Education,Married,Unknown,37,7,0,18,1
Female,157500,Working,Secondary / Secondary Special,Married,Sales Staff,35,7,0,18,1
Female,202500,Unknown,Higher Education,Married,Unknown,27,7,0,18,1
Female,72000,Unknown,Secondary / Secondary Special,Single / Not Married,Cleaning Staff,52,7,0,18,1
Female,234000,Working,Unknown,Single / Not Married,Core Staff,57,7,0,7,1
Female,126000,Unknown,Secondary / Secondary Special,Unknown,High Skill Tech Staff,40,7,0,18,1
Male,135000,Commercial Associate,Higher Education,Unknown,Managers,33,1,0,37,1
Unknown,247500,Working,Unknown,Married,Unknown,44,7,0,5,1
Male,90000,Working,Unknown,Married,Drivers,52,9,0,3,1
Male,135000,Commercial Associate,Higher Education,Married,Unknown,36,2,0,17,1
Male,369000,Working,Unknown,Married,Drivers,47,4,0,14,1
Unknown,225000,Commercial Associate,Unknown,Unknown,Unknown,40,4,0,25,1
Male,180000,Unknown,Unknown,Married,Laborers,40,10,0,18,1
Unknown,360000,Commercial Associate,Secondary / Secondary Special,Unknown,Unknown,40,12,0,47,1
Male,157500,Unknown,Unknown,Married,Unknown,33,11,0,18,1
Female,180000,State Servant,Secondary / Secondary Special,Married,Managers,40,11,0,1,1
Male,315000,Unknown,Unknown,Married,Unknown,36,12,0,35,1
Unknown,225000,State Servant,Unknown,Married,Managers,40,10,0,42,1
Unknown,270000,Commercial Associate,Academic Degree,Unknown,Unknown,34,3,0,18,1
Female,112500,Working,Secondary / Secondary Special,Unknown,Unknown,40,7,0,18,1
Unknown,207000,Working,Unknown,Married,Unknown,36,9,0,18,1
Unknown,157500,Unknown,Secondary / Secondary Special,Separated,Sales Staff,40,6,0,7,1
Unknown,270000,Commercial Associate,Unknown,Civil Marriage,Sales Staff,40,2,0,19,1
Unknown,90000,Unknown,Secondary / Secondary Special,Unknown,Laborers,25,7,0,22,1
Unknown,297000,Commercial Associate,Secondary / Secondary Special,Single / Not Married,Unknown,43,9,1,18,1
Unknown,157500,Unknown,Higher Education,Married,Sales Staff,27,1,0,40,1
Female,225000,Commercial Associate,Higher Education,Married,Private Service Staff,40,10,0,21,1
Male,81000,Unknown,Unknown,Married,High Skill Tech Staff,38,4,0,18,1
Female,135000,Unknown,Unknown,Civil Marriage,Core Staff,28,6,0,36,1
Female,135000,Working,Secondary / Secondary Special,Single / Not Married,Cleaning Staff,40,7,0,18,1
Male,180000,Commercial Associate,Secondary / Secondary Special,Single / Not Married,Drivers,40,6,0,18,1
Male,270000,Working,Unknown,Separated,Unknown,53,11,0,15,1
Female,108000,Working,Unknown,Unknown,Unknown,36,7,0,18,1
Female,121500,Unknown,Higher Education,Unknown,Unknown,33,7,0,18,1
Unknown,112500,Unknown,Unknown,Unknown,Secretaries,40,7,0,46,1
Unknown,157500,Commercial Associate,Higher Education,Unknown,Managers,40,7,0,18,1
Female,225000,Unknown,Secondary / Secondary Special,Separated,Laborers,48,4,0,7,1
Unknown,202500,Unknown,Unknown,Unknown,Unknown,39,4,0,7,1
Unknown,270000,Unknown,Secondary / Secondary Special,Married,Laborers,40,7,0,18,1
Male,360000,Commercial Associate,Higher Education,Unknown,Managers,40,7,0,19,1
Unknown,157500,Unknown,Unknown,Separated,Security Staff,39,12,0,8,1
Male,180000,State Servant,Unknown,Unknown,Core Staff,40,13,0,11,1
Female,157500,Unknown,Secondary / Secondary Special,Unknown,Sales Staff,40,7,1,55,1
Female,112500,Working,Unknown,Married,Unknown,34,9,0,13,1
Female,270000,Working,Unknown,Single / Not Married,Laborers,43,9,0,18,1
Female,225000,State Servant,Secondary / Secondary Special,Single / Not Married,Unknown,40,16,0,37,1
Unknown,135000,Unknown,Unknown,Married,Unknown,40,7,0,10,1
Female,85500,Unknown,Secondary / Secondary Special,Unknown,Unknown,40,3,3,18,1
Unknown,135000,Unknown,Secondary / Secondary Special,Unknown,Managers,57,21,0,18,1
Unknown,450000,Unknown,Secondary / Secondary Special,Single / Not Married,Drivers,40,16,1,11,1
Male,270000,Working,Secondary / Secondary Special,Married,Laborers,40,3,0,14,1
Female,135000,Unknown,Secondary / Secondary Special,Unknown,Unknown,40,7,2,20,1
Female,180000,Working,Unknown,Married,Core Staff,35,7,1,18,1
Male,360000,Unknown,Higher Education,Unknown,Laborers,40,2,0,38,1
Unknown,112500,Working,Unknown,Unknown,Core Staff,49,19,0,9,1
Female,90000,Working,Unknown,Single / Not Married,Sales Staff,24,1,0,18,1
Male,148500,Unknown,Higher Education,Unknown,Unknown,26,7,0,28,1
Male,121500,Unknown,Unknown,Unknown,Unknown,40,19,0,9,1
Unknown,157500,Commercial Associate,Higher Education,Unknown,Private Service Staff,44,4,0,18,1
Unknown,162000,Commercial Associate,Secondary / Secondary Special,Civil Marriage,Managers,40,7,0,43,1
Unknown,157500,Working,Secondary / Secondary Special,Married,Core Staff,38,5,1,27,1
Unknown,130500,Working,Secondary / Secondary Special,Civil Marriage,Cleaning Staff,42,7,0,18,1
Unknown,270000,Working,Unknown,Single / Not Married,Unknown,40,4,0,12,1
Male,270000,Unknown,Secondary / Secondary Special,Married,Unknown,32,11,0,15,1
Female,324000,Working,Secondary / Secondary Special,Unknown,Unknown,45,5,1,39,1
Unknown,180000,Working,Unknown,Married,Laborers,30,3,1,17,1
Unknown,121500,Working,Secondary / Secondary Special,Married,Medicine Staff,35,7,0,18,1
Male,157500,Unknown,Secondary / Secondary Special,Unknown,Security Staff,28,3,0,7,1
Male,360000,Commercial Associate,Unknown,Separated,Laborers,42,7,0,18,1
Female,112500,Working,Secondary / Secondary Special,Civil Marriage,Sales Staff,30,2,0,18,1
Male,225000,Working,Higher Education,Civil Marriage,Unknown,40,7,0,18,1
Female,162000,Unknown,Secondary / Secondary Special,Civil Marriage,Managers,58,2,0,36,1
Female,202500,Working,Secondary / Secondary Special,Unknown,Medicine Staff,44,18,0,14,1
Female,315000,Unknown,Unknown,Married,Unknown,54,5,0,18,1
Female,450000,Commercial Associate,Secondary / Secondary Special,Married,Managers,47,7,0,30,1
Unknown,90000,Unknown,Incomplete Higher,Unknown,Unknown,40,7,0,4,1
Female,148500,Working,Unknown,Married,Laborers,40,6,0,18,1
Male,225000,Commercial Associate,Higher Education,Married,Unknown,36,7,0,29,1
Female,135000,Commercial Associate,Secondary / Secondary Special,Widow,Cooking Staff,51,7,0,7,1
Unknown,301500,Working,Unknown,Married,Laborers,25,3,0,18,1
Female,135000,Unknown,Unknown,Married,Unknown,40,7,0,18,1
Unknown,238500,Unknown,Unknown,Unknown,Laborers,40,7,0,8,1
Unknown,135000,Unknown,Secondary / Secondary Special,Unknown,Unknown,37,3,0,41,1
Unknown,450000,Unknown,Secondary / Secondary Special,Married,Unknown,65,6,0,4,1
Female,270000,Unknown,Higher Education,Married,Secretaries,43,7,0,15,1
Male,247500,Unknown,Secondary / Secondary Special,Married,Laborers,40,7,0,57,1
Unknown,135000,Working,Unknown,Unknown,Low-Skill Laborers,54,12,0,14,1
Unknown,180000,Working,Secondary / Secondary Special,Civil Marriage,Laborers,48,10,0,14,1
Female,135000,Unknown,Incomplete Higher,Unknown,Unknown,40,1,2,40,1
Unknown,211500,Unknown,Unknown,Married,Laborers,40,7,0,49,1
Female,180000,Unknown,Secondary / Secondary Special,Civil Marriage,Unknown,33,7,0,4,1
Male,225000,Commercial Associate,Secondary / Secondary Special,Unknown,Drivers,48,1,0,6,1
Male,229500,Working,Incomplete Higher,Married,Unknown,40,4,1,38,1
Unknown,117000,Working,Secondary / Secondary Special,Married,Laborers,26,7,0,18,1
Unknown,216000,Working,Unknown,Unknown,Core Staff,43,5,0,18,1
Female,225000,Unknown,Secondary / Secondary Special,Unknown,Unknown,40,7,0,18,1
Female,315000,Unknown,Higher Education,Married,Accountants,40,7,0,22,1
Female,90000,State Servant,Secondary / Secondary Special,Married,Unknown,40,4,0,18,1
Female,81000,Working,Unknown,Married,Unknown,40,3,0,27,1
Unknown,126000,Unknown,Secondary / Secondary Special,Married,Unknown,41,8,0,23,1
Unknown,270000,Unknown,Unknown,Married,Unknown,48,1,0,49,1
Unknown,427500,Working,Unknown,Married,Drivers,33,7,0,18,1
Unknown,112500,Working,Unknown,Separated,Laborers,50,26,0,19,1
Unknown,267750,Working,Unknown,Unknown,Unknown,40,13,0,15,1
Female,180000,Unknown,Unknown,Unknown,Private Service Staff,32,4,0,18,1
Unknown,360000,Commercial Associate,Unknown,Unknown,Unknown,40,7,0,40,1
Unknown,180000,Working,Unknown,Single / Not Married,Unknown,40,1,0,15,1
Male,360000,Commercial Associate,Secondary / Secondary Special,Married,Managers,40,7,0,34,1
Male,315000,Unknown,Unknown,Married,Drivers,51,7,0,37,1
Male,121500,Unknown,Unknown,Married,Laborers,29,2,0,18,1
Female,144000,Working,Secondary / Secondary Special,Married,Cooking Staff,34,6,0,1,1
Female,112500,Unknown,Secondary / Secondary Special,Unknown,Unknown,40,7,0,18,1
Unknown,103500,Working,Unknown,Unknown,Unknown,44,7,0,43,1
Male,180000,Unknown,Unknown,Married,Unknown,28,7,0,18,1
Unknown,180000,Unknown,Unknown,Married,Unknown,43,8,0,18,1
Unknown,315000,Working,Secondary / Secondary Special,Unknown,Unknown,40,10,0,17,1
Male,247500,Unknown,Secondary / Secondary Special,Married,Medicine Staff,38,15,0,18,1
Male,315000,Unknown,Unknown,Married,Laborers,40,7,0,18,1
Female,202500,Working,Secondary / Secondary Special,Widow,Unknown,40,7,0,19,1
Female,297000,Commercial Associate,Unknown,Single / Not Married,Laborers,40,9,0,13,1
Unknown,180000,Working,Unknown,Single / Not Married,Unknown,40,4,0,6,1
Male,180000,Working,Incomplete Higher,Unknown,Laborers,40,7,0,18,1
Unknown,180000,Working,Unknown,Civil Marriage,Laborers,40,14,0,33,1
Female,67500,Unknown,Unknown,Unknown,High Skill Tech Staff,38,15,0,18,1
Unknown,112500,Unknown,Secondary / Secondary Special,Married,Unknown,49,1,0,18,1
Unknown,112500,Working,Secondary / Secondary Special,Unknown,Laborers,39,7,0,18,1
Female,135000,Working,Secondary / Secondary Special,Unknown,Laborers,28,6,0,10,1
Male,270000,Working,Secondary / Secondary Special,Unknown,Unknown,40,6,0,33,1
Unknown,315000,Commercial Associate,Secondary / Secondary Special,Unknown,Managers,40,5,0,18,1
Unknown,180000,Working,Secondary / Secondary Special,Married,Laborers,60,14,0,18,1
Female,112500,Unknown,Secondary / Secondary Special,Married,Core Staff,29,7,0,6,1
Female,238500,Unknown,Unknown,Married,Laborers,40,7,15,45,1
Female,463500,Unknown,Higher Education,Married,Managers,58,12,0,14,1
Unknown,225000,Unknown,Unknown,Unknown,Laborers,36,7,0,20,1
Unknown,112500,Working,Secondary / Secondary Special,Civil Marriage,Core Staff,40,7,0,18,1
Male,135000,Commercial Associate,Secondary / Secondary Special,Married,Core Staff,40,7,0,46,1
Female,135000,Working,Secondary / Secondary Special,Unknown,Unknown,40,7,0,9,1
Female,90000,Unknown,Secondary / Secondary Special,Married,Laborers,40,11,0,18,1
Unknown,225000,Commercial Associate,Unknown,Unknown,Unknown,57,7,0,13,1
Unknown,270000,Unknown,Unknown,Unknown,Unknown,48,7,0,18,1
Unknown,225000,Unknown,Secondary / Secondary Special,Unknown,Unknown,40,6,0,5,1
Unknown,252000,Commercial Associate,Secondary / Secondary Special,Married,Unknown,40,7,0,42,1
Male,135000,Working,Unknown,Unknown,Unknown,50,2,0,6,1
Female,144000,Unknown,Secondary / Secondary Special,Married,Unknown,40,8,0,2,1
Female,157500,Working,Secondary / Secondary Special,Married,Core Staff,40,11,0,23,1
Male,360000,Working,Higher Education,Married,Core Staff,40,4,0,18,1
Male,315000,Unknown,Unknown,Single / Not Married,Unknown,40,7,0,33,1
Female,225000,Working,Unknown,Unknown,High Skill Tech Staff,40,5,0,18,1
Female,69750,Commercial Associate,Secondary / Secondary Special,Unknown,Sales Staff,40,3,0,18,1
Unknown,135000,Unknown,Unknown,Married,Unknown,40,2,0,20,1
Unknown,85500,Working,Unknown,Unknown,Core Staff,56,7,0,44,1
Unknown,112500,Unknown,Unknown,Civil Marriage,Laborers,29,5,0,18,1
Female,130500,Unknown,Secondary / Secondary Special,Married,Sales Staff,40,10,0,23,1
Male,202500,Unknown,Secondary / Secondary Special,Unknown,Unknown,39,7,0,18,1
Female,135000,Working,Secondary / Secondary Special,Married,Laborers,48,6,0,13,1
Unknown,270000,Commercial Associate,Unknown,Married,Managers,40,5,1,18,1
Unknown,270000,Commercial Associate,Unknown,Unknown,Unknown,47,26,0,14,1
Female,135000,State Servant,Unknown,Unknown,Unknown,28,9,0,18,1
Unknown,144000,Unknown,Secondary / Secondary Special,Single / Not Married,High Skill Tech Staff,40,7,0,18,1
Unknown,180000,Unknown,Secondary / Secondary Special,Civil Marriage,Unknown,30,5,0,24,1
Unknown,225000,Unknown,Secondary / Secondary Special,Civil Marriage,Unknown,54,7,0,14,1
Unknown,108000,Unknown,Secondary / Secondary Special,Unknown,Laborers,40,21,0,18,1
Unknown,180000,State Servant,Unknown,Civil Marriage,Unknown,46,7,0,31,1
Female,180000,Working,Higher Education,Widow,Secretaries,40,7,0,20,1
Female,360000,Working,Unknown,Unknown,Unknown,41,7,0,18,1
Female,265500,Working,Secondary / Secondary Special,Unknown,Unknown,32,5,0,34,1
Female,630000,Working,Unknown,Separated,Unknown,40,5,0,36,1
Male,292500,State Servant,Unknown,Married,Core Staff,47,7,0,23,1
Unknown,337500,Commercial Associate,Secondary / Secondary Special,Married,Unknown,41,4,0,30,1
Unknown,135000,Unknown,Unknown,Unknown,Core Staff,44,8,0,18,1
Male,382500,Commercial Associate,Unknown,Civil Marriage,Unknown,42,7,0,18,1
Unknown,112500,Unknown,Unknown,Unknown,Unknown,40,7,0,18,1
Unknown,112500,Unknown,Secondary / Secondary Special,Married,Unknown,43,3,0,18,1
Unknown,225000,Working,Secondary / Secondary Special,Married,Laborers,34,2,0,17,1
Unknown,180000,Unknown,Secondary / Secondary Special,Unknown,Unknown,44,9,0,18,1
Unknown,135000,Unknown,Secondary / Secondary Special,Married,Sales Staff,40,7,0,56,1
Male,135000,Working,Unknown,Unknown,Security Staff,44,1,0,20,1
Unknown,135000,Unknown,Unknown,Married,Cooking Staff,40,7,0,4,1
Unknown,135000,Working,Secondary / Secondary Special,Married,Laborers,40,7,0,15,1
Female,202500,Working,Secondary / Secondary Special,Married,High Skill Tech Staff,40,7,0,30,1
Male,180000,Working,Secondary / Secondary Special,Married,Unknown,40,3,0,44,1
Female,315000,Unknown,Unknown,Separated,Cleaning Staff,40,7,0,8,1
Male,157500,Working,Secondary / Secondary Special,Married,Laborers,28,7,0,15,1
Female,202500,Unknown,Higher Education,Civil Marriage,Core Staff,42,7,0,15,1
Male,225000,Unknown,Unknown,Married,Drivers,31,7,0,18,1
Female,135000,Unknown,Higher Education,Unknown,Unknown,43,2,0,18,1
Female,247500,Commercial Associate,Higher Education,Married,Unknown,40,7,0,18,1
Female,135000,Unknown,Secondary / Secondary Special,Unknown,High Skill Tech Staff,42,7,0,26,1
Female,72000,Working,Unknown,Single / Not Married,Unknown,52,5,0,18,1
Female,270000,Unknown,Higher Education,Single / Not Married,Laborers,40,9,0,23,1
Female,157500,Unknown,Unknown,Unknown,Unknown,40,6,0,31,1
Female,108000,Working,Secondary / Secondary Special,Married,Laborers,40,7,4,18,1
Female,90000,Working,Secondary / Secondary Special,Single / Not Married,Laborers,29,3,0,12,1
Unknown,135000,Working,Secondary / Secondary Special,Unknown,Unknown,40,6,0,18,1
Female,180000,Unknown,Unknown,Married,Cooking Staff,39,7,0,18,1
Male,99000,Working,Unknown,Single / Not Married,Unknown,49,15,0,1,1
Unknown,180000,Unknown,Unknown,Married,High Skill Tech Staff,33,7,0,18,1
Unknown,215550,Unknown,Unknown,Married,High Skill Tech Staff,29,3,0,18,1
Female,405000,Unknown,Secondary / Secondary Special,Married,Unknown,47,2,0,47,1
Female,202500,Unknown,Unknown,Unknown,Managers,40,7,1,16,1
Male,315000,Working,Unknown,Unknown,Unknown,40,9,0,18,1
Female,382500,Unknown,Secondary / Secondary Special,Widow,Unknown,51,15,0,3,1
Female,135000,Unknown,Unknown,Unknown,Laborers,44,9,0,29,1
Male,270000,Working,Secondary / Secondary Special,Married,Core Staff,40,7,0,18,1
Unknown,135000,Unknown,Secondary / Secondary Special,Married,Unknown,40,8,0,18,1
Female,157500,Unknown,Unknown,Civil Marriage,Unknown,29,7,0,25,1
Unknown,270000,Unknown,Higher Education,Married,Unknown,41,23,0,5,1
Unknown,135000,Working,Secondary / Secondary Special,Civil Marriage,Unknown,38,7,0,18,1
Female,225000,Commercial Associate,Higher Education,Married,Managers,44,7,0,18,1
Unknown,67500,Unknown,Secondary / Secondary Special,Unknown,Cooking Staff,54,7,0,16,1
Female,157500,Working,Unknown,Unknown,Unknown,36,7,0,26,1
Male,135000,Unknown,Unknown,Single / Not Married,Cooking Staff,23,7,0,18,1
Unknown,94500,Unknown,Higher Education,Separated,Laborers,40,7,0,46,1
Male,171000,Unknown,Unknown,Married,Unknown,37,4,0,19,1
Female,225000,Unknown,Higher Education,Married,Accountants,40,16,0,18,1
Male,247500,Commercial Associate,Secondary / Secondary Special,Unknown,Security Staff,52,7,0,40,1
Male,112500,Unknown,Unknown,Unknown,Unknown,51,7,0,28,1
Unknown,720000,Unknown,Unknown,Unknown,Managers,57,14,0,18,1
Unknown,234000,Commercial Associate,Secondary / Secondary Special,Unknown,Sales Staff,30,7,0,18,1
Female,112500,Unknown,Unknown,Married,Core Staff,38,6,0,18,1
Female,157500,Unknown,Incomplete Higher,Married,Unknown,40,11,0,18,1
Female,225000,Commercial Associate,Higher Education,Married,Unknown,40,2,0,3,1
Unknown,180000,Commercial Associate,Secondary / Secondary Special,Married,Laborers,45,17,0,18,1
Unknown,180000,Commercial Associate,Secondary / Secondary Special,Unknown,Drivers,40,7,0,18,1
Unknown,67500,State Servant,Unknown,Married,Medicine Staff,40,7,0,18,1
Female,90000,Unknown,Secondary / Secondary Special,Married,High Skill Tech Staff,40,7,0,5,1
Unknown,157500,Unknown,Unknown,Married,Laborers,34,7,0,18,1
Female,270000,Commercial Associate,Higher Education,Single / Not Married,Hr Staff,40,3,3,9,1
Female,47250,Unknown,Unknown,Unknown,Laborers,32,1,0,18,1
Male,225000,Unknown,Secondary / Secondary Special,Married,Laborers,45,4,0,18,1
Unknown,180000,Unknown,Unknown,Married,High Skill Tech Staff,28,2,0,48,1
Female,193500,Commercial Associate,Lower Secondary,Civil Marriage,Unknown,27,7,0,18,1
Female,675000,Unknown,Unknown,Married,Sales Staff,44,7,0,18,1
Female,630000,Working,Higher Education,Unknown,Unknown,40,7,0,30,1
Unknown,180000,Commercial Associate,Secondary / Secondary Special,Unknown,Core Staff,40,6,0,20,1
Female,157500,Commercial Associate,Higher Education,Married,High Skill Tech Staff,40,4,4,18,1
Male,180000,Working,Incomplete Higher,Single / Not Married,Drivers,40,7,0,10,1
Unknown,85500,Working,Secondary / Secondary Special,Unknown,Unknown,40,7,0,9,1
Female,162000,Working,Secondary / Secondary Special,Civil Marriage,Unknown,40,7,0,18,1
Female,103500,Unknown,Incomplete Higher,Married,Unknown,33,7,0,17,1
Male,315000,Commercial Associate,Unknown,Single / Not Married,Laborers,40,2,0,18,1
Female,115200,Commercial Associate,Secondary / Secondary Special,Married,Laborers,41,2,0,22,1
Unknown,292500,Commercial Associate,Unknown,Married,Laborers,43,9,0,27,1
Unknown,90000,Unknown,Secondary / Secondary Special,Married,Drivers,39,7,0,18,1
Unknown,202500,Working,Higher Education,Widow,Unknown,33,5,0,26,1
Male,247500,Unknown,Secondary / Secondary Special,Married,Laborers,42,7,0,38,1
Female,135000,State Servant,Unknown,Married,Unknown,40,15,0,25,1
Unknown,270000,Commercial Associate,Unknown,Separated,Sales Staff,40,7,0,23,1
Male,450000,Commercial Associate,Secondary / Secondary Special,Married,Unknown,65,7,0,5,1
Male,166500,Unknown,Secondary / Secondary Special,Unknown,Laborers,40,2,0,18,1
Unknown,157500,Unknown,Unknown,Married,Core Staff,28,5,0,4,1
Female,162000,Unknown,Secondary / Secondary Special,Unknown,Unknown,58,2,0,22,1
Unknown,81000,Working,Secondary / Secondary Special,Married,Unknown,43,7,0,18,1
Female,135000,Unknown,Incomplete Higher,Married,Managers,40,8,0,27,1
Female,405000,State Servant,Unknown,Unknown,Core Staff,35,7,0,18,1
Unknown,157500,Commercial Associate,Secondary / Secondary Special,Married,Laborers,40,6,0,18,1
Female,202500,Commercial Associate,Secondary / Secondary Special,Unknown,Unknown,40,2,0,18,1
Female,247500,Unknown,Unknown,Married,Unknown,40,7,0,24,1
Male,382500,Working,Unknown,Unknown,Laborers,40,2,0,23,1
Unknown,225000,Commercial Associate,Higher Education,Unknown,Sales Staff,40,7,0,18,1
Female,135000,Working,Unknown,Unknown,Laborers,44,7,0,18,1
Unknown,135000,Unknown,Secondary / Secondary Special,Widow,Unknown,40,1,0,33,1
Unknown,202500,State Servant,Secondary / Secondary Special,Married,High Skill Tech Staff,40,5,0,18,1
Unknown,135000,Commercial Associate,Unknown,Unknown,Unknown,40,21,0,11,1
Unknown,180000,State Servant,Unknown,Married,Unknown,49,5,0,60,1
Male,135000,Working,Secondary / Secondary Special,Married,Laborers,43,22,0,18,1
Female,360000,Commercial Associate,Higher Education,Married,Unknown,28,6,0,55,1
Male,157500,Unknown,Unknown,Married,Unknown,40,3,0,17,1
Unknown,225000,Unknown,Incomplete Higher,Unknown,Laborers,32,10,0,3,1
Unknown,202500,Unknown,Secondary / Secondary Special,Unknown,Sales Staff,29,7,0,22,1
Unknown,157500,Unknown,Secondary / Secondary Special,Married,Unknown,48,7,0,18,1
Unknown,157500,Commercial Associate,Secondary / Secondary Special,Unknown,Unknown,48,6,0,18,1
Female,112500,Working,Secondary / Secondary Special,Unknown,Security Staff,34,1,0,18,1
Female,135000,Unknown,Secondary / Secondary Special,Unknown,Unknown,31,7,0,18,1
Male,225000,Commercial Associate,Secondary / Secondary Special,Married,Laborers,40,3,0,18,1
Female,247500,Unknown,Secondary / Secondary Special,Civil Marriage,Unknown,40,5,0,18,1
Unknown,103500,Unknown,Secondary / Secondary Special,Unknown,Unknown,55,2,0,18,1
Unknown,180000,Working,Secondary / Secondary Special,Married,Unknown,44,7,0,18,1
Male,405000,Commercial Associate,Higher Education,Unknown,Unknown,45,6,0,1,1
Male,405000,Working,Secondary / Secondary Special,Married,Managers,40,7,0,18,1
Female,445500,Commercial Associate,Higher Education,Unknown,Managers,40,7,0,55,1
Unknown,180000,Commercial Associate,Secondary / Secondary Special,Separated,Core Staff,51,7,0,21,1
Female,157500,Unknown,Higher Education,Married,Unknown,32,7,0,18,1
Male,238500,Working,Unknown,Married,Laborers,40,8,0,8,1
Unknown,360000,Commercial Associate,Secondary / Secondary Special,Married,Unknown,40,1,0,18,1
Unknown,337500,Working,Secondary / Secondary Special,Married,Sales Staff,49,1,0,6,1
Unknown,225000,Unknown,Secondary / Secondary Special,Married,Drivers,47,7,0,15,1
Unknown,112500,Commercial Associate,Secondary / Secondary Special,Single / Not Married,Unknown,50,7,0,4,1
Male,247500,Working,Secondary / Secondary Special,Married,Drivers,31,5,0,42,1
Unknown,193500,State Servant,Unknown,Unknown,Cooking Staff,61,28,0,22,1
Female,270000,Working,Higher Education,Unknown,Sales Staff,46,2,0,18,1
Unknown,90000,Unknown,Unknown,Married,Laborers,40,7,0,18,1
Female,180000,Unknown,Higher Education,Civil Marriage,Unknown,40,4,0,2,1
Male,180000,Unknown,Unknown,Married,Laborers,51,30,0,18,1
Female,135000,Commercial Associate,Unknown,Unknown,Unknown,40,2,0,6,1
Female,67500,Commercial Associate,Secondary / Secondary Special,Married,Secretaries,40,7,0,32,1
Unknown,180000,Commercial Associate,Higher Education,Married,Core Staff,56,7,0,18,1
Male,360000,State Servant,Higher Education,Married,Unknown,44,16,0,36,1
Female,126000,State Servant,Unknown,Unknown,Unknown,40,11,0,50,1
Male,270000,Commercial Associate,Secondary / Secondary Special,Unknown,Core Staff,40,7,0,7,1
Unknown,225000,Working,Unknown,Married,Managers,40,7,0,18,1
Unknown,225000,Unknown,Incomplete Higher,Married,Laborers,32,7,0,18,1
Male,315000,Working,Incomplete Higher,Unknown,Unknown,40,7,0,18,1
Male,135000,Unknown,Unknown,Married,Laborers,40,8,0,18,1
Unknown,67500,Working,Secondary / Secondary Special,Unknown,Unknown,40,24,0,18,1
Female,247500,Unknown,Higher Education,Married,Managers,39,21,0,18,1
Female,121500,Working,Secondary / Secondary Special,Married,Laborers,40,6,0,18,1
Male,112500,Unknown,Secondary / Secondary Special,Married,Laborers,25,2,0,5,1
Female,121500,State Servant,Higher Education,Married,Unknown,61,15,0,18,1
Unknown,67500,Working,Unknown,Unknown,Sales Staff,44,7,0,61,1
Unknown,90000,State Servant,Unknown,Married,Core Staff,31,2,0,7,1
Unknown,225000,Commercial Associate,Secondary / Secondary Special,Married,Laborers,40,4,0,49,1
Female,180000,Working,Lower Secondary,Unknown,Cleaning Staff,46,7,0,15,1
Female,90000,Working,Unknown,Unknown,Laborers,50,2,0,18,1
Unknown,315000,Commercial Associate,Unknown,Married,Unknown,40,1,0,6,1
Unknown,157500,Unknown,Secondary / Secondary Special,Married,Laborers,44,4,0,18,1
Male,225000,Commercial Associate,Unknown,Unknown,Sales Staff,28,7,0,18,1
Male,119250,Commercial Associate,Unknown,Married,Laborers,40,1,0,9,1
Male,405000,Working,Unknown,Married,Unknown,50,7,0,18,1
Male,234000,Unknown,Secondary / Secondary Special,Married,Laborers,43,9,0,52,1
Female,112500,Working,Unknown,Unknown,Unknown,40,7,0,18,1
Unknown,180000,Commercial Associate,Secondary / Secondary Special,Unknown,Drivers,29,7,0,11,1
Male,225000,Unknown,Secondary / Secondary Special,Unknown,Unknown,40,7,0,22,1
Female,72000,Working,Unknown,Unknown,Unknown,40,7,0,17,1
Female,67500,Working,Secondary / Secondary Special,Married,Laborers,40,4,0,1,1
Unknown,360000,Unknown,Unknown,Civil Marriage,Unknown,35,15,0,7,1
Female,180000,Working,Incomplete Higher,Widow,Unknown,54,6,0,18,1
Male,135000,Commercial Associate,Unknown,Married,Managers,40,7,0,18,1
Unknown,90000,Unknown,Higher Education,Unknown,Unknown,32,10,0,28,1
Female,157500,Working,Higher Education,Unknown,Laborers,61,30,0,18,1
Unknown,292500,Commercial Associate,Secondary / Secondary Special,Unknown,Medicine Staff,40,7,0,29,1
Unknown,112500,Unknown,Unknown,Unknown,Unknown,60,7,0,18,1
Unknown,103500,Commercial Associate,Secondary / Secondary Special,Married,Sales Staff,40,5,0,25,1
Unknown,225000,Unknown,Higher Education,Civil Marriage,Core Staff,40,3,0,18,1
Unknown,90000,Unknown,Unknown,Married,Unknown,33,7,0,2,1
Male,157500,Unknown,Unknown,Unknown,Drivers,40,5,0,4,1
Unknown,135000,Working,Higher Education,Unknown,Sales Staff,31,4,0,37,1
Male,202500,Unknown,Secondary / Secondary Special,Unknown,Unknown,37,7,0,22,1
Unknown,315000,Commercial Associate,Unknown,Married,Accountants,40,7,0,18,1
Male,135000,State Servant,Unknown,Married,Unknown,40,9,0,3,1
Male,180000,Working,Secondary / Secondary Special,Married,Laborers,47,9,0,12,1
Unknown,207000,Commercial Associate,Unknown,Unknown,Managers,36,5,0,6,1
Female,112500,State Servant,Incomplete Higher,Married,Accountants,40,7,0,18,1
Female,225000,Working,Unknown,Married,Unknown,40,21,0,44,1
Unknown,337500,Unknown,Higher Education,Unknown,Managers,56,8,0,31,1
Female,117000,Unknown,Secondary / Secondary Special,Single / Not Married,Laborers,40,7,3,18,1
Male,225000,Unknown,Secondary / Secondary Special,Unknown,Unknown,40,7,0,34,1
Unknown,225000,Unknown,Unknown,Married,High Skill Tech Staff,40,7,0,18,1
Male,247500,Unknown,Higher Education,Unknown,Drivers,42,1,0,34,1
Unknown,171000,Working,Secondary / Secondary Special,Married,Core Staff,40,7,0,18,1
Female,90000,State Servant,Higher Education,Unknown,Unknown,27,4,0,18,1
Male,153000,State Servant,Secondary / Secondary Special,Civil Marriage,Drivers,40,5,0,18,1
Unknown,180000,Unknown,Higher Education,Married,Laborers,42,2,0,18,1
Female,81000,Working,Unknown,Married,Unknown,40,3,0,23,1
Female,135000,Commercial Associate,Unknown,Single / Not Married,Unknown,32,7,0,5,1
Male,202500,Unknown,Unknown,Married,Laborers,40,7,0,59,1
Unknown,270000,State Servant,Unknown,Married,Secretaries,40,13,0,21,1
Unknown,126000,Unknown,Unknown,Single / Not Married,Cooking Staff,47,8,0,2,1
Unknown,180000,Working,Unknown,Married,Laborers,27,7,0,10,1
Female,103500,Unknown,Unknown,Unknown,Unknown,44,7,0,18,1
Male,202500,Unknown,Higher Education,Married,Managers,57,7,0,7,1
Unknown,270000,Working,Unknown,Separated,Unknown,53,11,0,52,1
Female,90000,Working,Secondary / Secondary Special,Unknown,Cooking Staff,49,7,0,18,1
Male,148500,Unknown,Secondary / Secondary Special,Married,Laborers,52,7,0,18,1
Female,337500,State Servant,Higher Education,Married,Managers,43,7,0,1,1
Female,180000,Working,Secondary / Secondary Special,Married,Sales Staff,40,5,0,18,1
Female,81000,Working,Secondary / Secondary Special,Married,Sales Staff,40,3,0,9,1
Unknown,337500,Working,Higher Education,Unknown,Unknown,65,7,2,41,1
Female,315000,Working,Unknown,Married,Medicine Staff,40,7,0,20,1
Female,36000,Unknown,Secondary / Secondary Special,Separated,Cleaning Staff,41,7,0,54,1
Unknown,157500,Working,Unknown,Married,Drivers,31,6,0,18,1
Female,112500,Working,Secondary / Secondary Special,Separated,Laborers,48,1,0,18,1
Female,99000,Working,Secondary / Secondary Special,Civil Marriage,Unknown,40,12,0,18,1
Female,135000,Working,Unknown,Married,Managers,41,7,0,37,1
Unknown,180000,Unknown,Unknown,Unknown,Unknown,40,6,0,18,1
Female,135000,Unknown,Unknown,Unknown,Core Staff,40,6,9,40,1
Male,324000,Working,Unknown,Married,High Skill Tech Staff,31,9,0,18,1
Unknown,135000,Working,Secondary / Secondary Special,Unknown,Unknown,32,3,0,18,1
Unknown,144000,Working,Secondary / Secondary Special,Single / Not Married,Unknown,47,7,0,18,1
Female,337500,Commercial Associate,Higher Education,Unknown,Unknown,40,7,0,18,1
Unknown,720000,Unknown,Higher Education,Unknown,Managers,46,7,0,28,1
Unknown,135000,Unknown,Unknown,Married,Sales Staff,25,7,0,4,1
Unknown,216000,Unknown,Secondary / Secondary Special,Unknown,Managers,40,10,0,18,1
Male,180000,Unknown,Unknown,Single / Not Married,Laborers,27,6,0,18,1
Male,405000,Unknown,Unknown,Unknown,Unknown,40,7,0,31,1
Male,126000,Unknown,Higher Education,Unknown,Core Staff,35,7,7,18,1
Unknown,135000,Working,Secondary / Secondary Special,Unknown,Unknown,47,2,0,9,1
Male,180000,Unknown,Unknown,Civil Marriage,Unknown,40,7,0,27,1
Unknown,315000,Unknown,Higher Education,Unknown,Drivers,40,7,0,9,1
Unknown,225000,Working,Secondary / Secondary Special,Widow,High Skill Tech Staff,55,7,0,12,1
Male,360000,Working,Unknown,Civil Marriage,Unknown,35,7,0,32,1
Unknown,135000,Working,Lower Secondary,Married,High Skill Tech Staff,40,2,0,18,1
Female,162000,Commercial Associate,Secondary / Secondary Special,Married,Unknown,40,7,0,18,1
Unknown,202500,Unknown,Secondary / Secondary Special,Unknown,Unknown,47,7,0,18,1
Female,157500,Unknown,Unknown,Unknown,Unknown,61,7,0,18,1
Female,81000,Commercial Associate,Secondary / Secondary Special,Married,Unknown,43,10,0,57,1
Male,139500,Unknown,Higher Education,Married,Unknown,40,1,0,18,1
Female,157500,Commercial Associate,Secondary / Secondary Special,Unknown,Unknown,40,7,0,18,1
Unknown,45000,Unknown,Secondary / Secondary Special,Unknown,Core Staff,51,7,0,33,1
Female,139500,Commercial Associate,Higher Education,Unknown,Sales Staff,40,1,1,18,1
Unknown,166500,Unknown,Unknown,Unknown,Core Staff,40,15,0,18,1
Male,135000,Unknown,Unknown,Unknown,Laborers,32,2,0,2,1
Male,191700,Unknown,Unknown,Married,Drivers,40,18,1,45,1
Female,202500,Unknown,Secondary / Secondary Special,Unknown,Medicine Staff,40,33,0,18,1
Female,180000,Working,Unknown,Married,Unknown,40,7,0,18,1
Male,450000,Unknown,Secondary / Secondary Special,Single / Not Married,Unknown,44,7,0,18,1
Female,112500,Working,Secondary / Secondary Special,Married,Unknown,40,7,0,30,1
Female,99000,Unknown,Secondary / Secondary Special,Married,Sales Staff,40,1,0,16,1
Unknown,135000,Working,Unknown,Civil Marriage,Unknown,28,7,0,11,1
Female,135000,State Servant,Secondary / Secondary Special,Married,Unknown,42,7,0,11,1
Unknown,202500,Unknown,Unknown,Married,Laborers,43,7,0,29,1
Female,180000,Working,Unknown,Single / Not Married,Unknown,46,7,0,18,1
Unknown,247500,Commercial Associate,Higher Education,Unknown,Unknown,51,12,0,9,1
Female,139500,Unknown,Unknown,Civil Marriage,Sales Staff,40,7,0,37,1
Male,225000,Working,Higher Education,Civil Marriage,Laborers,46,7,0,7,1
Female,306000,State Servant,Unknown,Unknown,Unknown,35,16,2,18,1
Unknown,180000,Unknown,Secondary / Secondary Special,Unknown,Unknown,47,9,0,39,1
Unknown,135000,Unknown,Secondary / Secondary Special,Married,Unknown,36,7,0,9,1
Male,382500,Working,Higher Education,Married,Laborers,40,7,0,19,1
Unknown,175500,Unknown,Unknown,Single / Not Married,Laborers,40,7,0,18,1
Female,126000,Working,Secondary / Secondary Special,Married,Sales Staff,28,7,0,35,1
Unknown,180000,Working,Secondary / Secondary Special,Single / Not Married,Unknown,40,9,0,18,1
Female,99000,Unknown,Unknown,Unknown,Laborers,40,7,0,18,1
Unknown,157500,Working,Secondary / Secondary Special,Married,Laborers,40,7,0,10,1
Female,540000,Working,Unknown,Separated,Unknown,45,6,0,12,1
Male,225000,Unknown,Unknown,Unknown,Sales Staff,30,7,0,8,1
Female,90000,Unknown,Secondary / Secondary Special,Married,Medicine Staff,40,2,0,36,1
Unknown,90000,Unknown,Secondary / Secondary Special,Single / Not Married,Laborers,33,7,0,19,1
Male,225000,Commercial Associate,Higher Education,Single / Not Married,Sales Staff,44,7,0,18,1
Unknown,108000,Working,Unknown,Unknown,Unknown,44,21,0,18,1
Female,144000,Working,Unknown,Unknown,Core Staff,47,7,0,60,1
Female,315000,Working,Unknown,Married,Medicine Staff,40,7,0,34,1
Female,112500,Unknown,Unknown,Unknown,Medicine Staff,47,26,0,60,1
Unknown,225000,Commercial Associate,Secondary / Secondary Special,Married,Unknown,28,9,0,20,1
Unknown,207000,Working,Unknown,Married,Unknown,41,19,0,18,1
Unknown,315000,Unknown,Incomplete Higher,Unknown,Unknown,40,4,0,18,1
Unknown,90000,Unknown,Secondary / Secondary Special,Unknown,Unknown,40,11,0,45,1
Male,225000,Unknown,Higher Education,Single / Not Married,Unknown,28,7,0,18,1
Unknown,225000,Unknown,Secondary / Secondary Special,Married,Unknown,40,10,3,18,1
Unknown,189000,Unknown,Higher Education,Widow,Unknown,50,7,0,18,1
Unknown,270000,Working,Secondary / Secondary Special,Single / Not Married,Drivers,42,4,0,12,1
Female,81000,Unknown,Higher Education,Unknown,Cooking Staff,35,7,0,6,1
Unknown,180000,Commercial Associate,Higher Education,Unknown,Unknown,28,4,0,18,1
Unknown,256500,Working,Secondary / Secondary Special,Married,Drivers,40,5,0,18,1
Male,135000,Commercial Associate,Secondary / Secondary Special,Married,Unknown,50,11,0,6,1
Unknown,225000,Working,Higher Education,Single / Not Married,Managers,34,8,0,12,1
Female,112500,State Servant,Secondary / Secondary Special,Married,Core Staff,40,26,0,18,0
Unknown,225000,Unknown,Secondary / Secondary Special,Married,Managers,51,9,0,12,1
Male,225000,Commercial Associate,Unknown,Single / Not Married,Sales Staff,40,7,0,18,1
Female,270000,Working,Unknown,Married,Accountants,36,7,0,13,1
Unknown,315000,Working,Secondary / Secondary Special,Unknown,Unknown,40,10,0,17,1
Unknown,225000,Commercial Associate,Unknown,Married,Accountants,34,9,0,18,1
Female,67500,Commercial Associate,Higher Education,Married,Unknown,25,5,0,18,1
Female,216000,Unknown,Secondary / Secondary Special,Single / Not Married,Medicine Staff,50,9,0,18,1
Female,180000,Working,Unknown,Unknown,Sales Staff,54,7,0,48,1
Unknown,202500,Commercial Associate,Secondary / Secondary Special,Married,Sales Staff,40,7,0,20,1
Unknown,180000,Commercial Associate,Secondary / Secondary Special,Unknown,Drivers,40,10,0,18,1
Female,135000,Commercial Associate,Higher Education,Unknown,Core Staff,38,11,0,8,1
Male,234000,Unknown,Secondary / Secondary Special,Married,Laborers,54,7,0,18,1
Unknown,126000,Unknown,Unknown,Unknown,Cleaning Staff,40,4,0,23,1
Female,225000,Commercial Associate,Unknown,Unknown,Unknown,47,2,0,18,1
Female,157500,Unknown,Unknown,Single / Not Married,Laborers,40,8,0,18,1
Female,90000,Unknown,Secondary / Secondary Special,Married,Unknown,40,7,1,26,1
Female,148500,Working,Secondary / Secondary Special,Single / Not Married,Unknown,55,8,0,18,1
Unknown,135000,Unknown,Unknown,Married,Unknown,40,7,0,18,1
Female,175500,Unknown,Unknown,Married,Unknown,42,7,0,26,1
Unknown,270000,Unknown,Unknown,Single / Not Married,Unknown,40,7,0,18,1
Unknown,112500,Working,Incomplete Higher,Unknown,Sales Staff,40,7,5,47,1
Female,270000,Unknown,Unknown,Married,Unknown,40,7,0,28,1
Unknown,202500,Unknown,Unknown,Married,Sales Staff,40,3,0,18,1
Female,180000,Commercial Associate,Secondary / Secondary Special,Civil Marriage,Sales Staff,30,7,0,19,1
Female,247500,Commercial Associate,Unknown,Civil Marriage,Unknown,40,7,0,18,1
Male,315000,Commercial Associate,Secondary / Secondary Special,Married,Drivers,40,6,0,18,1
Female,180000,Unknown,Unknown,Married,Unknown,40,7,0,18,1
Female,157500,Unknown,Higher Education,Married,Unknown,40,1,0,27,1
Female,90000,Unknown,Secondary / Secondary Special,Unknown,Sales Staff,40,7,0,18,1
Unknown,90000,Working,Lower Secondary,Married,Medicine Staff,40,9,0,16,1
Female,261000,Working,Secondary / Secondary Special,Married,Laborers,55,8,0,22,1
Unknown,202500,Unknown,Secondary / Secondary Special,Married,Unknown,34,7,0,18,1
Unknown,90000,State Servant,Unknown,Married,Core Staff,40,2,0,3,1
Unknown,247500,Unknown,Unknown,Married,Unknown,48,7,0,12,1
Unknown,326250,Commercial Associate,Higher Education,Married,Managers,33,1,0,18,1
Male,202500,Working,Lower Secondary,Married,Unknown,38,7,0,58,1
Male,157500,Unknown,Secondary / Secondary Special,Married,Unknown,39,8,0,16,1
Male,157500,Working,Higher Education,Unknown,Unknown,40,7,0,18,1
Female,95850,Commercial Associate,Secondary / Secondary Special,Unknown,Laborers,40,19,0,50,1
Female,67500,State Servant,Unknown,Married,Unknown,38,15,0,18,1
Male,189000,Working,Secondary / Secondary Special,Unknown,High Skill Tech Staff,40,7,0,18,1
Female,157500,Working,Unknown,Unknown,Unknown,32,9,0,5,1
Unknown,202500,Unknown,Secondary / Secondary Special,Unknown,Core Staff,48,5,0,9,1
Female,135000,Working,Secondary / Secondary Special,Married,Laborers,40,7,0,18,1
Male,189000,Unknown,Secondary / Secondary Special,Married,Unknown,44,7,0,5,1
Female,225000,Working,Secondary / Secondary Special,Widow,Unknown,57,7,0,18,1
Unknown,315000,Unknown,Secondary / Secondary Special,Unknown,Sales Staff,40,7,8,18,1
Unknown,112500,Working,Unknown,Unknown,Unknown,40,7,0,18,1
Female,90000,Commercial Associate,Secondary / Secondary Special,Married,Laborers,40,7,0,21,1
Female,247500,Unknown,Higher Education,Married,Managers,40,5,0,11,1
Female,216000,Commercial Associate,Secondary / Secondary Special,Unknown,Unknown,40,7,0,18,1
Unknown,247500,Unknown,Secondary / Secondary Special,Unknown,Unknown,40,2,0,10,1
Female,90000,Working,Secondary / Secondary Special,Civil Marriage,Cleaning Staff,40,4,0,18,1
Unknown,180000,Working,Higher Education,Separated,Managers,40,7,0,8,1
Female,202500,State Servant,Secondary / Secondary Special,Single / Not Married,Medicine Staff,40,7,0,30,1
Female,180000,Unknown,Higher Education,Unknown,Secretaries,26,5,0,14,1
Male,225000,Unknown,Unknown,Unknown,Unknown,40,4,0,18,1
Male,315000,Commercial Associate,Higher Education,Married,Core Staff,38,7,0,44,1
Female,360000,Working,Secondary / Secondary Special,Unknown,Unknown,51,7,0,18,1
Unknown,225000,Working,Unknown,Married,Accountants,42,16,0,18,1
Female,121500,Unknown,Secondary / Secondary Special,Unknown,Unknown,40,7,0,32,1
Male,157500,Unknown,Secondary / Secondary Special,Married,Sales Staff,40,7,0,34,1
Female,180000,Working,Unknown,Unknown,Unknown,40,9,0,29,1
Unknown,157500,Working,Secondary / Secondary Special,Married,Laborers,38,7,0,27,1
Unknown,391500,Working,Unknown,Single / Not Married,Sales Staff,26,7,0,5,1
Female,162000,Working,Secondary / Secondary Special,Unknown,High Skill Tech Staff,40,7,0,5,1
Unknown,135000,Unknown,Unknown,Married,Unknown,41,5,0,18,1
Female,103500,Working,Secondary / Secondary Special,Unknown,Medicine Staff,30,5,0,37,1
Female,112500,Working,Secondary / Secondary Special,Separated,Unknown,40,20,0,17,1
Male,180000,Unknown,Lower Secondary,Unknown,Laborers,30,7,0,29,1
Unknown,112500,Unknown,Secondary / Secondary Special,Married,Medicine Staff,39,7,0,31,1
Unknown,270000,Commercial Associate,Unknown,Married,Managers,42,7,0,18,1
Unknown,652500,Unknown,Unknown,Unknown,Managers,40,7,0,18,1
Male,450000,Working,Secondary / Secondary Special,Unknown,Unknown,40,7,0,39,1
Female,157500,Working,Unknown,Unknown,Laborers,38,4,0,19,1
Male,108000,Working,Secondary / Secondary Special,Single / Not Married,Unknown,40,7,1,18,1
Female,144000,Unknown,Unknown,Married,Core Staff,48,3,0,41,1
Female,99000,Working,Secondary / Secondary Special,Married,Sales Staff,43,7,0,15,1
Female,202500,Commercial Associate,Secondary / Secondary Special,Married,Unknown,27,3,0,23,1
Unknown,135000,Unknown,Secondary / Secondary Special,Married,Unknown,40,7,0,31,1
Female,180000,Working,Unknown,Married,Managers,40,7,0,18,1
Unknown,90000,Working,Secondary / Secondary Special,Unknown,Laborers,29,5,0,18,1
Unknown,157500,Working,Secondary / Secondary Special,Single / Not Married,High Skill Tech Staff,40,2,0,18,1
Male,337500,Unknown,Unknown,Married,Sales Staff,41,4,0,44,1
Female,157500,Unknown,Higher Education,Married,Unknown,47,7,0,24,1
Male,121500,Unknown,Secondary / Secondary Special,Married,Unknown,39,7,0,3,1
Unknown,135000,Unknown,Unknown,Married,Laborers,55,7,0,18,1
Male,225000,Commercial Associate,Secondary / Secondary Special,Unknown,Unknown,54,3,0,18,1
Unknown,193500,Commercial Associate,Secondary / Secondary Special,Unknown,Unknown,40,3,0,18,1
Unknown,247500,Working,Unknown,Married,Managers,39,10,1,28,1
Female,207000,Unknown,Higher Education,Married,Accountants,30,7,0,18,1
Unknown,225000,Working,Unknown,Civil Marriage,Unknown,31,7,0,16,1
Unknown,216000,Working,Higher Education,Unknown,Sales Staff,33,1,0,18,1
Male,315000,Working,Secondary / Secondary Special,Married,Managers,48,7,4,18,1
Unknown,337500,Unknown,Unknown,Unknown,Unknown,32,6,0,5,1
Female,180000,Unknown,Higher Education,Married,Unknown,42,1,0,18,1
Male,157500,Working,Unknown,Married,Unknown,41,15,0,18,1
Unknown,225000,Working,Secondary / Secondary Special,Married,Laborers,42,10,1,18,1
Female,180000,Unknown,Unknown,Widow,Core Staff,40,7,0,18,1
Male,360000,Commercial Associate,Unknown,Married,Unknown,40,12,0,39,1
Unknown,157500,Unknown,Unknown,Married,Drivers,39,7,0,3,1
Female,99000,Unknown,Secondary / Secondary Special,Married,Sales Staff,40,1,0,16,1
Female,81000,Working,Unknown,Married,Unknown,36,7,0,18,1
Male,270000,Commercial Associate,Secondary / Secondary Special,Married,Unknown,33,4,0,18,1
Male,225000,Commercial Associate,Unknown,Married,Drivers,48,7,0,6,1
Male,157500,Commercial Associate,Unknown,Married,Unknown,58,7,0,18,1
Female,270000,Unknown,Unknown,Unknown,Realty Agents,40,8,0,18,1
Male,292500,Unknown,Unknown,Unknown,Unknown,40,7,0,30,1
Female,157500,Working,Unknown,Unknown,Unknown,31,7,0,18,1
Female,90000,Working,Secondary / Secondary Special,Unknown,Laborers,40,7,0,1,1
Female,135000,Commercial Associate,Unknown,Married,Laborers,40,6,0,18,1
Female,180000,Unknown,Unknown,Married,Unknown,40,6,0,2,1
Female,180000,Commercial Associate,Secondary / Secondary Special,Married,Unknown,36,16,0,18,1
Unknown,90000,Commercial Associate,Unknown,Civil Marriage,Unknown,40,7,0,18,1
Unknown,292500,Unknown,Secondary / Secondary Special,Civil Marriage,Unknown,40,30,0,18,1
Male,252000,Unknown,Higher Education,Unknown,Laborers,40,7,0,20,1
Female,76500,Unknown,Unknown,Unknown,Laborers,45,6,0,18,1
Unknown,45000,Unknown,Secondary / Secondary Special,Unknown,Unknown,43,3,2,6,1
Female,130500,Unknown,Unknown,Married,Core Staff,38,16,0,6,1
Female,157500,Commercial Associate,Unknown,Unknown,Managers,53,7,0,5,1
Female,112500,Commercial Associate,Higher Education,Civil Marriage,Unknown,29,9,0,13,1
Unknown,225000,Commercial Associate,Unknown,Single / Not Married,Unknown,29,4,0,14,1
Unknown,180000,State Servant,Secondary / Secondary Special,Unknown,Unknown,55,7,0,18,1
Unknown,180000,Working,Unknown,Married,Laborers,27,7,0,10,1
Unknown,288000,Commercial Associate,Secondary / Secondary Special,Widow,Unknown,45,7,0,11,1
Female,270000,Unknown,Higher Education,Married,Sales Staff,29,7,0,18,1
Female,315000,Unknown,Unknown,Separated,Accountants,40,7,0,53,1
Unknown,76500,Working,Secondary / Secondary Special,Married,Sales Staff,28,3,3,15,1
Female,157500,Unknown,Higher Education,Civil Marriage,Accountants,40,1,0,35,1
Female,67500,Working,Secondary / Secondary Special,Unknown,Unknown,51,6,0,29,1
Male,378000,Commercial Associate,Unknown,Unknown,Unknown,30,7,0,18,1
Unknown,360000,Unknown,Unknown,Unknown,Managers,55,7,0,12,1
Unknown,112500,State Servant,Secondary / Secondary Special,Widow,Secretaries,40,7,0,12,1
Male,270000,Working,Unknown,Married,Unknown,48,4,0,18,1
Male,243000,State Servant,Higher Education,Unknown,Core Staff,40,7,0,18,1
Female,562500,Unknown,Higher Education,Married,Unknown,41,8,0,23,1
Female,337500,Commercial Associate,Unknown,Unknown,Unknown,40,7,1,19,1
Female,90000,Unknown,Unknown,Unknown,Cooking Staff,52,3,0,9,1
Unknown,90000,Unknown,Unknown,Unknown,Low-Skill Laborers,42,5,0,18,1
Female,225000,Working,Higher Education,Single / Not Married,Unknown,30,2,0,18,1
Unknown,634500,Unknown,Higher Education,Unknown,Managers,48,7,2,18,1
Female,225000,Working,Higher Education,Unknown,Managers,34,7,0,18,1
Unknown,225000,Unknown,Higher Education,Civil Marriage,Core Staff,38,3,0,36,1
Female,256500,Unknown,Secondary / Secondary Special,Married,Core Staff,38,7,0,32,1
Unknown,135000,Unknown,Secondary / Secondary Special,Married,Laborers,33,2,0,4,1
Male,315000,Working,Unknown,Married,Unknown,30,7,0,16,1
Unknown,112500,Unknown,Unknown,Married,Unknown,38,7,0,18,1
Unknown,315000,Commercial Associate,Unknown,Married,Unknown,45,7,0,6,1
Female,135000,Working,Secondary / Secondary Special,Married,Laborers,40,4,0,20,1
Male,225000,Unknown,Secondary / Secondary Special,Unknown,Managers,48,7,0,18,1
Unknown,157500,Unknown,Unknown,Married,Laborers,45,7,0,18,1
Male,225000,Working,Unknown,Married,Managers,40,8,0,18,1
Female,90000,Unknown,Secondary / Secondary Special,Married,Unknown,40,7,0,18,1
Female,103500,Commercial Associate,Unknown,Unknown,Laborers,51,2,0,18,1
Female,225000,Commercial Associate,Unknown,Married,Unknown,40,27,0,18,1
Unknown,202500,Working,Secondary / Secondary Special,Married,Sales Staff,40,7,0,51,1
Unknown,135000,Working,Unknown,Unknown,Medicine Staff,50,7,2,56,1
Female,202500,Working,Higher Education,Widow,Unknown,33,5,0,18,1
Female,67500,Working,Unknown,Unknown,Unknown,40,5,0,18,1
Female,135000,Working,Secondary / Secondary Special,Civil Marriage,Laborers,28,4,0,18,1
Male,202500,Unknown,Secondary / Secondary Special,Married,Unknown,56,2,0,21,1
Female,337500,Working,Secondary / Secondary Special,Unknown,Sales Staff,55,9,0,18,1
Female,112500,Working,Secondary / Secondary Special,Civil Marriage,Cooking Staff,38,7,0,2,1
Female,58500,Working,Secondary / Secondary Special,Civil Marriage,Core Staff,40,3,0,7,1
Female,315000,Unknown,Higher Education,Married,Unknown,32,7,0,18,1
Male,270000,Unknown,Unknown,Married,Unknown,35,7,0,18,1
Unknown,90000,Working,Unknown,Married,Cooking Staff,30,4,0,18,1
Unknown,157500,Commercial Associate,Secondary / Secondary Special,Unknown,Sales Staff,40,7,0,18,1
Unknown,135000,Working,Secondary / Secondary Special,Widow,Unknown,58,7,0,3,1
Female,225000,Unknown,Secondary / Secondary Special,Unknown,Sales Staff,40,7,0,11,1
Female,135000,Unknown,Secondary / Secondary Special,Married,Sales Staff,33,7,0,18,1
Female,180000,Working,Unknown,Married,Laborers,48,7,3,18,1
Female,560250,Working,Unknown,Unknown,Unknown,40,7,0,19,1
Female,112500,Unknown,Secondary / Secondary Special,Married,Unknown,41,8,0,2,1
Unknown,130500,Unknown,Secondary / Secondary Special,Married,Unknown,31,1,1,18,1
Unknown,315000,Commercial Associate,Secondary / Secondary Special,Married,Unknown,40,7,0,18,1
Unknown,135000,Working,Unknown,Unknown,Unknown,40,7,0,18,1
Unknown,225000,Working,Secondary / Secondary Special,Married,Laborers,40,7,0,18,1
Female,130500,Working,Unknown,Married,Unknown,40,26,0,18,1
Male,112500,Unknown,Secondary / Secondary Special,Married,Laborers,40,1,4,18,1
Female,180000,Working,Higher Education,Civil Marriage,Sales Staff,38,6,0,7,1
Unknown,157500,Unknown,Unknown,Unknown,Unknown,40,7,0,22,1
Unknown,117000,State Servant,Secondary / Secondary Special,Single / Not Married,Hr Staff,25,3,0,8,1
Female,180000,Working,Secondary / Secondary Special,Married,Unknown,37,19,0,18,1
Male,135000,Working,Unknown,Unknown,Laborers,40,23,0,47,1
Female,225000,Commercial Associate,Secondary / Secondary Special,Married,High Skill Tech Staff,40,14,20,16,0
Male,180000,Working,Higher Education,Unknown,Unknown,26,4,0,18,1
Unknown,225000,Unknown,Unknown,Unknown,Unknown,52,11,24,18,1
Unknown,180000,Unknown,Unknown,Married,Accountants,40,2,0,9,1
Female,90000,Working,Secondary / Secondary Special,Married,Cooking Staff,30,7,0,19,1
Unknown,135000,Unknown,Higher Education,Unknown,Core Staff,36,5,0,18,1
Male,202500,Working,Secondary / Secondary Special,Married,Unknown,27,4,0,18,1
Unknown,202500,Working,Higher Education,Married,Managers,46,20,0,34,1
Unknown,144000,Unknown,Secondary / Secondary Special,Married,Accountants,59,9,0,36,1
Female,270000,Working,Unknown,Single / Not Married,Laborers,43,9,0,18,1
Male,157500,Commercial Associate,Unknown,Married,High Skill Tech Staff,61,7,0,18,1
Unknown,270000,Commercial Associate,Unknown,Separated,Sales Staff,40,7,0,23,1
Unknown,225000,Working,Higher Education,Separated,Core Staff,41,7,0,21,1
Female,90000,Commercial Associate,Secondary / Secondary Special,Unknown,Laborers,40,7,0,28,1
Unknown,216000,Unknown,Unknown,Married,Private Service Staff,59,10,2,18,1
Male,180000,Unknown,Unknown,Married,Unknown,28,2,0,36,1
Female,157500,Working,Higher Education,Married,Sales Staff,54,5,2,29,1
Unknown,202500,Commercial Associate,Unknown,Unknown,Unknown,35,7,0,14,1
Male,360000,Working,Unknown,Unknown,Managers,61,11,0,40,1
Male,90000,Commercial Associate,Unknown,Unknown,Drivers,46,7,0,20,1
Female,220500,Unknown,Unknown,Separated,Unknown,40,2,0,36,1
Unknown,112500,Unknown,Secondary / Secondary Special,Widow,Unknown,40,17,0,31,1
Female,135000,Commercial Associate,Unknown,Married,Unknown,49,7,0,18,1
Unknown,270000,Working,Secondary / Secondary Special,Separated,Unknown,46,4,0,18,1
Female,112500,Working,Higher Education,Single / Not Married,Unknown,26,7,0,18,1
Male,225000,Unknown,Secondary / Secondary Special,Married,Unknown,52,7,0,9,1
Female,99000,Commercial Associate,Secondary / Secondary Special,Single / Not Married,Unknown,45,2,0,42,1
Male,247500,Unknown,Secondary / Secondary Special,Married,Unknown,40,8,0,18,1
Unknown,270000,Unknown,Unknown,Unknown,Unknown,41,8,0,36,1
Unknown,180000,Working,Higher Education,Civil Marriage,Sales Staff,38,6,0,18,1
Female,225000,Unknown,Secondary / Secondary Special,Civil Marriage,Medicine Staff,37,15,0,18,1
Male,135000,Working,Unknown,Unknown,Unknown,39,9,0,17,1
Male,135000,Unknown,Higher Education,Married,Managers,34,5,0,10,1
Unknown,76500,Unknown,Unknown,Single / Not Married,Medicine Staff,40,2,0,18,1
Unknown,225000,Working,Secondary / Secondary Special,Married,Laborers,40,7,0,18,1
Male,450000,Unknown,Higher Education,Unknown,Managers,53,13,0,49,1
Male,607500,Commercial Associate,Secondary / Secondary Special,Unknown,Managers,40,4,0,18,1
Male,121500,Working,Secondary / Secondary Special,Married,Unknown,29,7,0,18,1
Unknown,157500,Working,Higher Education,Married,Laborers,40,7,0,2,1
Unknown,135000,Unknown,Secondary / Secondary Special,Married,Core Staff,34,5,0,18,1
Male,180000,State Servant,Unknown,Unknown,Core Staff,40,13,0,11,1
Male,202500,Working,Secondary / Secondary Special,Married,Managers,40,8,0,18,1
Female,112500,Commercial Associate,Unknown,Separated,Laborers,40,7,0,14,1
Female,118350,Working,Secondary / Secondary Special,Unknown,Unknown,40,7,2,13,1
Female,112500,State Servant,Secondary / Secondary Special,Civil Marriage,Unknown,40,17,0,18,1
Unknown,126000,Working,Unknown,Unknown,Security Staff,40,7,0,18,1
Unknown,76500,Working,Secondary / Secondary Special,Married,Unknown,50,31,0,18,1
Male,270000,Unknown,Secondary / Secondary Special,Single / Not Married,Drivers,47,1,0,15,1
Male,225000,Unknown,Unknown,Separated,Managers,26,2,0,18,1
Unknown,180000,Commercial Associate,Unknown,Unknown,Sales Staff,49,7,0,8,1
Male,135000,Working,Unknown,Unknown,Laborers,29,8,0,29,1
Female,112500,Commercial Associate,Secondary / Secondary Special,Unknown,Sales Staff,40,4,0,34,1
Female,225000,Working,Secondary / Secondary Special,Unknown,Unknown,40,7,0,18,1
Female,157500,Working,Unknown,Civil Marriage,Unknown,40,2,0,18,1
Unknown,247500,Unknown,Secondary / Secondary Special,Unknown,Unknown,47,4,0,18,1
Female,81000,State Servant,Unknown,Unknown,High Skill Tech Staff,54,7,0,18,1
Unknown,225000,Unknown,Higher Education,Civil Marriage,Core Staff,40,3,0,18,1
Unknown,247500,Commercial Associate,Secondary / Secondary Special,Unknown,Unknown,40,7,0,14,1
Unknown,202500,Unknown,Secondary / Secondary Special,Unknown,Sales Staff,40,7,0,14,1
Unknown,112500,Unknown,Unknown,Unknown,Sales Staff,40,7,0,18,1
Unknown,135000,Unknown,Unknown,Unknown,Drivers,40,7,0,6,1
Unknown,135000,Unknown,Secondary / Secondary Special,Unknown,Managers,57,21,0,18,1
Unknown,180000,Commercial Associate,Higher Education,Unknown,Sales Staff,40,7,0,1,1
Female,135000,Unknown,Unknown,Single / Not Married,Laborers,40,4,0,17,1
Unknown,247500,Commercial Associate,Higher Education,Unknown,Unknown,33,6,0,60,1
Unknown,67500,Working,Unknown,Married,Sales Staff,42,7,0,18,1
Unknown,76500,Working,Unknown,Unknown,Unknown,40,7,0,18,1
Unknown,270000,State Servant,Unknown,Married,Accountants,40,7,6,18,1
Unknown,90000,Working,Secondary / Secondary Special,Unknown,Unknown,37,7,0,18,1
Unknown,225000,Unknown,Secondary / Secondary Special,Single / Not Married,Sales Staff,34,2,0,8,1
Unknown,135000,Unknown,Unknown,Married,Laborers,40,7,0,43,1
Female,135000,Working,Secondary / Secondary Special,Married,Secretaries,31,7,0,35,1
Male,198000,Unknown,Secondary / Secondary Special,Married,Drivers,58,4,0,27,1
Male,180000,Unknown,Secondary / Secondary Special,Unknown,Unknown,40,5,0,5,1
Unknown,171000,Unknown,Secondary / Secondary Special,Married,Core Staff,40,7,0,18,1
Unknown,73350,Working,Secondary / Secondary Special,Married,Medicine Staff,40,20,0,18,1
Male,270000,Commercial Associate,Secondary / Secondary Special,Unknown,Drivers,40,7,0,22,1
Unknown,180000,Unknown,Secondary / Secondary Special,Married,Sales Staff,40,5,0,13,1
Male,180000,Unknown,Secondary / Secondary Special,Married,Unknown,37,5,0,21,1
Female,135000,Unknown,Unknown,Married,Unknown,40,8,0,18,1
Male,119250,Commercial Associate,Unknown,Married,Laborers,40,1,0,9,1
Female,135000,Working,Higher Education,Single / Not Married,Core Staff,27,2,0,2,1
Male,112500,Unknown,Secondary / Secondary Special,Unknown,Laborers,40,1,0,18,1
Female,355500,Commercial Associate,Unknown,Married,Core Staff,42,1,0,19,1
Male,225000,Unknown,Higher Education,Civil Marriage,Managers,40,4,0,40,1
Female,315000,Unknown,Incomplete Higher,Married,Core Staff,40,1,0,12,1
Unknown,130500,Working,Secondary / Secondary Special,Unknown,Unknown,32,8,0,18,1
Male,135000,Working,Unknown,Unknown,Laborers,40,9,0,18,1
Male,153000,Unknown,Secondary / Secondary Special,Married,Laborers,40,1,0,18,1
Male,148500,Working,Unknown,Married,Unknown,40,7,0,18,1
Female,315000,Unknown,Unknown,Unknown,High Skill Tech Staff,40,7,0,10,1
Female,90000,Working,Unknown,Single / Not Married,Sales Staff,32,1,0,22,1
Male,135000,Unknown,Secondary / Secondary Special,Married,Unknown,28,5,0,29,1
Unknown,225000,Unknown,Unknown,Unknown,Low-Skill Laborers,40,4,0,18,1
Female,247500,Unknown,Unknown,Unknown,Medicine Staff,40,2,0,18,1
Female,157500,Working,Secondary / Secondary Special,Unknown,Unknown,39,1,0,18,1
Male,360000,Working,Higher Education,Married,Unknown,40,2,5,33,1
Unknown,202500,Working,Secondary / Secondary Special,Single / Not Married,Unknown,40,7,0,18,1
Unknown,225000,State Servant,Secondary / Secondary Special,Married,Private Service Staff,55,7,0,18,1
Male,166500,Unknown,Incomplete Higher,Single / Not Married,Unknown,29,6,1,13,1
Unknown,405000,Commercial Associate,Unknown,Married,Drivers,40,7,0,31,1
Female,67500,Unknown,Unknown,Married,Sales Staff,46,2,0,30,1
Female,391500,Unknown,Secondary / Secondary Special,Unknown,Core Staff,40,20,0,18,1
Female,225000,Working,Higher Education,Unknown,Core Staff,48,7,0,51,1
Female,247500,Unknown,Secondary / Secondary Special,Civil Marriage,Laborers,49,1,0,18,1
Unknown,157500,Unknown,Secondary / Secondary Special,Married,Unknown,51,7,0,18,1
Female,405000,State Servant,Unknown,Unknown,Core Staff,40,7,0,18,1
Female,315000,Working,Unknown,Married,Unknown,40,7,0,39,1
Unknown,157500,Unknown,Secondary / Secondary Special,Single / Not Married,Unknown,40,4,0,2,1
Unknown,112500,Unknown,Secondary / Secondary Special,Unknown,High Skill Tech Staff,40,7,0,13,1
Male,243000,State Servant,Higher Education,Unknown,Unknown,29,1,0,18,1
Male,180000,Unknown,Higher Education,Unknown,Managers,29,9,0,18,1
Unknown,247500,Unknown,Higher Education,Married,Sales Staff,43,7,0,18,1
Female,157500,Working,Secondary / Secondary Special,Married,Cooking Staff,54,7,0,18,1
Female,117000,Commercial Associate,Unknown,Unknown,Unknown,52,13,0,32,1
Unknown,112500,Unknown,Incomplete Higher,Unknown,Laborers,45,1,0,21,1
Unknown,90000,Unknown,Unknown,Unknown,Unknown,40,2,0,18,1
Female,67500,State Servant,Secondary / Secondary Special,Married,High Skill Tech Staff,50,7,0,18,1
Unknown,135000,Unknown,Secondary / Secondary Special,Married,Laborers,40,7,0,9,1
Female,180000,Working,Unknown,Unknown,Unknown,61,5,0,57,1
Female,315000,Unknown,Secondary / Secondary Special,Married,Unknown,54,12,0,34,1
Male,225000,Unknown,Secondary / Secondary Special,Unknown,Laborers,40,12,6,43,1
Female,126000,Commercial Associate,Secondary / Secondary Special,Married,Unknown,50,7,0,37,1
Male,225000,Commercial Associate,Higher Education,Unknown,Managers,40,7,0,20,1
Male,247500,Commercial Associate,Secondary / Secondary Special,Married,Drivers,40,3,0,8,1
Female,180000,Commercial Associate,Unknown,Married,Sales Staff,41,3,0,18,1
Female,126000,Working,Secondary / Secondary Special,Married,Unknown,40,7,0,3,1
Unknown,112500,Commercial Associate,Unknown,Single / Not Married,Laborers,25,7,0,18,1
Unknown,270000,Unknown,Higher Education,Married,Unknown,30,7,0,18,1
Male,112500,Unknown,Unknown,Married,Managers,43,10,0,18,1
Male,202500,Unknown,Unknown,Single / Not Married,Unknown,40,7,0,55,1
Female,112500,Working,Unknown,Married,Unknown,51,7,0,18,1
Unknown,180000,Unknown,Unknown,Married,Unknown,28,2,0,17,1
Unknown,90000,Unknown,Secondary / Secondary Special,Unknown,Laborers,40,7,0,18,1
Unknown,270000,Unknown,Secondary / Secondary Special,Single / Not Married,Unknown,32,12,0,8,1
Female,81000,Working,Unknown,Unknown,Unknown,49,2,0,18,1
Female,360000,Commercial Associate,Higher Education,Unknown,Sales Staff,40,7,0,18,1
Male,180000,Commercial Associate,Secondary / Secondary Special,Married,Unknown,31,7,0,22,1
Unknown,270000,Working,Secondary / Secondary Special,Unknown,Unknown,40,8,0,35,1
Unknown,117000,Working,Unknown,Unknown,Unknown,47,7,0,18,1
Unknown,360000,Unknown,Unknown,Married,Unknown,40,4,0,18,1
Female,238500,Commercial Associate,Unknown,Unknown,Core Staff,40,7,0,18,1
Female,126000,Working,Secondary / Secondary Special,Married,Unknown,32,4,0,10,1
Male,202500,Working,Unknown,Unknown,Drivers,40,5,0,18,1
Unknown,135000,Commercial Associate,Secondary / Secondary Special,Married,Unknown,40,3,0,3,1
Male,157500,Unknown,Secondary / Secondary Special,Married,Drivers,36,12,0,28,1
Male,270000,Unknown,Higher Education,Unknown,Unknown,40,7,0,18,1
Female,99000,Unknown,Secondary / Secondary Special,Married,Unknown,40,7,0,50,1
Unknown,180000,Unknown,Unknown,Civil Marriage,Unknown,40,9,0,7,1
Female,180000,Commercial Associate,Unknown,Married,Medicine Staff,49,7,0,42,1
Female,130500,Working,Unknown,Married,Core Staff,38,7,0,6,1
Unknown,162000,Commercial Associate,Incomplete Higher,Married,Unknown,27,3,6,18,1
Unknown,180000,Unknown,Secondary / Secondary Special,Single / Not Married,Sales Staff,40,8,0,11,1
Unknown,270000,Working,Unknown,Unknown,Realty Agents,40,8,0,8,1
Female,211500,Unknown,Unknown,Married,Unknown,40,7,0,34,1
Female,135000,Unknown,Unknown,Civil Marriage,Sales Staff,31,4,0,38,1
Unknown,85500,State Servant,Secondary / Secondary Special,Unknown,Unknown,40,7,0,18,1
Female,315000,Unknown,Unknown,Married,Unknown,40,31,0,13,1
Male,112500,Unknown,Secondary / Secondary Special,Unknown,Unknown,40,4,0,50,1
Female,135000,Working,Secondary / Secondary Special,Unknown,Managers,40,21,0,50,1
Male,202500,Working,Unknown,Unknown,Unknown,40,7,0,18,1
Unknown,130500,Working,Secondary / Secondary Special,Unknown,Unknown,33,10,0,52,1
Female,67500,State Servant,Unknown,Unknown,High Skill Tech Staff,38,15,0,18,1
Female,270000,Unknown,Unknown,Unknown,Unknown,46,2,0,26,1
Female,157500,Working,Unknown,Unknown,Laborers,38,4,0,19,1
Male,405000,Unknown,Secondary / Secondary Special,Unknown,Unknown,30,7,0,34,1
Unknown,225000,Working,Unknown,Unknown,Laborers,40,9,0,18,1
Female,225000,Unknown,Secondary / Secondary Special,Civil Marriage,Medicine Staff,37,15,0,18,1
Male,405000,Working,Higher Education,Unknown,Unknown,29,7,0,29,1
Female,247500,Commercial Associate,Unknown,Unknown,Unknown,40,7,0,18,1
Female,157500,Working,Unknown,Widow,Unknown,40,5,0,11,1
Male,360000,Commercial Associate,Unknown,Unknown,Managers,40,7,0,18,1
Unknown,67500,State Servant,Unknown,Married,Medicine Staff,50,8,0,27,1
Unknown,81000,Unknown,Unknown,Single / Not Married,Unknown,43,7,0,18,1
Female,135000,Working,Incomplete Higher,Civil Marriage,Sales Staff,28,7,0,18,1
Male,180000,State Servant,Higher Education,Unknown,High Skill Tech Staff,28,7,0,18,1
Unknown,382500,Unknown,Higher Education,Married,Managers,32,8,0,23,1
Female,180000,Working,Unknown,Single / Not Married,Unknown,40,2,0,18,1
Male,270000,Working,Unknown,Married,Drivers,36,1,0,14,1
Unknown,99000,Commercial Associate,Secondary / Secondary Special,Unknown,Unknown,40,14,0,39,1
Unknown,540000,Unknown,Higher Education,Married,Laborers,48,7,0,35,1
Female,135000,Working,Unknown,Married,Accountants,37,8,0,18,1
Female,157500,Working,Unknown,Unknown,Unknown,40,2,0,18,1
Unknown,135000,Unknown,Secondary / Secondary Special,Separated,Laborers,35,2,0,4,1
Male,135000,Commercial Associate,Unknown,Married,Unknown,64,2,0,18,1
Unknown,216000,Commercial Associate,Unknown,Unknown,Unknown,53,7,1,18,1
Unknown,112500,Working,Unknown,Unknown,Unknown,29,7,0,3,1
Female,180000,Unknown,Unknown,Unknown,Accountants,51,7,0,22,1
Unknown,121500,Working,Higher Education,Married,Unknown,28,7,0,11,1
Female,175500,Unknown,Unknown,Single / Not Married,High Skill Tech Staff,40,7,0,14,1
Unknown,112500,Working,Secondary / Secondary Special,Married,Sales Staff,48,5,0,18,1
Female,67500,Unknown,Secondary / Secondary Special,Unknown,Unknown,51,10,0,18,1
Unknown,90000,Working,Unknown,Unknown,Unknown,40,3,0,3,1
Unknown,112500,Working,Secondary / Secondary Special,Unknown,Laborers,40,15,0,28,1
Unknown,157500,Unknown,Secondary / Secondary Special,Married,Sales Staff,37,7,0,18,1
Male,180000,Unknown,Secondary / Secondary Special,Unknown,Unknown,40,5,0,7,1
Female,135000,Unknown,Secondary / Secondary Special,Unknown,Unknown,51,7,0,4,1
Female,112500,Unknown,Unknown,Married,Unknown,40,4,0,24,1
Unknown,360000,Unknown,Secondary / Secondary Special,Unknown,Medicine Staff,30,2,0,11,1
Unknown,117000,Working,Secondary / Secondary Special,Married,Sales Staff,37,7,1,46,1
Male,76500,Working,Secondary / Secondary Special,Married,Unknown,29,2,0,39,1
Unknown,135000,Unknown,Secondary / Secondary Special,Unknown,Laborers,40,7,0,18,1
Female,315000,Commercial Associate,Higher Education,Married,Sales Staff,45,5,0,18,1
Unknown,135000,Unknown,Secondary / Secondary Special,Married,Unknown,40,5,1,12,1
Unknown,171000,Commercial Associate,Secondary / Secondary Special,Unknown,Unknown,56,7,0,17,1
Female,157500,Working,Higher Education,Married,Unknown,29,7,0,18,1
Female,234000,Working,Secondary / Secondary Special,Unknown,Unknown,40,3,0,21,1
Unknown,112500,Working,Unknown,Married,Unknown,40,2,0,23,1
Unknown,202500,Unknown,Unknown,Married,Unknown,38,9,0,2,1
Unknown,247500,Working,Secondary / Secondary Special,Separated,Laborers,40,10,2,49,1
Female,351000,State Servant,Unknown,Unknown,Medicine Staff,40,12,0,7,1
Female,103500,Unknown,Unknown,Married,Sales Staff,31,7,0,18,1
Female,157500,Unknown,Higher Education,Married,Unknown,38,8,0,16,1
Female,112500,Working,Unknown,Civil Marriage,Unknown,41,7,0,18,1
Unknown,274500,Commercial Associate,Unknown,Unknown,High Skill Tech Staff,57,19,0,31,1
Female,247500,Unknown,Higher Education,Unknown,Core Staff,33,6,0,17,1
Unknown,315000,Unknown,Unknown,Married,Drivers,60,3,0,18,1
Unknown,112500,Unknown,Secondary / Secondary Special,Married,Laborers,40,7,0,18,1
Female,135000,Unknown,Secondary / Secondary Special,Unknown,Sales Staff,41,7,0,18,1
Unknown,270000,Working,Unknown,Unknown,Unknown,42,7,0,18,1
Unknown,135000,Unknown,Secondary / Secondary Special,Unknown,Unknown,56,7,0,12,1
Unknown,247500,Unknown,Higher Education,Civil Marriage,Drivers,42,1,0,34,1
Male,157500,Working,Secondary / Secondary Special,Unknown,Drivers,27,7,0,18,1
Unknown,225000,Commercial Associate,Secondary / Secondary Special,Single / Not Married,Managers,48,8,0,22,1
Female,292500,Unknown,Secondary / Secondary Special,Civil Marriage,Unknown,52,30,0,6,1
Female,67500,Unknown,Secondary / Secondary Special,Unknown,Unknown,39,7,0,12,1
Female,117000,Working,Secondary / Secondary Special,Unknown,Sales Staff,57,13,0,6,1
Female,202500,State Servant,Secondary / Secondary Special,Married,High Skill Tech Staff,40,7,0,18,1
Male,252000,State Servant,Unknown,Unknown,High Skill Tech Staff,35,5,0,12,1
Female,112500,State Servant,Unknown,Unknown,High Skill Tech Staff,40,7,0,43,1
Male,112500,Working,Higher Education,Civil Marriage,Security Staff,55,16,0,21,1
Female,355500,Commercial Associate,Secondary / Secondary Special,Married,Core Staff,40,1,0,45,1
Female,67500,Unknown,Secondary / Secondary Special,Married,Laborers,30,7,0,18,1
Unknown,112500,Unknown,Unknown,Civil Marriage,Unknown,38,7,0,57,1
Unknown,270000,State Servant,Higher Education,Unknown,Accountants,32,7,0,27,1
Unknown,360000,Commercial Associate,Secondary / Secondary Special,Unknown,Sales Staff,47,6,0,7,1
Female,103500,Working,Secondary / Secondary Special,Unknown,Sales Staff,40,4,0,18,1
Male,270000,Commercial Associate,Secondary / Secondary Special,Single / Not Married,Laborers,41,7,0,58,1
Male,180000,Unknown,Secondary / Secondary Special,Unknown,Drivers,28,7,0,18,1
Unknown,178200,Working,Unknown,Unknown,Unknown,31,7,0,18,1
Female,72000,Working,Secondary / Secondary Special,Married,Sales Staff,35,7,0,18,1
Unknown,162000,Unknown,Secondary / Secondary Special,Married,Unknown,53,7,1,23,1
Female,135000,Commercial Associate,Unknown,Unknown,Accountants,40,15,0,18,1
Female,180000,State Servant,Unknown,Married,Core Staff,40,8,0,20,1
Male,135000,Unknown,Secondary / Secondary Special,Unknown,Unknown,52,7,0,18,1
Unknown,247500,State Servant,Unknown,Married,Unknown,56,3,1,16,1
Unknown,67500,State Servant,Incomplete Higher,Married,Core Staff,40,1,0,3,1
Unknown,135000,Unknown,Higher Education,Married,Unknown,27,8,0,9,1
Male,247500,Working,Secondary / Secondary Special,Married,Managers,40,10,0,7,1
Female,135000,Commercial Associate,Unknown,Unknown,Unknown,40,12,0,44,1
Unknown,202500,Unknown,Secondary / Secondary Special,Civil Marriage,Core Staff,40,7,0,18,1
Male,81000,Commercial Associate,Higher Education,Unknown,Laborers,28,7,0,14,1
Female,112500,Working,Unknown,Unknown,Unknown,48,7,0,16,1
Female,40500,Unknown,Unknown,Unknown,Unknown,40,7,0,18,1
Female,180000,Unknown,Lower Secondary,Unknown,Unknown,40,7,1,33,1
Female,180000,Commercial Associate,Unknown,Civil Marriage,Unknown,40,2,0,2,1
Female,225000,Unknown,Higher Education,Married,Unknown,46,5,0,8,1
Male,202500,Unknown,Higher Education,Unknown,Unknown,40,4,0,18,1
Male,121500,Working,Secondary / Secondary Special,Married,Laborers,40,2,0,38,1
Female,157500,Unknown,Unknown,Married,Unknown,40,8,0,18,1
Male,121500,Working,Secondary / Secondary Special,Unknown,Laborers,41,7,0,18,1
Female,112500,Working,Unknown,Unknown,Unknown,40,7,0,18,1
Male,202500,Unknown,Unknown,Unknown,Unknown,40,7,0,18,1
Female,189000,Unknown,Unknown,Married,Laborers,51,1,0,18,1
Female,180000,Unknown,Unknown,Married,Laborers,54,6,0,12,1
Unknown,121500,Unknown,Secondary / Secondary Special,Unknown,Unknown,35,7,0,18,1
Female,135000,Working,Unknown,Unknown,Laborers,40,3,0,12,1
Unknown,90000,Working,Secondary / Secondary Special,Separated,Unknown,52,7,0,46,1
Unknown,202500,Unknown,Higher Education,Separated,Unknown,40,1,0,9,1
Unknown,112500,Working,Higher Education,Unknown,Laborers,28,7,0,4,1
Male,585000,Commercial Associate,Unknown,Unknown,Drivers,46,7,0,42,1
Unknown,202500,Unknown,Unknown,Unknown,Unknown,62,2,0,15,1
Unknown,180000,Unknown,Unknown,Married,Sales Staff,40,4,0,17,1
Female,90000,Unknown,Unknown,Married,Cooking Staff,49,11,0,18,1
Male,157500,Unknown,Secondary / Secondary Special,Unknown,Security Staff,59,2,0,18,1
Male,157500,Working,Secondary / Secondary Special,Civil Marriage,Unknown,26,1,0,18,1
Female,82350,Working,Unknown,Married,Cleaning Staff,34,12,0,28,1
Female,450000,Unknown,Higher Education,Separated,Core Staff,53,7,0,57,1
Male,315000,Commercial Associate,Secondary / Secondary Special,Married,Unknown,43,8,6,54,1
Female,270000,Unknown,Secondary / Secondary Special,Unknown,Unknown,38,7,0,9,1
Male,90000,Unknown,Secondary / Secondary Special,Unknown,Unknown,39,7,0,18,1
Unknown,180000,Working,Secondary / Secondary Special,Married,Core Staff,61,12,0,35,1
Female,360000,Unknown,Higher Education,Widow,Managers,46,7,0,18,1
Unknown,193500,Commercial Associate,Secondary / Secondary Special,Unknown,Laborers,47,3,0,7,1
Unknown,225000,Unknown,Unknown,Married,Drivers,40,3,0,8,1
Female,225000,Commercial Associate,Secondary / Secondary Special,Unknown,Unknown,40,5,0,53,1
Female,157500,Working,Secondary / Secondary Special,Married,Cleaning Staff,44,7,0,38,1
Unknown,99000,Unknown,Secondary / Secondary Special,Civil Marriage,Unknown,40,2,0,18,1
Female,225000,Unknown,Higher Education,Unknown,Unknown,40,7,1,48,1
Unknown,135000,Working,Secondary / Secondary Special,Unknown,Security Staff,40,9,0,17,1
Female,135000,Working,Secondary / Secondary Special,Married,Unknown,40,6,0,18,1
Unknown,135000,Unknown,Secondary / Secondary Special,Married,Sales Staff,40,4,0,23,1
Unknown,180000,Unknown,Unknown,Married,Unknown,40,7,0,18,1
Female,247500,Working,Higher Education,Married,Unknown,39,7,0,18,1
Female,148500,Unknown,Secondary / Secondary Special,Married,High Skill Tech Staff,42,7,0,20,1
Male,675000,Unknown,Higher Education,Married,Managers,50,7,0,18,1
Unknown,135000,State Servant,Higher Education,Married,Unknown,50,13,0,18,1
Unknown,180000,Working,Unknown,Separated,Unknown,40,13,0,17,1
Unknown,135000,Unknown,Secondary / Secondary Special,Unknown,Managers,40,3,0,18,1
Female,90000,Unknown,Secondary / Secondary Special,Married,Medicine Staff,39,20,0,18,1
Unknown,157500,Unknown,Higher Education,Civil Marriage,Drivers,40,7,0,27,1
Female,315000,Unknown,Unknown,Married,Unknown,35,4,0,18,1
Unknown,135000,Working,Secondary / Secondary Special,Married,Unknown,31,7,0,9,1
Female,135000,Working,Unknown,Unknown,Core Staff,40,7,0,1,1
Male,292500,Unknown,Unknown,Separated,Unknown,35,3,0,16,1
Unknown,135000,Unknown,Secondary / Secondary Special,Civil Marriage,Medicine Staff,45,15,0,61,1
Unknown,238500,Unknown,Unknown,Unknown,Unknown,34,7,0,18,1
Unknown,202500,Unknown,Unknown,Married,Private Service Staff,52,7,0,18,1
Unknown,247500,Unknown,Higher Education,Unknown,Sales Staff,40,1,0,18,1
Male,238500,Commercial Associate,Secondary / Secondary Special,Unknown,Security Staff,25,1,0,18,1
Female,247500,Working,Secondary / Secondary Special,Single / Not Married,Unknown,40,1,0,50,1
Unknown,229500,Working,Secondary / Secondary Special,Unknown,Drivers,46,7,0,18,1
Unknown,360000,Unknown,Unknown,Married,Unknown,47,7,0,20,1
Female,333000,Unknown,Unknown,Unknown,Unknown,40,5,0,6,1
Female,202500,Working,Secondary / Secondary Special,Married,High Skill Tech Staff,40,7,0,30,1
Male,90000,Unknown,Secondary / Secondary Special,Unknown,Unknown,40,7,0,3,1
Male,315000,State Servant,Unknown,Unknown,High Skill Tech Staff,37,7,0,46,1
Unknown,225000,Unknown,Unknown,Separated,Core Staff,41,5,0,18,1
Male,135000,Working,Secondary / Secondary Special,Unknown,Unknown,38,7,0,18,1
Male,247500,Unknown,Secondary / Secondary Special,Unknown,Unknown,48,7,0,3,1
Unknown,67500,State Servant,Incomplete Higher,Married,Core Staff,40,1,0,3,1
Unknown,225000,Unknown,Secondary / Secondary Special,Unknown,Drivers,40,7,0,2,1
Male,225000,Working,Higher Education,Married,Unknown,50,7,0,18,1
Female,225000,Commercial Associate,Higher Education,Married,Unknown,40,2,0,3,1
Unknown,202500,Commercial Associate,Unknown,Married,Managers,44,7,0,26,1
Female,157500,Unknown,Unknown,Married,Sales Staff,32,9,0,18,1
Female,90000,Unknown,Secondary / Secondary Special,Married,Cooking Staff,40,3,15,20,1
Unknown,225000,Commercial Associate,Unknown,Married,Sales Staff,25,7,0,18,1
Male,157500,Working,Secondary / Secondary Special,Separated,Unknown,40,2,0,7,1
Unknown,135000,Working,Secondary / Secondary Special,Civil Marriage,Laborers,28,7,0,18,1
Female,171000,Unknown,Secondary / Secondary Special,Unknown,Unknown,34,7,0,18,1
Unknown,112500,Working,Unknown,Unknown,Laborers,40,7,0,18,1
Female,67500,State Servant,Secondary / Secondary Special,Married,Core Staff,42,7,0,18,1
Unknown,112500,Unknown,Unknown,Unknown,Unknown,48,7,0,18,1
Male,450000,Commercial Associate,Unknown,Single / Not Married,Managers,29,7,1,12,1
Female,405000,State Servant,Unknown,Unknown,Core Staff,35,7,0,18,1
Male,90000,Working,Secondary / Secondary Special,Single / Not Married,Laborers,40,4,0,4,1
Male,247500,Unknown,Higher Education,Unknown,Sales Staff,40,1,0,18,1
Male,247500,Unknown,Secondary / Secondary Special,Married,Unknown,60,8,1,6,1
Male,162000,Working,Unknown,Unknown,Unknown,28,2,2,29,1
Female,157500,Unknown,Higher Education,Married,Sales Staff,40,7,0,28,1
Female,121500,Working,Unknown,Married,Unknown,40,3,0,18,1
Male,157500,Working,Unknown,Married,Laborers,27,7,0,18,1
Unknown,360000,Unknown,Secondary / Secondary Special,Single / Not Married,Unknown,27,2,0,17,1
Male,157500,Working,Unknown,Married,Laborers,40,7,0,4,1
Unknown,135000,Working,Unknown,Married,Laborers,40,8,1,18,1
Unknown,180000,Working,Secondary / Secondary Special,Married,Medicine Staff,33,3,0,18,1
Male,180000,Working,Higher Education,Married,Unknown,43,5,0,18,1
Unknown,180000,Working,Unknown,Married,Managers,37,7,0,50,1
Unknown,180000,Unknown,Incomplete Higher,Married,High Skill Tech Staff,48,9,0,18,1
Male,270000,Unknown,Secondary / Secondary Special,Single / Not Married,Unknown,25,5,0,21,1
Female,112500,Working,Higher Education,Unknown,Unknown,40,7,0,13,1
Female,112500,State Servant,Unknown,Widow,Secretaries,40,7,0,31,1
Female,135000,Working,Unknown,Widow,Managers,40,3,0,10,1
Unknown,315000,Commercial Associate,Secondary / Secondary Special,Unknown,High Skill Tech Staff,40,7,0,18,1
Female,292500,Unknown,Higher Education,Unknown,Core Staff,55,35,0,18,1
Male,157500,Unknown,Secondary / Secondary Special,Unknown,Unknown,57,7,1,41,1
Female,180000,Commercial Associate,Secondary / Secondary Special,Married,Unknown,29,3,0,24,1
Male,360000,Unknown,Unknown,Married,Managers,46,11,0,18,1
Unknown,315000,Working,Secondary / Secondary Special,Married,Unknown,40,12,0,22,1
Female,216000,Unknown,Unknown,Married,Medicine Staff,41,12,0,18,1
Male,130500,Working,Secondary / Secondary Special,Single / Not Married,Unknown,40,7,0,18,1
Unknown,180000,Commercial Associate,Secondary / Secondary Special,Separated,Laborers,40,3,0,18,1
Unknown,270000,Unknown,Unknown,Married,Unknown,57,7,2,37,1
Female,157500,Working,Higher Education,Separated,Unknown,27,6,0,18,1
Unknown,180000,Unknown,Unknown,Married,Medicine Staff,40,30,0,18,1
Unknown,202500,Unknown,Secondary / Secondary Special,Married,Laborers,32,13,0,18,1
Female,95850,Unknown,Unknown,Married,Unknown,40,7,0,18,1
Unknown,99000,Unknown,Higher Education,Single / Not Married,Unknown,40,7,0,33,1
Unknown,135000,Commercial Associate,Secondary / Secondary Special,Married,Unknown,34,7,0,5,1
Unknown,337500,Unknown,Unknown,Married,Laborers,40,11,0,18,1
Male,238500,Unknown,Unknown,Unknown,Unknown,34,7,0,10,1
Unknown,225000,Unknown,Higher Education,Unknown,Managers,40,7,0,18,1
Male,225000,Commercial Associate,Secondary / Secondary Special,Married,Unknown,42,7,0,17,1
Female,144000,Working,Secondary / Secondary Special,Single / Not Married,Laborers,40,7,0,18,1
Female,63000,Unknown,Secondary / Secondary Special,Unknown,Unknown,40,9,0,18,1
Unknown,202500,Working,Unknown,Married,Unknown,40,7,0,18,1
Male,157500,Unknown,Unknown,Unknown,Unknown,35,7,0,40,1
Female,108000,Unknown,Unknown,Married,Unknown,40,7,0,18,1
Unknown,202500,Working,Higher Education,Married,Unknown,53,7,0,25,1
Unknown,243000,State Servant,Unknown,Married,Core Staff,28,10,2,18,1
Female,90000,Working,Secondary / Secondary Special,Unknown,Cleaning Staff,27,4,0,31,1
Female,270000,Working,Unknown,Unknown,Unknown,40,6,7,19,1
Unknown,252000,Unknown,Higher Education,Married,High Skill Tech Staff,35,7,0,24,1
Unknown,265500,Unknown,Higher Education,Married,Accountants,31,7,0,19,1
Male,90000,Unknown,Unknown,Married,Laborers,40,15,0,39,1
Female,202500,Commercial Associate,Unknown,Married,Sales Staff,31,8,3,21,1
Unknown,202500,Unknown,Unknown,Single / Not Married,Unknown,40,7,0,51,1
Unknown,135000,Commercial Associate,Unknown,Married,Accountants,40,7,0,18,1
Male,256500,State Servant,Higher Education,Married,Unknown,31,13,0,55,1
Male,180000,Working,Unknown,Married,Drivers,39,7,0,21,1
Male,180000,Unknown,Unknown,Unknown,Unknown,40,1,0,23,1
Unknown,90000,Working,Unknown,Separated,Unknown,40,3,0,18,1
Male,315000,Commercial Associate,Unknown,Married,Laborers,50,15,0,18,1
Male,130500,Unknown,Unknown,Married,Unknown,40,7,0,7,1
Female,157500,Working,Unknown,Married,Drivers,42,7,0,21,1
Female,342000,State Servant,Unknown,Unknown,Core Staff,40,11,0,7,1
Unknown,180000,Unknown,Unknown,Unknown,Unknown,40,12,0,57,1
Male,81000,State Servant,Secondary / Secondary Special,Unknown,Drivers,29,7,0,41,1
Male,135000,Unknown,Secondary / Secondary Special,Married,Laborers,43,7,0,17,1
Male,202500,Unknown,Unknown,Unknown,Laborers,40,1,0,6,1
Female,112500,Unknown,Secondary / Secondary Special,Widow,Medicine Staff,40,2,0,18,1
Male,270000,Commercial Associate,Secondary / Secondary Special,Married,Laborers,44,7,0,18,1
Female,202500,Working,Higher Education,Married,High Skill Tech Staff,35,15,0,18,1
Male,144000,Working,Secondary / Secondary Special,Civil Marriage,Security Staff,47,6,0,13,1
Male,202500,Unknown,Secondary / Secondary Special,Married,Laborers,40,11,0,18,1
Female,225000,Working,Higher Education,Single / Not Married,Medicine Staff,36,17,0,18,1
Unknown,337500,Working,Incomplete Higher,Unknown,Laborers,34,7,0,1,1
Male,135000,Working,Secondary / Secondary Special,Unknown,Laborers,40,7,0,11,1
Female,122400,Working,Secondary / Secondary Special,Married,Medicine Staff,40,7,0,18,1
Female,135000,Working,Higher Education,Unknown,Unknown,31,2,0,18,1
Female,112500,Commercial Associate,Higher Education,Single / Not Married,Laborers,25,1,0,5,1
Female,180000,Working,Secondary / Secondary Special,Unknown,Laborers,40,9,0,37,1
Female,247500,Working,Higher Education,Unknown,Managers,39,21,0,18,1
Female,135000,Working,Secondary / Secondary Special,Unknown,Unknown,40,5,1,18,1
Unknown,225000,Unknown,Unknown,Separated,Managers,42,7,0,18,1
Unknown,202500,Working,Secondary / Secondary Special,Unknown,Unknown,40,8,0,51,1
Female,185400,Unknown,Higher Education,Married,Unknown,41,7,0,20,1
Female,180000,Unknown,Unknown,Married,Core Staff,37,7,0,7,1
Unknown,135000,Unknown,Secondary / Secondary Special,Unknown,Unknown,40,10,0,18,1
Female,90000,Unknown,Secondary / Secondary Special,Married,Medicine Staff,39,20,0,18,1
Unknown,112500,Working,Secondary / Secondary Special,Separated,Laborers,40,7,0,18,1
Unknown,225000,Unknown,Unknown,Civil Marriage,Managers,40,7,0,18,1
Female,112500,Commercial Associate,Unknown,Unknown,Laborers,42,5,0,18,1
Female,135000,Working,Secondary / Secondary Special,Married,Unknown,35,7,0,18,1
Unknown,157500,Commercial Associate,Secondary / Secondary Special,Single / Not Married,Laborers,34,5,0,33,1
Unknown,225000,Unknown,Secondary / Secondary Special,Married,Laborers,40,7,0,30,1
Male,270000,Unknown,Secondary / Secondary Special,Married,Laborers,40,1,0,18,1
Female,130500,Working,Secondary / Secondary Special,Unknown,Unknown,50,5,0,4,1
Female,225000,Unknown,Higher Education,Unknown,Unknown,31,4,0,18,1
Female,202500,Working,Secondary / Secondary Special,Separated,Laborers,40,7,0,4,1
Female,67500,State Servant,Unknown,Unknown,Sales Staff,39,7,0,8,1
Female,270000,State Servant,Higher Education,Married,Secretaries,38,13,0,18,1
Male,112500,Working,Secondary / Secondary Special,Separated,Laborers,31,13,0,10,1
Unknown,360000,Commercial Associate,Incomplete Higher,Unknown,Unknown,55,2,0,12,1
Female,135000,Working,Unknown,Married,Unknown,45,2,0,18,1
Female,90000,Working,Secondary / Secondary Special,Married,Cooking Staff,52,3,0,41,1
Unknown,112500,Unknown,Unknown,Married,Cooking Staff,39,21,0,18,1
Female,90000,Working,Secondary / Secondary Special,Unknown,Laborers,28,9,0,18,1
Male,90000,Working,Secondary / Secondary Special,Unknown,Laborers,36,7,7,21,1
Male,58500,Working,Unknown,Unknown,Cleaning Staff,38,7,0,5,1
Female,112500,Unknown,Unknown,Unknown,Sales Staff,50,7,0,11,1
Unknown,67500,Unknown,Secondary / Secondary Special,Married,Unknown,43,1,4,27,1
Unknown,112500,Commercial Associate,Secondary / Secondary Special,Civil Marriage,Laborers,23,7,0,18,1
Male,495000,Unknown,Secondary / Secondary Special,Married,Managers,46,4,0,26,1
Unknown,202500,Working,Secondary / Secondary Special,Unknown,High Skill Tech Staff,42,7,0,23,1
Male,225000,Unknown,Secondary / Secondary Special,Unknown,Unknown,37,4,3,40,1
Female,202500,Working,Secondary / Secondary Special,Unknown,Sales Staff,40,7,1,18,1
Female,180000,Commercial Associate,Secondary / Secondary Special,Married,Sales Staff,40,2,0,18,1
Female,180000,Unknown,Secondary / Secondary Special,Unknown,Unknown,36,4,0,18,1
Male,112500,Working,Secondary / Secondary Special,Married,Drivers,35,9,0,54,1
Unknown,270000,Unknown,Secondary / Secondary Special,Married,Drivers,35,3,0,18,1
Male,495000,Unknown,Unknown,Unknown,Unknown,46,2,0,18,1
Unknown,292500,Commercial Associate,Unknown,Unknown,Unknown,39,9,0,18,1
Unknown,112500,Unknown,Incomplete Higher,Single / Not Married,Sales Staff,23,7,0,18,1
Male,315000,Working,Higher Education,Married,Managers,43,10,0,33,1
Male,292500,Working,Unknown,Unknown,Unknown,40,7,0,18,0
Male,90000,Working,Secondary / Secondary Special,Married,Laborers,32,7,0,18,1
Unknown,225000,Unknown,Unknown,Unknown,High Skill Tech Staff,40,7,0,14,1
Male,135000,Unknown,Unknown,Unknown,Sales Staff,40,15,0,18,1
Male,189000,State Servant,Secondary / Secondary Special,Married,Unknown,44,7,0,30,1
Female,135000,Unknown,Higher Education,Single / Not Married,Unknown,40,2,0,18,1
Unknown,189000,Commercial Associate,Unknown,Unknown,High Skill Tech Staff,40,2,0,50,1
Male,112500,Working,Unknown,Married,Accountants,40,7,0,15,1
Female,94500,Working,Unknown,Unknown,Unknown,46,5,0,9,1
Female,270000,State Servant,Higher Education,Married,Unknown,40,7,0,43,1
Unknown,112500,Unknown,Secondary / Secondary Special,Unknown,Drivers,35,7,0,3,1
Male,135000,Working,Secondary / Secondary Special,Unknown,Unknown,40,10,0,9,1
Male,180000,Unknown,Secondary / Secondary Special,Single / Not Married,Unknown,50,4,0,1,1
Unknown,225000,Working,Secondary / Secondary Special,Unknown,Unknown,40,2,0,9,1
Female,90000,Working,Unknown,Married,Core Staff,52,3,0,53,1
Male,360000,Working,Secondary / Secondary Special,Civil Marriage,Unknown,40,7,0,11,1
Male,180000,Unknown,Higher Education,Unknown,Laborers,40,3,0,27,1
Female,157500,Unknown,Secondary / Secondary Special,Married,Unknown,30,5,0,43,1
Male,193500,Commercial Associate,Higher Education,Married,Drivers,40,4,0,28,1
Unknown,180000,Commercial Associate,Unknown,Unknown,Unknown,36,1,0,18,1
Unknown,225000,Commercial Associate,Higher Education,Single / Not Married,Unknown,27,4,0,45,1
Male,157500,Commercial Associate,Secondary / Secondary Special,Civil Marriage,Unknown,33,1,1,16,1
Unknown,135000,Working,Unknown,Unknown,Unknown,38,9,0,41,1
Unknown,234000,Unknown,Higher Education,Single / Not Married,Managers,30,6,0,18,1
Female,112500,Commercial Associate,Unknown,Unknown,Core Staff,40,3,0,18,1
Unknown,45000,State Servant,Secondary / Secondary Special,Unknown,Medicine Staff,31,7,0,46,1
Female,202500,Commercial Associate,Unknown,Single / Not Married,Core Staff,24,7,0,3,1
Female,180000,Commercial Associate,Secondary / Secondary Special,Married,Core Staff,40,7,0,18,1
Male,67500,Working,Secondary / Secondary Special,Married,Unknown,42,5,0,14,1
Male,225000,Unknown,Unknown,Married,Accountants,34,9,0,27,1
Male,450000,Unknown,Unknown,Married,Managers,49,12,0,35,1
Male,472500,Working,Unknown,Married,Unknown,40,10,0,18,1
Male,382500,Working,Higher Education,Unknown,Unknown,40,2,0,14,1
Unknown,202500,Working,Unknown,Married,Drivers,29,2,0,5,1
Female,90000,State Servant,Secondary / Secondary Special,Unknown,Core Staff,48,7,0,7,1
Unknown,144000,Working,Secondary / Secondary Special,Married,High Skill Tech Staff,40,3,0,24,1
Unknown,157500,Unknown,Unknown,Unknown,Unknown,40,7,0,27,1
Female,315000,Working,Higher Education,Married,Unknown,40,11,0,18,1
Unknown,225000,Working,Unknown,Married,Managers,39,7,0,18,1
Male,450000,Commercial Associate,Unknown,Married,Unknown,40,6,0,18,1
Female,67500,Working,Secondary / Secondary Special,Married,Laborers,51,6,0,18,1
Unknown,315000,Unknown,Unknown,Unknown,Laborers,43,7,0,26,1
Male,225000,Working,Secondary / Secondary Special,Unknown,Unknown,28,1,0,18,1
Female,112500,Unknown,Secondary / Secondary Special,Married,Unknown,33,7,0,18,1
Unknown,135000,Working,Secondary / Secondary Special,Unknown,Security Staff,36,7,0,24,1
Female,135000,Unknown,Unknown,Married,Sales Staff,32,6,0,17,1
Female,157500,Working,Unknown,Married,Sales Staff,30,7,0,12,1
Female,270000,Working,Secondary / Secondary Special,Married,Private Service Staff,40,7,0,5,1
Male,117000,Unknown,Unknown,Unknown,Unknown,40,15,0,18,1
Unknown,180000,Working,Secondary / Secondary Special,Married,Unknown,29,1,0,14,1
Female,108000,Unknown,Secondary / Secondary Special,Married,Unknown,36,7,0,3,1
Unknown,135000,Unknown,Higher Education,Married,Sales Staff,40,7,0,18,1
Female,135000,Commercial Associate,Higher Education,Unknown,Core Staff,40,2,0,18,1
Female,112500,Unknown,Unknown,Married,Unknown,36,7,4,18,1
Unknown,202500,Unknown,Higher Education,Single / Not Married,Accountants,34,7,0,40,1
Unknown,265500,Unknown,Unknown,Single / Not Married,Unknown,28,7,0,35,1
Female,193500,Working,Secondary / Secondary Special,Unknown,Unknown,49,7,0,18,1
Unknown,135000,Working,Secondary / Secondary Special,Unknown,Laborers,28,7,0,18,1
Unknown,225000,Unknown,Unknown,Married,Unknown,38,7,0,18,1
Female,121500,Unknown,Unknown,Unknown,Unknown,40,2,0,11,1
Male,337500,Unknown,Higher Education,Unknown,Managers,40,7,0,18,1
Female,135000,Unknown,Secondary / Secondary Special,Civil Marriage,Unknown,55,7,0,18,1
Unknown,270000,Unknown,Secondary / Secondary Special,Married,Security Staff,40,7,0,53,1
Unknown,180000,Unknown,Higher Education,Unknown,Laborers,40,5,0,16,1
Male,112500,Unknown,Higher Education,Unknown,Unknown,44,19,0,35,1
Unknown,315000,Working,Unknown,Single / Not Married,Unknown,40,10,0,18,1
Female,112500,Working,Secondary / Secondary Special,Unknown,Laborers,28,7,0,29,1
Male,445500,Unknown,Unknown,Unknown,Core Staff,40,7,0,29,1
Unknown,135000,Unknown,Secondary / Secondary Special,Married,Sales Staff,36,7,0,1,1
Unknown,112500,Working,Unknown,Separated,Drivers,56,7,0,6,1
Male,202500,Working,Higher Education,Unknown,Security Staff,50,4,0,43,1
Unknown,202500,Unknown,Higher Education,Unknown,Unknown,52,24,0,57,1
Female,270000,Unknown,Higher Education,Married,Unknown,43,7,0,24,1
Female,67500,Working,Secondary / Secondary Special,Married,Unknown,51,6,0,49,1
Unknown,202500,Commercial Associate,Secondary / Secondary Special,Married,Unknown,52,7,0,18,1
Unknown,202500,State Servant,Higher Education,Unknown,Core Staff,39,7,0,25,1
Female,225000,Unknown,Unknown,Unknown,Unknown,40,7,0,15,1
Male,315000,Commercial Associate,Secondary / Secondary Special,Unknown,Managers,39,7,0,5,1
Female,157500,Unknown,Higher Education,Civil Marriage,Unknown,28,1,0,18,1
Male,157500,Working,Secondary / Secondary Special,Unknown,Unknown,40,4,0,14,1
Female,157500,Commercial Associate,Secondary / Secondary Special,Separated,Laborers,40,1,0,16,1
Unknown,112500,Working,Secondary / Secondary Special,Unknown,Core Staff,40,5,0,3,1
Male,270000,Unknown,Secondary / Secondary Special,Unknown,Laborers,40,7,0,29,1
Unknown,247500,Working,Secondary / Secondary Special,Unknown,Managers,40,7,0,49,1
Male,202500,Commercial Associate,Secondary / Secondary Special,Unknown,Security Staff,65,4,0,10,1
Male,180000,Working,Unknown,Married,Drivers,23,1,0,10,1
Unknown,202500,Working,Unknown,Unknown,Drivers,42,7,0,26,1
Male,90000,Unknown,Secondary / Secondary Special,Unknown,Unknown,40,5,0,18,1
Female,90000,Working,Unknown,Unknown,Unknown,48,3,0,8,1
Unknown,180000,Unknown,Unknown,Unknown,Secretaries,40,22,0,3,1
Female,171000,Unknown,Secondary / Secondary Special,Married,Core Staff,41,4,0,49,1
Male,135000,Working,Secondary / Secondary Special,Single / Not Married,Cooking Staff,26,3,0,14,1
Unknown,135000,Unknown,Unknown,Single / Not Married,Unknown,32,9,0,18,1
Female,112500,Working,Secondary / Secondary Special,Married,Unknown,40,4,0,15,1
Unknown,135000,Unknown,Unknown,Unknown,Laborers,31,7,0,18,1
Female,225000,Working,Unknown,Unknown,Private Service Staff,35,3,0,18,1
Male,234000,Working,Unknown,Unknown,Unknown,40,5,0,27,1
Female,202500,Commercial Associate,Secondary / Secondary Special,Unknown,Unknown,44,16,0,18,1
Male,135000,Unknown,Unknown,Unknown,Waiters/Barmen Staff,25,7,0,18,1
Unknown,157500,Unknown,Unknown,Unknown,Sales Staff,27,1,0,36,1
Female,270000,Working,Unknown,Married,Managers,40,16,0,29,1
Female,247500,Unknown,Unknown,Married,Sales Staff,40,7,0,60,1
Unknown,180000,Working,Secondary / Secondary Special,Married,Laborers,49,16,0,38,1
Unknown,450000,Commercial Associate,Secondary / Secondary Special,Married,Drivers,51,7,0,18,1
Male,607500,Commercial Associate,Secondary / Secondary Special,Unknown,Managers,40,4,0,22,1
Unknown,112500,Working,Secondary / Secondary Special,Unknown,Unknown,25,7,0,18,1
Unknown,171000,State Servant,Secondary / Secondary Special,Single / Not Married,Unknown,54,5,0,28,1
Female,225000,State Servant,Higher Education,Married,Core Staff,40,7,0,43,1
Unknown,135000,Working,Unknown,Unknown,Unknown,40,1,0,18,1
Female,90000,Unknown,Higher Education,Married,Unknown,27,2,0,2,1
Unknown,157500,Commercial Associate,Unknown,Single / Not Married,Unknown,40,2,0,53,1
Male,135000,Working,Secondary / Secondary Special,Unknown,Laborers,40,12,0,27,1
Male,315000,Commercial Associate,Higher Education,Single / Not Married,Laborers,40,7,1,27,1
Male,135000,Unknown,Unknown,Unknown,Laborers,40,2,0,18,1
Male,225000,Unknown,Unknown,Unknown,Laborers,40,7,0,18,1
Unknown,315000,Working,Unknown,Single / Not Married,Unknown,40,9,0,8,1
Male,315000,Unknown,Secondary / Secondary Special,Married,Security Staff,40,3,0,17,1
Female,306000,Working,Secondary / Secondary Special,Married,High Skill Tech Staff,52,7,1,33,1
Female,202500,Unknown,Secondary / Secondary Special,Unknown,Unknown,35,7,0,31,1
Female,405000,Unknown,Unknown,Single / Not Married,Managers,54,10,0,12,1
Unknown,225000,Unknown,Secondary / Secondary Special,Single / Not Married,Core Staff,49,7,0,18,1
Unknown,787500,State Servant,Higher Education,Married,Managers,40,7,0,8,1
Male,81000,Working,Secondary / Secondary Special,Married,High Skill Tech Staff,38,4,0,19,1
Female,135000,Working,Higher Education,Unknown,Unknown,40,7,0,28,1
Male,270000,Unknown,Unknown,Unknown,Unknown,40,4,0,43,1
Male,450000,Working,Secondary / Secondary Special,Married,Managers,40,7,0,12,1
Unknown,225000,Commercial Associate,Unknown,Married,It Staff,40,3,0,18,1
Male,315000,Unknown,Higher Education,Married,Managers,43,10,0,18,1
Female,135000,Working,Secondary / Secondary Special,Married,Unknown,40,7,1,29,1
Unknown,225000,Working,Higher Education,Married,Core Staff,34,11,0,3,1
Unknown,360000,Unknown,Higher Education,Married,Managers,56,7,2,49,1
Female,157500,Unknown,Unknown,Married,Unknown,40,7,0,34,1
Unknown,292500,Unknown,Secondary / Secondary Special,Married,Unknown,49,7,0,10,1
Female,234000,Working,Secondary / Secondary Special,Single / Not Married,Unknown,57,22,0,19,1
Unknown,247500,Commercial Associate,Unknown,Married,It Staff,29,7,0,18,1
Female,135000,Working,Unknown,Unknown,Unknown,50,7,5,16,1
Male,315000,Unknown,Incomplete Higher,Unknown,Unknown,40,4,1,18,1
Unknown,135000,Unknown,Unknown,Unknown,Core Staff,48,8,0,24,1
Unknown,274500,Commercial Associate,Secondary / Secondary Special,Unknown,Unknown,40,10,0,9,1
Male,135000,Commercial Associate,Unknown,Married,Unknown,40,7,0,18,1
Unknown,225000,Unknown,Unknown,Unknown,Unknown,40,5,0,18,1
Unknown,180000,Working,Unknown,Married,Unknown,28,4,0,18,1
Male,391500,Unknown,Unknown,Unknown,Managers,40,11,0,23,1
Male,139500,Working,Secondary / Secondary Special,Unknown,Laborers,40,7,0,1,1
Male,315000,Working,Higher Education,Married,Drivers,40,2,0,7,1
Female,135000,Commercial Associate,Secondary / Secondary Special,Unknown,Medicine Staff,55,7,3,8,1
Male,157500,Working,Secondary / Secondary Special,Unknown,Laborers,40,2,0,23,1
Female,225000,Commercial Associate,Unknown,Unknown,Managers,26,5,1,4,1
Female,112500,Commercial Associate,Unknown,Unknown,Unknown,40,7,0,17,1
Female,67500,Working,Secondary / Secondary Special,Married,Sales Staff,40,7,0,15,1
Male,180000,Unknown,Unknown,Married,Managers,28,7,0,18,1
Unknown,337500,State Servant,Unknown,Married,Managers,29,5,0,18,1
Female,72000,Unknown,Secondary / Secondary Special,Married,Sales Staff,40,7,0,4,1
Male,130500,Working,Unknown,Unknown,Drivers,54,7,0,18,1
Female,76500,Working,Unknown,Married,Unknown,40,7,0,2,1
Female,112500,Unknown,Higher Education,Unknown,Accountants,24,7,1,6,1
Male,180000,Unknown,Secondary / Secondary Special,Married,Unknown,28,7,0,59,1
Female,157500,Unknown,Unknown,Single / Not Married,Private Service Staff,40,7,0,40,1
Unknown,202500,Commercial Associate,Unknown,Married,Unknown,40,1,0,10,1
Male,180000,Unknown,Unknown,Married,Laborers,40,13,0,18,1
Male,225000,Unknown,Secondary / Secondary Special,Married,Laborers,38,7,0,17,1
Male,337500,Working,Higher Education,Unknown,Managers,32,9,0,35,1
Unknown,387000,Unknown,Secondary / Secondary Special,Unknown,Sales Staff,55,7,0,18,1
Male,229500,Unknown,Incomplete Higher,Married,Laborers,51,4,0,18,1
Unknown,157500,Commercial Associate,Unknown,Married,Core Staff,38,7,0,59,1
Unknown,405000,Working,Higher Education,Unknown,Unknown,30,7,0,5,1
Female,225000,State Servant,Secondary / Secondary Special,Unknown,Managers,49,20,0,8,1
Female,112500,Working,Secondary / Secondary Special,Unknown,High Skill Tech Staff,44,7,0,18,1
Female,103500,Unknown,Unknown,Married,Laborers,40,2,0,15,1
Unknown,225000,Working,Secondary / Secondary Special,Married,Drivers,48,7,0,24,1
Male,180000,Working,Unknown,Married,Unknown,41,4,0,8,1
Female,135000,Commercial Associate,Unknown,Separated,Unknown,42,22,0,18,1
Unknown,180000,Unknown,Higher Education,Unknown,Accountants,32,3,0,12,1
Unknown,180000,Working,Secondary / Secondary Special,Married,Drivers,60,7,0,10,1
Female,135000,Unknown,Secondary / Secondary Special,Unknown,Laborers,47,5,0,18,1
Unknown,78750,Unknown,Unknown,Unknown,Security Staff,34,7,0,14,1
Male,292500,Commercial Associate,Secondary / Secondary Special,Civil Marriage,Laborers,40,7,0,18,1
Female,675000,Unknown,Unknown,Unknown,Unknown,54,13,0,30,1
Unknown,279000,State Servant,Higher Education,Single / Not Married,Unknown,40,9,0,11,1
Female,202500,Working,Unknown,Separated,Laborers,40,7,0,25,1
Female,180000,Working,Secondary / Secondary Special,Married,Sales Staff,40,15,0,18,1
Male,112500,Working,Unknown,Married,Unknown,40,4,0,18,1
Female,238500,Working,Unknown,Married,Laborers,43,11,0,18,1
Unknown,99000,Commercial Associate,Unknown,Single / Not Married,Sales Staff,40,4,0,34,1
Unknown,54000,Working,Unknown,Married,Unknown,41,13,0,18,1
Female,67500,Working,Secondary / Secondary Special,Unknown,Medicine Staff,43,1,0,18,1
Male,202500,Working,Secondary / Secondary Special,Married,Laborers,40,11,0,53,1
Male,180000,Working,Secondary / Secondary Special,Married,Sales Staff,40,5,0,18,1
Unknown,112500,Working,Secondary / Secondary Special,Unknown,Unknown,40,4,0,18,1
Male,441000,State Servant,Secondary / Secondary Special,Unknown,Cooking Staff,27,5,0,18,1
Female,225000,Unknown,Unknown,Married,Managers,35,7,0,7,1
Male,180000,Working,Secondary / Secondary Special,Unknown,Cleaning Staff,40,7,0,23,1
Male,225000,Unknown,Unknown,Married,Laborers,55,19,0,18,1
Male,315000,Working,Unknown,Unknown,Unknown,50,4,1,8,1
Male,360000,Commercial Associate,Unknown,Unknown,Managers,46,7,0,18,1
Female,90000,Working,Secondary / Secondary Special,Unknown,Laborers,49,7,0,32,1
Male,459000,Unknown,Higher Education,Married,Unknown,44,7,0,18,1
Male,315000,Commercial Associate,Higher Education,Unknown,Unknown,48,7,0,5,1
Unknown,135000,Commercial Associate,Unknown,Unknown,Laborers,30,7,0,24,1
Female,157500,Working,Unknown,Separated,Unknown,40,1,0,44,1
Female,247500,Commercial Associate,Unknown,Single / Not Married,Unknown,40,4,3,18,1
Female,67500,Working,Secondary / Secondary Special,Civil Marriage,Unknown,46,7,0,18,1
Unknown,202500,Working,Unknown,Unknown,Sales Staff,40,8,0,46,1
Unknown,225000,Commercial Associate,Unknown,Unknown,Managers,40,7,1,18,1
Unknown,157500,Working,Incomplete Higher,Married,Unknown,25,7,0,18,1
Female,166500,Unknown,Higher Education,Married,Core Staff,40,11,0,18,1
Unknown,225000,Commercial Associate,Secondary / Secondary Special,Unknown,Sales Staff,39,2,0,9,1
Unknown,270000,State Servant,Unknown,Married,Unknown,49,3,0,24,1
Unknown,45000,State Servant,Unknown,Unknown,Medicine Staff,40,11,0,46,1
Male,180000,Working,Unknown,Unknown,Laborers,34,15,0,47,1
Unknown,90000,Working,Unknown,Married,Laborers,53,2,0,21,1
Female,382500,Unknown,Higher Education,Single / Not Married,Unknown,40,2,0,43,1
Female,135000,Unknown,Unknown,Civil Marriage,Core Staff,28,6,0,36,1
Unknown,315000,Working,Unknown,Married,Laborers,40,8,0,16,1
Female,225000,Unknown,Unknown,Unknown,Unknown,38,2,0,7,1
Unknown,112500,Commercial Associate,Secondary / Secondary Special,Married,Sales Staff,51,2,1,18,1
Male,202500,Working,Secondary / Secondary Special,Married,Drivers,44,14,0,15,1
Unknown,135000,Working,Secondary / Secondary Special,Unknown,Core Staff,64,10,0,14,1
Male,180000,Commercial Associate,Unknown,Married,Unknown,40,1,0,31,1
Unknown,157500,Working,Secondary / Secondary Special,Single / Not Married,Private Service Staff,49,22,0,13,1
Female,360000,State Servant,Higher Education,Married,Unknown,40,17,0,30,1
Female,270000,Unknown,Secondary / Secondary Special,Unknown,Unknown,39,9,1,18,1
Female,121500,Commercial Associate,Higher Education,Civil Marriage,Accountants,40,7,0,18,1
Female,292500,Working,Unknown,Unknown,Sales Staff,40,4,0,18,1
Female,135000,Commercial Associate,Higher Education,Unknown,Accountants,28,7,0,2,1
Male,360000,Working,Higher Education,Married,High Skill Tech Staff,40,3,0,18,1
Female,90000,State Servant,Unknown,Married,Medicine Staff,40,19,0,10,1
Unknown,675000,Unknown,Higher Education,Married,Core Staff,40,7,0,18,1
Male,315000,Unknown,Unknown,Unknown,Laborers,40,7,0,51,1
Male,225000,Unknown,Unknown,Unknown,It Staff,40,7,0,18,1
Unknown,180000,State Servant,Unknown,Unknown,Core Staff,31,7,0,18,1
Unknown,90000,Working,Higher Education,Separated,Core Staff,60,5,0,14,1
Unknown,202500,Unknown,Secondary / Secondary Special,Married,Laborers,44,11,0,42,1
Female,180000,Working,Secondary / Secondary Special,Married,Laborers,40,5,0,2,1
Unknown,382500,Unknown,Higher Education,Single / Not Married,Managers,40,7,0,18,1
Female,171000,Commercial Associate,Secondary / Secondary Special,Married,Unknown,58,5,0,18,1
Male,202500,Unknown,Secondary / Secondary Special,Married,Unknown,40,7,0,9,1
Unknown,189000,Working,Secondary / Secondary Special,Unknown,Drivers,25,7,0,18,1
Unknown,135000,Unknown,Unknown,Unknown,Unknown,40,7,0,18,1
Female,225000,Unknown,Higher Education,Married,Sales Staff,54,7,0,18,1
Female,216000,Commercial Associate,Secondary / Secondary Special,Unknown,Laborers,49,22,0,44,1
Male,360000,Working,Unknown,Unknown,Drivers,39,3,0,8,1
Male,225000,State Servant,Secondary / Secondary Special,Single / Not Married,Core Staff,40,7,0,4,1
Female,450000,Unknown,Higher Education,Separated,Core Staff,53,7,0,57,1
Female,117000,Unknown,Unknown,Unknown,Unknown,45,7,0,4,1
Unknown,63000,Unknown,Secondary / Secondary Special,Unknown,Unknown,40,21,0,34,1
Female,112500,Working,Secondary / Secondary Special,Married,Unknown,40,7,1,21,1
Female,180000,Unknown,Unknown,Unknown,Unknown,40,2,0,2,1
Unknown,351000,Commercial Associate,Secondary / Secondary Special,Married,Unknown,45,24,0,18,1
Male,270000,Unknown,Secondary / Secondary Special,Unknown,Laborers,38,2,0,3,1
Female,72000,Working,Unknown,Unknown,Accountants,57,7,0,5,1
Unknown,180000,Commercial Associate,Higher Education,Unknown,Hr Staff,40,7,0,23,1
Male,157500,Unknown,Higher Education,Unknown,Sales Staff,40,7,0,17,1
Male,225000,Unknown,Unknown,Unknown,Laborers,40,7,0,48,1
Unknown,126000,Commercial Associate,Unknown,Married,Unknown,40,7,0,8,1
Male,135000,Commercial Associate,Unknown,Unknown,It Staff,29,7,0,3,1
Male,112500,Working,Secondary / Secondary Special,Unknown,Sales Staff,49,8,0,18,1
Unknown,315000,Commercial Associate,Secondary / Secondary Special,Unknown,Drivers,47,7,0,16,1
Unknown,193500,Commercial Associate,Secondary / Secondary Special,Married,Unknown,40,7,1,18,1
Unknown,157500,Unknown,Unknown,Married,Laborers,40,12,0,18,1
Female,162000,Unknown,Unknown,Civil Marriage,Unknown,58,7,0,22,1
Unknown,135000,Unknown,Incomplete Higher,Unknown,Core Staff,32,7,0,18,1
Female,135000,Working,Unknown,Unknown,Laborers,48,7,0,15,1
Unknown,252000,Working,Secondary / Secondary Special,Separated,Medicine Staff,51,21,0,18,1
Female,337500,State Servant,Higher Education,Separated,Core Staff,40,7,0,11,1
Unknown,225000,State Servant,Unknown,Unknown,Unknown,34,7,0,18,1
Female,112500,Working,Secondary / Secondary Special,Unknown,Unknown,44,9,0,10,1
Unknown,157500,Working,Unknown,Civil Marriage,Sales Staff,31,4,0,18,1
Female,270000,Working,Secondary / Secondary Special,Unknown,Private Service Staff,55,7,0,18,1
Female,387000,Working,Unknown,Married,Managers,40,7,0,18,1
Unknown,121500,Commercial Associate,Unknown,Married,Accountants,40,4,0,24,1
Female,180000,Commercial Associate,Unknown,Unknown,Medicine Staff,49,7,0,13,1
Unknown,225000,Working,Secondary / Secondary Special,Married,Unknown,26,7,0,19,1
Female,81000,Unknown,Secondary / Secondary Special,Married,Unknown,40,3,0,13,1
Male,157500,Commercial Associate,Higher Education,Unknown,High Skill Tech Staff,61,7,0,18,1
Female,135000,Unknown,Higher Education,Civil Marriage,Sales Staff,31,7,0,49,1
Female,90000,Unknown,Higher Education,Unknown,Unknown,40,7,0,18,1
Female,135000,Unknown,Unknown,Separated,Laborers,40,2,0,18,1
Unknown,202500,Working,Higher Education,Unknown,Core Staff,40,3,0,27,1
Female,360000,Commercial Associate,Unknown,Civil Marriage,Sales Staff,41,6,0,18,1
Male,270000,Commercial Associate,Unknown,Married,Managers,40,7,2,30,1
Male,190400,Unknown,Secondary / Secondary Special,Married,Unknown,29,7,0,12,1
Unknown,112500,Unknown,Secondary / Secondary Special,Married,Unknown,42,10,0,42,1
Female,119250,Unknown,Unknown,Unknown,Unknown,40,13,0,18,1
Unknown,112500,Working,Incomplete Higher,Unknown,Sales Staff,23,1,0,13,1
Female,270000,Commercial Associate,Unknown,Single / Not Married,Private Service Staff,40,7,0,19,1
Male,225000,Unknown,Secondary / Secondary Special,Separated,Drivers,38,5,0,58,1
Female,180000,Working,Higher Education,Single / Not Married,Sales Staff,40,9,0,18,1
Female,297000,Unknown,Secondary / Secondary Special,Single / Not Married,Laborers,43,7,0,16,1
Female,225000,Working,Secondary / Secondary Special,Unknown,Private Service Staff,36,2,0,9,1
Male,180000,Working,Higher Education,Married,Core Staff,41,3,0,30,1
Unknown,292500,Unknown,Secondary / Secondary Special,Unknown,Unknown,52,7,0,18,1
Unknown,292500,Commercial Associate,Unknown,Married,Unknown,43,9,0,40,1
Female,225000,Unknown,Unknown,Separated,Unknown,42,3,0,17,1
Female,180000,Unknown,Higher Education,Single / Not Married,Core Staff,42,7,0,18,1
Female,112500,Working,Secondary / Secondary Special,Unknown,Core Staff,40,7,0,23,1
Unknown,540000,Unknown,Unknown,Unknown,Unknown,48,17,0,13,1
Female,202500,Unknown,Unknown,Unknown,Unknown,36,3,0,4,1
Female,315000,Working,Unknown,Unknown,Core Staff,30,4,0,18,1
Male,180000,Unknown,Unknown,Married,Unknown,40,7,1,24,1
Unknown,135000,Unknown,Secondary / Secondary Special,Unknown,Laborers,40,5,0,18,1
Unknown,135000,Unknown,Unknown,Married,Unknown,40,7,0,21,1
Unknown,90000,Unknown,Unknown,Unknown,Laborers,51,4,0,31,1
Unknown,202500,Unknown,Secondary / Secondary Special,Married,Sales Staff,40,7,0,20,1
Unknown,144000,Unknown,Secondary / Secondary Special,Married,Drivers,34,7,0,52,1
Female,202500,Unknown,Unknown,Unknown,Laborers,40,7,0,41,1
Unknown,225000,Unknown,Unknown,Married,Accountants,33,7,0,18,1
Female,202500,Unknown,Secondary / Secondary Special,Unknown,Core Staff,24,7,0,8,1
Female,81000,Working,Unknown,Unknown,Unknown,35,7,0,18,1
Unknown,175500,Working,Secondary / Secondary Special,Single / Not Married,Unknown,52,7,0,24,1
Unknown,337500,Working,Higher Education,Widow,Sales Staff,43,1,1,18,1
Male,382500,Working,Unknown,Married,Unknown,40,2,0,28,1
Female,103500,Unknown,Unknown,Unknown,Cleaning Staff,40,9,0,18,1
Unknown,184136,Working,Secondary / Secondary Special,Married,Unknown,62,2,0,18,1
Unknown,202500,Commercial Associate,Unknown,Unknown,Unknown,28,10,0,21,1
Female,270000,Working,Unknown,Married,Drivers,51,7,0,45,1
Female,202500,Working,Secondary / Secondary Special,Separated,Cleaning Staff,40,7,0,52,1
Female,67500,Working,Secondary / Secondary Special,Unknown,Unknown,51,7,0,29,1
Female,112500,Unknown,Higher Education,Unknown,Accountants,24,7,1,6,1
Female,112500,State Servant,Unknown,Married,Unknown,60,11,0,18,1
Male,202500,Working,Unknown,Married,Laborers,41,7,0,18,1
Unknown,225000,Commercial Associate,Incomplete Higher,Unknown,Sales Staff,40,7,0,7,1
Unknown,175500,Unknown,Unknown,Unknown,High Skill Tech Staff,52,7,0,5,1
Male,202500,Commercial Associate,Secondary / Secondary Special,Civil Marriage,Sales Staff,40,3,0,29,1
Female,135000,Commercial Associate,Unknown,Separated,Unknown,42,22,0,18,1
Unknown,225000,Unknown,Secondary / Secondary Special,Married,Unknown,40,7,0,18,1
Male,225000,Working,Secondary / Secondary Special,Married,Laborers,40,7,0,18,1
Female,112500,Working,Unknown,Unknown,Unknown,41,7,0,18,1
Female,202500,Unknown,Secondary / Secondary Special,Widow,Cleaning Staff,40,19,0,18,1
Female,121500,Working,Incomplete Higher,Married,Core Staff,32,1,0,18,1
Female,112500,Unknown,Higher Education,Married,Unknown,59,40,1,18,1
Unknown,202500,Unknown,Higher Education,Unknown,Unknown,34,7,0,16,1
Female,135000,Working,Secondary / Secondary Special,Unknown,Unknown,31,5,0,18,1
Unknown,126000,Unknown,Secondary / Secondary Special,Separated,Cleaning Staff,60,4,0,18,1
Unknown,81000,Working,Higher Education,Married,Sales Staff,34,9,1,18,1
Female,247500,Unknown,Higher Education,Separated,Core Staff,40,4,0,18,1
Male,360000,Unknown,Higher Education,Unknown,Core Staff,40,7,0,35,1
Female,292500,Commercial Associate,Secondary / Secondary Special,Civil Marriage,Unknown,40,7,0,5,1
Male,202500,Working,Secondary / Secondary Special,Married,Unknown,28,7,5,3,0
Female,112500,Working,Secondary / Secondary Special,Single / Not Married,Sales Staff,29,2,0,6,1
Female,225000,Unknown,Higher Education,Single / Not Married,Unknown,52,5,0,41,1
Unknown,270000,Unknown,Unknown,Married,Unknown,38,11,0,18,1
Unknown,135000,Unknown,Secondary / Secondary Special,Separated,Unknown,40,7,0,18,1
Unknown,252000,Working,Secondary / Secondary Special,Unknown,Unknown,49,4,0,18,1
Female,405000,Commercial Associate,Unknown,Unknown,Laborers,40,10,0,18,1
Male,180000,Unknown,Unknown,Unknown,Unknown,27,4,0,18,1
Male,157500,Working,Unknown,Married,Unknown,40,7,0,4,1
Unknown,90000,Unknown,Secondary / Secondary Special,Unknown,Unknown,40,3,0,28,1
Unknown,292500,Working,Higher Education,Married,Accountants,38,4,0,18,1
Unknown,67500,Working,Unknown,Married,Unknown,40,6,8,40,1
Female,180000,Unknown,Unknown,Unknown,High Skill Tech Staff,31,2,0,9,1
Female,234000,Commercial Associate,Secondary / Secondary Special,Unknown,Unknown,30,7,0,18,1
Female,180000,Working,Incomplete Higher,Married,Core Staff,40,1,19,18,0
Female,135000,Commercial Associate,Higher Education,Unknown,Unknown,31,7,0,18,1
Female,261000,Commercial Associate,Unknown,Unknown,Laborers,40,3,1,18,1
Female,495000,Unknown,Higher Education,Unknown,Managers,54,11,0,16,1
Unknown,180000,Working,Secondary / Secondary Special,Unknown,Laborers,40,7,0,9,1
Unknown,135000,Working,Incomplete Higher,Married,Laborers,32,14,0,16,1
Female,157500,State Servant,Secondary / Secondary Special,Married,Medicine Staff,47,6,0,4,1
Unknown,225000,Working,Unknown,Married,Unknown,30,2,0,18,1
Unknown,157500,Unknown,Unknown,Married,Laborers,55,7,0,18,1
Female,157500,State Servant,Secondary / Secondary Special,Unknown,Cleaning Staff,40,7,0,20,1
Unknown,315000,Working,Secondary / Secondary Special,Unknown,Drivers,40,7,0,18,1
Unknown,202500,Unknown,Secondary / Secondary Special,Unknown,Unknown,41,4,0,18,1
Unknown,157500,Working,Higher Education,Unknown,Unknown,31,7,0,1,1
Female,202500,Unknown,Secondary / Secondary Special,Unknown,Unknown,35,7,0,31,1
Unknown,157500,Working,Higher Education,Married,Laborers,40,7,0,2,1
Female,185400,Unknown,Higher Education,Married,Unknown,41,7,0,20,1
Female,157500,Unknown,Higher Education,Married,Core Staff,38,8,0,26,1
Unknown,202500,Commercial Associate,Secondary / Secondary Special,Single / Not Married,High Skill Tech Staff,30,9,0,47,1
Unknown,67500,Working,Higher Education,Unknown,Unknown,40,6,0,13,1
Unknown,135000,Commercial Associate,Unknown,Married,Drivers,53,18,0,18,1
Unknown,270000,Working,Unknown,Unknown,Laborers,40,7,0,17,1
Unknown,315000,Working,Secondary / Secondary Special,Unknown,High Skill Tech Staff,47,3,0,18,1
Unknown,270000,Unknown,Unknown,Unknown,Unknown,35,7,0,18,1
Unknown,202500,Commercial Associate,Unknown,Civil Marriage,Unknown,40,1,0,35,1
Unknown,112500,Working,Higher Education,Married,Core Staff,41,6,0,18,1
Female,135000,Working,Secondary / Secondary Special,Separated,Core Staff,40,7,0,8,1
Unknown,112500,Commercial Associate,Secondary / Secondary Special,Unknown,Medicine Staff,40,7,0,38,1
Male,225000,Unknown,Unknown,Civil Marriage,Laborers,46,9,0,18,1
Unknown,157500,Unknown,Unknown,Married,Unknown,40,13,0,18,1
Female,112500,Working,Higher Education,Unknown,Unknown,32,7,0,8,1
Female,202500,Unknown,Secondary / Secondary Special,Married,Managers,40,16,0,18,1
Unknown,213750,State Servant,Higher Education,Unknown,Core Staff,35,7,0,18,1
Unknown,135000,Unknown,Secondary / Secondary Special,Married,Laborers,40,6,0,18,1
Unknown,121500,Unknown,Unknown,Unknown,Unknown,28,5,0,12,1
Female,207000,Unknown,Higher Education,Married,Accountants,30,7,0,18,1
Unknown,270000,Unknown,Unknown,Unknown,Core Staff,35,2,0,5,1
Unknown,135000,Working,Secondary / Secondary Special,Single / Not Married,Unknown,40,7,0,8,1
Unknown,270000,Working,Secondary / Secondary Special,Married,Sales Staff,51,7,0,18,1
Female,90000,Unknown,Secondary / Secondary Special,Married,Private Service Staff,28,6,0,11,1
Unknown,315000,Unknown,Unknown,Married,Unknown,43,7,1,48,1
Female,202500,Unknown,Unknown,Married,Unknown,40,3,0,18,1
Female,135000,Commercial Associate,Secondary / Secondary Special,Unknown,Unknown,43,7,0,18,1
Female,135000,Working,Higher Education,Unknown,Unknown,40,4,0,18,1
Female,157500,Unknown,Unknown,Married,High Skill Tech Staff,34,4,0,18,1
Male,202500,Unknown,Secondary / Secondary Special,Married,Managers,32,7,0,3,1
Male,292500,Working,Secondary / Secondary Special,Unknown,Drivers,40,7,0,18,1
Female,99000,Unknown,Secondary / Secondary Special,Married,Sales Staff,30,1,0,16,1
Unknown,315000,Unknown,Higher Education,Unknown,Accountants,54,7,0,15,1
Unknown,67500,Unknown,Secondary / Secondary Special,Separated,Unknown,37,3,0,8,1
Unknown,261000,State Servant,Unknown,Married,Core Staff,31,7,0,7,1
Male,135000,Working,Secondary / Secondary Special,Unknown,Sales Staff,29,7,0,18,1
Male,225000,Unknown,Secondary / Secondary Special,Married,Unknown,46,1,2,37,1
Male,315000,Working,Unknown,Married,Unknown,40,4,0,18,1
Male,162000,Unknown,Secondary / Secondary Special,Single / Not Married,Security Staff,40,2,0,4,1
Unknown,315000,Unknown,Secondary / Secondary Special,Married,Unknown,40,41,0,34,1
Unknown,360000,Working,Unknown,Unknown,Unknown,40,3,0,10,1
Male,216000,Unknown,Secondary / Secondary Special,Separated,Security Staff,40,2,0,18,1
Unknown,225000,Working,Incomplete Higher,Single / Not Married,Managers,54,6,0,10,1
Male,153000,State Servant,Secondary / Secondary Special,Civil Marriage,Drivers,40,5,0,18,1
Female,225000,Working,Higher Education,Unknown,Core Staff,40,7,0,21,1
Female,135000,Commercial Associate,Secondary / Secondary Special,Widow,Cooking Staff,40,7,2,18,1
Unknown,270000,Unknown,Secondary / Secondary Special,Separated,Unknown,54,7,0,18,1
Unknown,270000,Working,Secondary / Secondary Special,Single / Not Married,Unknown,46,27,0,45,1
Female,112500,Working,Unknown,Civil Marriage,Unknown,29,2,0,18,1
Male,202500,Unknown,Secondary / Secondary Special,Separated,Unknown,40,2,7,18,1
Female,247500,Working,Unknown,Unknown,Managers,51,7,0,53,1
Female,112500,Unknown,Secondary / Secondary Special,Unknown,Laborers,40,15,0,18,1
Female,247500,Working,Secondary / Secondary Special,Married,Laborers,40,7,0,35,1
Female,130500,Working,Unknown,Married,Core Staff,40,16,0,18,1
Male,94500,Working,Unknown,Single / Not Married,Drivers,39,3,0,10,1
Unknown,202500,Unknown,Unknown,Married,Medicine Staff,54,7,0,9,1
Male,360000,Commercial Associate,Unknown,Unknown,Unknown,32,7,0,18,1
Female,135000,Unknown,Unknown,Unknown,Medicine Staff,36,5,1,18,1
Unknown,225000,Unknown,Unknown,Single / Not Married,Core Staff,40,7,0,18,1
Unknown,90000,Working,Unknown,Unknown,Sales Staff,45,3,0,31,1
Unknown,270000,Working,Secondary / Secondary Special,Unknown,Laborers,45,1,0,18,1
Male,315000,Commercial Associate,Higher Education,Unknown,Unknown,40,7,1,18,1
Unknown,121500,Working,Unknown,Married,Unknown,40,7,0,15,1
Unknown,117000,Working,Secondary / Secondary Special,Unknown,Unknown,29,1,0,6,1
Unknown,337500,Unknown,Secondary / Secondary Special,Unknown,High Skill Tech Staff,46,7,0,18,1
Female,157500,Commercial Associate,Unknown,Married,High Skill Tech Staff,40,7,0,43,1
Female,144000,Working,Unknown,Married,Medicine Staff,40,14,0,18,1
Female,360000,Unknown,Secondary / Secondary Special,Married,Unknown,29,4,0,2,1
Female,90000,Unknown,Secondary / Secondary Special,Married,Unknown,41,2,0,3,1
Female,157500,Commercial Associate,Unknown,Married,Unknown,32,7,0,3,1
Female,225000,Unknown,Secondary / Secondary Special,Widow,Sales Staff,40,6,0,27,1
Male,315000,Commercial Associate,Higher Education,Unknown,Unknown,48,7,0,5,1
Male,202500,Unknown,Secondary / Secondary Special,Married,Managers,32,7,0,3,1
Male,112500,Working,Unknown,Unknown,Laborers,47,7,0,56,1
Female,243000,State Servant,Higher Education,Unknown,Unknown,28,10,2,18,1
Female,121500,Commercial Associate,Unknown,Unknown,Unknown,31,7,0,18,1
Female,225000,Commercial Associate,Unknown,Unknown,Unknown,40,9,0,18,1
Unknown,112500,Working,Unknown,Married,Core Staff,32,7,0,18,1
Male,135000,Working,Unknown,Married,Unknown,40,5,0,6,1
Female,90000,Unknown,Secondary / Secondary Special,Unknown,Low-Skill Laborers,49,10,6,22,1
Unknown,126000,State Servant,Unknown,Unknown,Unknown,40,7,0,34,1
Female,72000,Working,Secondary / Secondary Special,Unknown,Cleaning Staff,40,5,0,18,1
Unknown,562500,Working,Unknown,Married,Managers,40,8,0,25,1
Female,225000,Unknown,Higher Education,Unknown,Managers,44,7,0,10,1
Unknown,135000,State Servant,Unknown,Married,Unknown,57,26,0,18,1
Female,225000,Unknown,Higher Education,Married,Managers,40,8,0,18,1
Female,157500,Unknown,Secondary / Secondary Special,Civil Marriage,Cooking Staff,40,7,0,18,1
Female,112500,Unknown,Unknown,Married,Unknown,44,23,0,20,1
Male,90000,Working,Secondary / Secondary Special,Unknown,Unknown,40,5,0,18,1
Female,180000,Working,Unknown,Unknown,Unknown,40,7,0,18,1
Female,180000,Working,Unknown,Widow,Sales Staff,40,7,0,24,1
Male,247500,Unknown,Unknown,Married,Unknown,60,8,0,18,1
Unknown,270000,Working,Secondary / Secondary Special,Civil Marriage,Unknown,55,3,0,20,1
Female,69372,Unknown,Secondary / Secondary Special,Married,Laborers,40,7,0,23,1
Unknown,180000,Unknown,Secondary / Secondary Special,Unknown,Laborers,40,4,0,28,1
Female,270000,Working,Unknown,Unknown,Unknown,40,11,0,18,1
Female,225000,Working,Secondary / Secondary Special,Unknown,Laborers,46,9,0,18,1
Unknown,337500,Commercial Associate,Higher Education,Unknown,Unknown,40,7,0,14,1
Female,180000,Working,Higher Education,Married,Managers,40,7,0,18,1
Unknown,76500,Working,Unknown,Married,Unknown,33,13,0,18,1
Unknown,90000,Unknown,Unknown,Married,Laborers,57,7,0,28,1
Unknown,90000,Working,Secondary / Secondary Special,Married,Unknown,45,7,0,18,1
Female,180000,Commercial Associate,Higher Education,Married,Laborers,42,2,0,9,1
Unknown,112500,Working,Unknown,Married,Unknown,27,3,0,52,1
Female,247500,Commercial Associate,Unknown,Unknown,Medicine Staff,40,24,0,33,1
Female,180000,Commercial Associate,Higher Education,Civil Marriage,Hr Staff,40,7,0,12,1
Female,135000,Unknown,Unknown,Single / Not Married,Accountants,28,7,0,2,1
Female,270000,Unknown,Incomplete Higher,Civil Marriage,Unknown,29,9,0,24,1
Unknown,180000,Unknown,Secondary / Secondary Special,Unknown,Laborers,40,7,0,12,1
Male,180000,Unknown,Higher Education,Married,Unknown,39,7,0,39,1
Unknown,157500,Working,Secondary / Secondary Special,Married,Security Staff,40,7,0,58,1
Unknown,112500,State Servant,Secondary / Secondary Special,Married,Core Staff,28,4,0,18,1
Unknown,202500,Working,Unknown,Married,Unknown,25,7,0,11,1
Female,315000,Working,Higher Education,Married,Unknown,38,1,0,18,1
Unknown,207000,Commercial Associate,Unknown,Single / Not Married,Unknown,40,6,0,18,1
Male,135000,Working,Higher Education,Unknown,Laborers,42,7,0,19,1
Female,135000,Working,Unknown,Married,Cooking Staff,52,8,0,15,1
Female,405000,State Servant,Secondary / Secondary Special,Unknown,Medicine Staff,51,7,0,18,1
Male,315000,Commercial Associate,Unknown,Unknown,Drivers,40,12,0,7,1
Female,180000,Commercial Associate,Unknown,Single / Not Married,Sales Staff,46,13,0,18,1
Male,180000,Commercial Associate,Secondary / Secondary Special,Married,Laborers,39,7,0,18,1
Female,247500,Unknown,Secondary / Secondary Special,Civil Marriage,Laborers,32,7,0,6,1
Male,360000,Working,Unknown,Single / Not Married,Cooking Staff,30,7,0,18,1
Unknown,99000,Working,Secondary / Secondary Special,Civil Marriage,Unknown,45,7,0,18,1
Female,99000,Unknown,Unknown,Married,Laborers,35,7,0,42,1
Female,225000,Working,Secondary / Secondary Special,Unknown,Unknown,40,2,0,17,1
Unknown,270000,Unknown,Unknown,Married,Drivers,40,15,0,8,1
Male,270000,Working,Secondary / Secondary Special,Married,Laborers,34,5,0,21,1
Unknown,202500,Unknown,Secondary / Secondary Special,Unknown,Unknown,24,2,0,8,1
Unknown,184500,Commercial Associate,Secondary / Secondary Special,Married,Unknown,44,7,0,18,1
Unknown,139500,Working,Incomplete Higher,Married,Core Staff,37,9,0,18,1
Unknown,180000,Commercial Associate,Unknown,Married,Unknown,31,9,0,15,1
Unknown,180000,Unknown,Higher Education,Married,Unknown,44,21,0,3,1
Female,652500,Unknown,Higher Education,Single / Not Married,Unknown,40,7,0,18,1
Female,112500,Working,Higher Education,Unknown,Accountants,37,7,0,8,1
Female,180000,Unknown,Higher Education,Married,High Skill Tech Staff,40,7,0,39,1
Unknown,360000,Unknown,Higher Education,Separated,Managers,40,24,0,18,1
Unknown,180000,Unknown,Secondary / Secondary Special,Unknown,Laborers,40,4,0,18,1
Female,270000,Working,Unknown,Married,Unknown,40,7,0,22,1
Female,360000,Commercial Associate,Unknown,Unknown,Managers,40,8,0,29,1
Unknown,69372,Working,Unknown,Married,Laborers,44,7,1,28,1
Female,225000,Unknown,Secondary / Secondary Special,Unknown,Cleaning Staff,28,1,0,3,1
Female,135000,Working,Unknown,Unknown,Managers,40,21,2,16,1
Male,337500,Working,Unknown,Married,Unknown,50,7,0,20,1
Female,270000,Unknown,Unknown,Unknown,Unknown,53,9,0,6,1
Female,270000,Working,Unknown,Separated,Laborers,51,6,0,35,1
Unknown,135000,Unknown,Secondary / Secondary Special,Widow,Core Staff,40,7,0,31,1
Male,157500,Working,Unknown,Married,Core Staff,40,29,0,40,1
Female,135000,Working,Secondary / Secondary Special,Married,Unknown,31,5,0,39,1
Male,112500,Working,Secondary / Secondary Special,Married,Unknown,40,7,0,18,1
Unknown,135000,Working,Secondary / Secondary Special,Separated,Cooking Staff,40,14,0,37,1
Unknown,189000,Working,Higher Education,Married,High Skill Tech Staff,37,11,0,6,1
Unknown,202500,Commercial Associate,Secondary / Secondary Special,Married,Unknown,44,16,0,18,1
Male,225000,Commercial Associate,Unknown,Unknown,Unknown,26,5,0,4,1
Unknown,234000,Commercial Associate,Unknown,Unknown,Sales Staff,30,5,0,21,1
Unknown,112500,Working,Secondary / Secondary Special,Married,Laborers,40,7,0,17,1
Male,225000,Working,Secondary / Secondary Special,Married,Unknown,40,7,0,18,1
Female,157500,Unknown,Secondary / Secondary Special,Unknown,Laborers,52,7,0,15,1
Unknown,225000,Unknown,Secondary / Secondary Special,Single / Not Married,Medicine Staff,56,29,1,18,1
Unknown,270000,Commercial Associate,Unknown,Unknown,Unknown,40,16,0,18,1
Male,252000,State Servant,Unknown,Unknown,High Skill Tech Staff,35,5,0,12,1
Unknown,270000,Working,Higher Education,Unknown,Managers,40,10,0,18,1
Unknown,112500,Commercial Associate,Secondary / Secondary Special,Unknown,Unknown,40,7,1,44,1
Male,180000,Unknown,Secondary / Secondary Special,Married,Unknown,60,7,0,18,1
Female,90000,Commercial Associate,Unknown,Unknown,Sales Staff,32,7,0,4,1
Female,162000,Working,Unknown,Unknown,Unknown,41,7,0,18,1
Male,112500,Unknown,Secondary / Secondary Special,Married,Sales Staff,33,7,0,18,1
Unknown,225000,Commercial Associate,Secondary / Secondary Special,Separated,Unknown,43,6,0,2,1
Unknown,121500,Commercial Associate,Secondary / Secondary Special,Unknown,Core Staff,49,9,0,18,1
Female,112500,Working,Unknown,Unknown,Core Staff,38,10,0,18,1
Unknown,180000,Working,Secondary / Secondary Special,Single / Not Married,Drivers,33,8,0,26,1
Male,225000,Working,Unknown,Civil Marriage,Laborers,46,7,0,7,1
Female,180000,Working,Unknown,Married,Laborers,37,7,0,18,1
Male,103500,Working,Unknown,Unknown,Unknown,54,7,0,18,1
Female,67500,Unknown,Unknown,Unknown,Unknown,47,7,0,25,1
Male,225000,Working,Unknown,Married,Managers,40,4,0,20,1
Unknown,99000,Unknown,Unknown,Separated,Medicine Staff,40,7,0,23,1
Unknown,67500,Unknown,Unknown,Married,Unknown,42,7,0,18,1
Unknown,90000,Working,Higher Education,Single / Not Married,Unknown,45,6,0,18,1
Female,67500,Unknown,Unknown,Married,Cleaning Staff,43,2,0,18,1
Female,315000,Unknown,Unknown,Unknown,Unknown,40,7,0,27,1
Unknown,180000,Unknown,Secondary / Secondary Special,Married,Laborers,40,17,0,8,1
Female,121500,Working,Higher Education,Married,Accountants,40,7,0,18,1
Male,225000,Working,Unknown,Civil Marriage,Unknown,40,7,0,18,1
Unknown,45000,Unknown,Unknown,Unknown,Unknown,28,2,0,18,1
Unknown,180000,Unknown,Secondary / Secondary Special,Unknown,Sales Staff,40,7,0,18,1
Unknown,180000,Unknown,Secondary / Secondary Special,Civil Marriage,Unknown,40,10,0,35,1
Unknown,112500,Working,Unknown,Unknown,Low-Skill Laborers,63,3,0,27,1
Female,180000,Working,Secondary / Secondary Special,Unknown,Unknown,41,4,0,18,1
Male,337500,Unknown,Higher Education,Separated,Unknown,42,1,0,15,1
Unknown,108000,Working,Unknown,Widow,Sales Staff,35,7,0,18,1
Unknown,157500,Working,Higher Education,Unknown,Core Staff,28,7,0,12,1
Female,225000,Working,Unknown,Civil Marriage,Unknown,40,2,0,18,1
Unknown,180000,Working,Unknown,Unknown,Unknown,33,6,0,19,1
Female,157500,Working,Secondary / Secondary Special,Civil Marriage,Sales Staff,40,8,0,47,1
Unknown,202500,Unknown,Higher Education,Single / Not Married,Unknown,40,5,0,18,1
Unknown,157500,Unknown,Higher Education,Civil Marriage,Unknown,41,10,0,47,1
Female,103500,Commercial Associate,Secondary / Secondary Special,Unknown,Cooking Staff,40,5,0,36,1
Female,121500,Working,Secondary / Secondary Special,Married,Unknown,37,4,0,18,1
Female,315000,Commercial Associate,Unknown,Married,Accountants,54,7,0,27,1
Unknown,135000,Working,Unknown,Unknown,Unknown,32,2,0,2,1
Female,225000,Commercial Associate,Unknown,Separated,Unknown,43,1,0,12,1
Male,360000,Working,Secondary / Secondary Special,Married,Drivers,38,4,0,18,1
Female,225000,Commercial Associate,Unknown,Married,Private Service Staff,39,7,0,38,1
Male,202500,Working,Higher Education,Unknown,Unknown,33,2,0,39,1
Unknown,67500,Unknown,Higher Education,Married,Sales Staff,33,4,0,18,1
Female,121500,Commercial Associate,Secondary / Secondary Special,Married,Unknown,40,5,0,5,1
Unknown,157500,Unknown,Higher Education,Married,Managers,31,6,0,28,1
Female,144000,Unknown,Unknown,Unknown,High Skill Tech Staff,40,28,0,18,1
Female,180000,Working,Secondary / Secondary Special,Married,Laborers,40,7,0,12,1
Female,90000,Working,Secondary / Secondary Special,Unknown,Unknown,33,8,0,3,1
Male,135000,Working,Secondary / Secondary Special,Unknown,Unknown,29,4,0,18,1
Female,180000,Working,Unknown,Married,Sales Staff,40,7,0,18,1
Unknown,256500,Unknown,Higher Education,Separated,Managers,40,7,0,5,1
Female,180000,Working,Secondary / Secondary Special,Married,Sales Staff,40,5,0,18,1
Female,157500,Commercial Associate,Secondary / Secondary Special,Widow,Unknown,54,7,0,18,1
Female,112500,Working,Unknown,Unknown,Cooking Staff,40,7,0,7,1
Unknown,247500,Unknown,Unknown,Married,Managers,61,7,8,18,1
Female,67500,Working,Unknown,Married,Laborers,40,7,0,17,1
Male,238500,Unknown,Higher Education,Unknown,Drivers,32,7,0,29,1
Male,450000,Working,Unknown,Unknown,Managers,46,2,0,18,1
Unknown,225000,Unknown,Secondary / Secondary Special,Married,Unknown,38,11,0,11,1
Unknown,427500,Commercial Associate,Unknown,Unknown,Unknown,58,17,1,4,1
Female,126000,Unknown,Secondary / Secondary Special,Unknown,Unknown,40,7,0,20,1
Female,90000,Working,Unknown,Married,Sales Staff,40,10,0,26,1
Unknown,90000,Working,Secondary / Secondary Special,Married,Sales Staff,35,6,0,18,1
Unknown,112500,Working,Unknown,Unknown,Unknown,29,7,0,3,1
Male,225000,Unknown,Unknown,Separated,Laborers,44,9,0,16,1
Female,90000,Unknown,Unknown,Married,Laborers,40,16,0,20,1
Female,112500,Unknown,Secondary / Secondary Special,Unknown,Unknown,32,2,0,18,1
Female,121500,Unknown,Secondary / Secondary Special,Married,Sales Staff,42,9,0,18,1
Female,180000,State Servant,Higher Education,Married,Core Staff,40,8,0,18,1
Unknown,157500,Working,Incomplete Higher,Married,Managers,34,3,1,18,1
Unknown,67500,Unknown,Secondary / Secondary Special,Married,Unknown,40,8,0,2,1
Female,117000,Unknown,Secondary / Secondary Special,Unknown,Unknown,37,4,1,22,1
Unknown,90000,Working,Secondary / Secondary Special,Married,Unknown,53,2,0,7,1
Male,360000,Working,Higher Education,Married,High Skill Tech Staff,40,3,0,18,1
Female,202500,State Servant,Secondary / Secondary Special,Single / Not Married,Unknown,64,7,0,18,1
Unknown,180000,Working,Secondary / Secondary Special,Married,Unknown,36,4,0,6,1
Female,135000,Commercial Associate,Secondary / Secondary Special,Married,Laborers,43,7,0,18,1
Unknown,270000,Unknown,Higher Education,Unknown,Unknown,33,7,0,37,1
Male,450000,Commercial Associate,Unknown,Unknown,Sales Staff,40,7,0,32,1
Unknown,76500,Working,Secondary / Secondary Special,Unknown,Unknown,45,5,0,34,1
Female,225000,Commercial Associate,Secondary / Secondary Special,Married,Unknown,40,7,0,18,1
Unknown,337500,Unknown,Unknown,Unknown,Unknown,40,7,0,10,1
Male,157500,Unknown,Unknown,Civil Marriage,Waiters/Barmen Staff,26,1,0,4,1
Male,315000,Unknown,Secondary / Secondary Special,Married,Laborers,50,15,0,18,1
Female,405000,Unknown,Unknown,Unknown,Core Staff,40,5,0,18,1
Unknown,171000,Commercial Associate,Unknown,Married,Security Staff,58,7,0,40,1
Unknown,292500,Commercial Associate,Unknown,Unknown,Unknown,39,9,0,18,1
Male,270000,Working,Unknown,Unknown,Laborers,25,5,0,18,1
Male,360000,Working,Secondary / Secondary Special,Married,Unknown,40,4,0,19,1
Female,67500,Unknown,Secondary / Secondary Special,Married,Sales Staff,40,2,0,18,1
Female,225000,Unknown,Higher Education,Married,Medicine Staff,40,13,0,43,1
Female,202500,Commercial Associate,Secondary / Secondary Special,Married,Medicine Staff,58,7,0,43,1
Unknown,220500,Unknown,Secondary / Secondary Special,Married,Drivers,32,2,0,20,1
Male,180000,Working,Lower Secondary,Unknown,Unknown,40,7,0,29,1
Female,157500,Working,Secondary / Secondary Special,Single / Not Married,High Skill Tech Staff,39,10,0,18,1
Female,135000,Commercial Associate,Unknown,Unknown,Unknown,40,3,0,18,1
Female,90000,Unknown,Secondary / Secondary Special,Unknown,Core Staff,35,8,0,18,1
Female,63000,Working,Secondary / Secondary Special,Unknown,Unknown,47,13,0,24,1
Unknown,180000,Unknown,Higher Education,Married,Core Staff,34,7,0,28,1
Male,135000,Working,Secondary / Secondary Special,Married,Laborers,34,1,0,18,1
Female,202500,Working,Secondary / Secondary Special,Married,Unknown,44,8,3,27,1
Female,135000,Unknown,Secondary / Secondary Special,Unknown,Sales Staff,40,7,0,15,1
Male,202500,Commercial Associate,Secondary / Secondary Special,Married,Unknown,45,7,0,18,1
Unknown,315000,Working,Higher Education,Unknown,Unknown,47,7,0,18,1
Female,135000,Unknown,Unknown,Unknown,Unknown,40,30,0,18,1
Unknown,157500,Commercial Associate,Higher Education,Married,Accountants,40,2,0,18,1
Unknown,180000,Commercial Associate,Higher Education,Unknown,Managers,33,7,0,23,1
Female,67500,Working,Secondary / Secondary Special,Unknown,Core Staff,40,10,0,18,1
Unknown,112500,Working,Secondary / Secondary Special,Separated,Laborers,40,26,1,16,1
Female,450000,Unknown,Unknown,Civil Marriage,Managers,45,7,0,26,1
Unknown,225000,Commercial Associate,Secondary / Secondary Special,Unknown,High Skill Tech Staff,45,7,0,54,1
Male,540000,Unknown,Unknown,Married,Laborers,40,7,0,15,1
Unknown,270000,Unknown,Unknown,Unknown,Drivers,40,4,0,22,1
Unknown,202500,Unknown,Secondary / Secondary Special,Civil Marriage,Drivers,63,7,0,30,1
Female,360000,Working,Secondary / Secondary Special,Married,Unknown,44,7,0,8,1
Unknown,225000,Unknown,Higher Education,Unknown,Accountants,52,5,0,18,1
Male,180000,Unknown,Higher Education,Civil Marriage,Unknown,40,7,0,25,1
Male,121500,Unknown,Unknown,Married,Sales Staff,40,7,0,25,1
Female,90000,Working,Unknown,Unknown,Sales Staff,60,7,0,15,1
Female,112500,Unknown,Secondary / Secondary Special,Married,Unknown,45,7,4,33,1
Female,166500,Unknown,Unknown,Widow,Cleaning Staff,56,7,0,18,1
Female,270000,Unknown,Secondary / Secondary Special,Married,Waiters/Barmen Staff,56,4,0,18,1
Unknown,112500,Working,Unknown,Married,Managers,40,7,0,25,1
Male,229500,Unknown,Secondary / Secondary Special,Unknown,Unknown,60,7,0,12,1
Unknown,157500,Working,Unknown,Married,Unknown,47,7,0,19,1
Male,301500,Unknown,Unknown,Married,Laborers,25,7,0,18,1
Female,166500,Working,Unknown,Unknown,Laborers,34,9,1,18,1
Unknown,135000,Unknown,Unknown,Separated,Core Staff,41,7,0,18,1
Male,202500,Working,Secondary / Secondary Special,Unknown,Laborers,30,7,0,18,1
Female,171000,Commercial Associate,Unknown,Unknown,Accountants,40,6,0,20,1
Unknown,157500,Working,Unknown,Married,Unknown,40,10,0,12,1
Unknown,99000,Unknown,Unknown,Single / Not Married,Unknown,45,2,0,18,1
Female,126000,Commercial Associate,Higher Education,Unknown,Unknown,40,7,0,22,1
Female,337500,Unknown,Unknown,Single / Not Married,Accountants,40,7,0,37,1
Female,135000,Unknown,Higher Education,Unknown,Unknown,40,4,0,16,1
Female,90000,Commercial Associate,Secondary / Secondary Special,Married,Unknown,43,7,1,18,1
Female,129150,Unknown,Secondary / Secondary Special,Single / Not Married,Drivers,38,7,0,16,1
Unknown,126000,Commercial Associate,Secondary / Secondary Special,Married,Core Staff,28,2,0,18,1
Female,328500,Commercial Associate,Secondary / Secondary Special,Married,Managers,55,6,0,13,1
Unknown,81000,Unknown,Unknown,Married,Laborers,37,1,0,18,1
Female,157500,Working,Unknown,Unknown,Unknown,50,7,0,18,1
Unknown,202500,Commercial Associate,Unknown,Single / Not Married,Unknown,40,1,0,22,1
Unknown,99000,Unknown,Secondary / Secondary Special,Married,Managers,28,7,0,18,1
Unknown,139500,Unknown,Unknown,Married,Unknown,24,7,0,18,1
Unknown,139500,Unknown,Unknown,Married,Medicine Staff,40,20,0,46,1
Female,225000,Unknown,Unknown,Unknown,Core Staff,40,26,0,21,1
Male,225000,Unknown,Unknown,Married,Drivers,40,12,0,18,1
Male,202500,Working,Secondary / Secondary Special,Married,Unknown,48,5,0,18,1
Unknown,270000,Unknown,Higher Education,Married,Unknown,32,7,0,59,1
Female,159750,Unknown,Unknown,Civil Marriage,Core Staff,26,1,0,18,1
Unknown,180000,Unknown,Unknown,Married,Laborers,40,3,0,32,1
Female,382500,Unknown,Unknown,Unknown,Managers,55,18,0,21,1
Male,112500,Working,Unknown,Unknown,Laborers,40,7,0,18,1
Male,157500,Unknown,Secondary / Secondary Special,Unknown,Unknown,56,19,0,18,1
Unknown,135000,Unknown,Secondary / Secondary Special,Unknown,High Skill Tech Staff,40,7,0,53,1
Male,180000,Working,Incomplete Higher,Unknown,Unknown,30,5,0,15,1
Unknown,225000,Working,Unknown,Married,Laborers,43,1,0,18,1
Male,180000,Working,Higher Education,Unknown,Drivers,26,1,0,3,1
Female,117000,Unknown,Secondary / Secondary Special,Unknown,Sales Staff,37,4,0,9,1
Male,225000,State Servant,Unknown,Married,Drivers,40,7,0,19,1
Female,121500,Unknown,Unknown,Single / Not Married,Sales Staff,40,7,0,27,1
Unknown,225000,Commercial Associate,Unknown,Married,Accountants,34,9,0,18,1
Male,225000,Unknown,Secondary / Secondary Special,Single / Not Married,Unknown,41,15,0,18,1
Unknown,225000,Working,Unknown,Single / Not Married,Drivers,25,7,1,18,1
Male,234000,Unknown,Secondary / Secondary Special,Married,High Skill Tech Staff,32,7,0,49,1
Male,180000,Commercial Associate,Incomplete Higher,Unknown,Laborers,33,10,0,9,1
Male,135000,Commercial Associate,Secondary / Secondary Special,Unknown,Laborers,30,7,0,18,1
Female,202500,Working,Unknown,Unknown,Core Staff,40,6,2,20,1
Unknown,157500,Working,Unknown,Married,Unknown,39,19,0,45,1
Unknown,360000,Working,Incomplete Higher,Married,Unknown,40,1,0,15,1
Male,202500,Commercial Associate,Secondary / Secondary Special,Unknown,Laborers,59,9,0,28,1
Female,157500,Working,Higher Education,Married,Sales Staff,27,1,0,2,1
Unknown,135000,Unknown,Unknown,Unknown,Unknown,41,3,0,18,1
Male,360000,Commercial Associate,Unknown,Unknown,Waiters/Barmen Staff,40,7,0,6,1
Female,360000,Commercial Associate,Higher Education,Single / Not Married,Unknown,40,7,0,18,1
Female,135000,Unknown,Secondary / Secondary Special,Unknown,Sales Staff,47,12,0,7,1
Female,144000,Working,Secondary / Secondary Special,Married,Sales Staff,40,8,0,18,1
Unknown,202500,Unknown,Secondary / Secondary Special,Unknown,Drivers,44,14,0,18,1
Unknown,315000,Working,Higher Education,Separated,Managers,45,7,0,33,1
Male,135000,Unknown,Unknown,Married,Unknown,26,7,0,21,1
Female,180000,Unknown,Secondary / Secondary Special,Unknown,Laborers,41,4,0,18,1
Male,112500,Unknown,Secondary / Secondary Special,Unknown,Medicine Staff,28,7,0,9,1
Unknown,175500,State Servant,Unknown,Married,Unknown,52,2,0,18,1
Female,144000,Working,Secondary / Secondary Special,Unknown,Unknown,40,6,2,17,1
Male,225000,Working,Secondary / Secondary Special,Married,Unknown,40,7,3,18,1
Male,90000,Working,Secondary / Secondary Special,Married,Unknown,32,5,0,18,1
Unknown,240750,Unknown,Secondary / Secondary Special,Unknown,Unknown,49,22,0,18,1
Female,112500,Unknown,Unknown,Unknown,Cooking Staff,41,3,3,18,1
Female,126000,State Servant,Secondary / Secondary Special,Married,Medicine Staff,40,7,0,22,1
Unknown,180000,Unknown,Secondary / Secondary Special,Unknown,Cleaning Staff,40,32,0,18,1
Female,112500,Unknown,Unknown,Unknown,Cooking Staff,40,7,0,18,1
Unknown,54000,State Servant,Unknown,Married,Medicine Staff,40,7,0,11,1
Unknown,270000,Unknown,Unknown,Married,Managers,40,7,0,18,1
Female,121500,Unknown,Secondary / Secondary Special,Married,Unknown,40,7,0,18,1
Male,135000,Working,Secondary / Secondary Special,Married,Security Staff,30,4,0,5,1
Unknown,78750,Unknown,Secondary / Secondary Special,Married,Security Staff,34,6,0,10,1
Female,112500,Working,Higher Education,Unknown,Unknown,28,3,0,8,1
Male,112500,Unknown,Secondary / Secondary Special,Married,Drivers,57,7,0,18,1
Unknown,157500,Working,Secondary / Secondary Special,Unknown,Sales Staff,40,2,0,18,1
Male,81000,Unknown,Secondary / Secondary Special,Married,Laborers,35,7,0,16,1
Female,450000,Commercial Associate,Secondary / Secondary Special,Unknown,Unknown,44,6,0,18,1
Female,463500,Unknown,Higher Education,Unknown,Managers,58,7,0,18,1
Unknown,112500,Working,Secondary / Secondary Special,Married,Core Staff,27,3,0,42,1
Male,202500,Unknown,Higher Education,Married,Unknown,40,3,0,49,1
Unknown,207000,Commercial Associate,Unknown,Unknown,Managers,36,5,0,6,1
Female,135000,Unknown,Unknown,Unknown,Laborers,44,9,0,29,1
Unknown,315000,Unknown,Incomplete Higher,Single / Not Married,Core Staff,33,6,0,20,1
Unknown,81000,Working,Unknown,Civil Marriage,Low-Skill Laborers,39,1,1,38,1
Unknown,157500,Unknown,Secondary / Secondary Special,Married,Unknown,46,7,0,22,1
Female,135000,Unknown,Incomplete Higher,Unknown,Unknown,30,2,0,18,1
Female,112500,Working,Unknown,Unknown,Cooking Staff,40,7,0,7,1
Unknown,135000,Working,Unknown,Unknown,Unknown,30,9,0,18,1
Male,157500,Commercial Associate,Secondary / Secondary Special,Unknown,Laborers,43,8,0,18,1
Unknown,112500,Unknown,Higher Education,Unknown,Accountants,34,7,0,55,1
Female,148500,Unknown,Higher Education,Married,Unknown,49,7,0,21,1
Male,112500,Unknown,Secondary / Secondary Special,Unknown,Laborers,25,7,0,17,1
Unknown,157500,Commercial Associate,Unknown,Separated,Unknown,37,4,0,46,1
Female,90000,Unknown,Unknown,Civil Marriage,Core Staff,29,7,0,18,1
Male,225000,Working,Unknown,Married,Laborers,40,3,0,7,1
Female,225000,Unknown,Unknown,Unknown,Unknown,45,3,0,18,1
Unknown,117000,Unknown,Secondary / Secondary Special,Unknown,Unknown,26,7,0,18,1
Unknown,135000,Working,Secondary / Secondary Special,Married,Drivers,40,7,0,18,1
Female,202500,Unknown,Secondary / Secondary Special,Married,Unknown,62,2,0,18,1
Female,135000,Working,Unknown,Unknown,Unknown,40,7,0,2,1
Male,382500,Working,Unknown,Married,Unknown,40,2,0,28,1
Female,270000,Unknown,Secondary / Secondary Special,Married,Waiters/Barmen Staff,56,4,0,17,1
Unknown,76500,Working,Higher Education,Married,Managers,40,7,0,5,1
Male,58500,Working,Unknown,Unknown,Unknown,40,7,0,37,1
Unknown,202500,Unknown,Unknown,Separated,Core Staff,35,7,0,31,1
Unknown,103500,Unknown,Secondary / Secondary Special,Unknown,Managers,40,36,0,14,1
Male,180000,Unknown,Incomplete Higher,Unknown,Laborers,40,7,0,18,1
Unknown,112500,Unknown,Secondary / Secondary Special,Married,Unknown,40,4,0,18,1
Male,315000,Commercial Associate,Higher Education,Single / Not Married,Laborers,40,7,1,27,1
Unknown,90000,Unknown,Incomplete Higher,Married,Unknown,28,7,0,18,1
Unknown,121500,Working,Secondary / Secondary Special,Married,Drivers,44,3,0,16,1
Unknown,180000,Unknown,Unknown,Civil Marriage,Medicine Staff,40,6,0,5,1
Unknown,90000,Unknown,Secondary / Secondary Special,Married,Medicine Staff,40,7,0,29,1
Female,225000,Unknown,Unknown,Unknown,Core Staff,40,26,0,21,1
Unknown,180000,Working,Secondary / Secondary Special,Unknown,Unknown,51,7,0,16,1
Unknown,76500,Unknown,Higher Education,Unknown,Sales Staff,44,3,0,18,1
Female,157500,Unknown,Unknown,Unknown,Core Staff,50,7,0,18,1
Female,112500,Working,Secondary / Secondary Special,Unknown,Unknown,45,7,1,23,1
Unknown,157500,Working,Secondary / Secondary Special,Civil Marriage,Low-Skill Laborers,31,4,0,18,1
Female,225000,State Servant,Secondary / Secondary Special,Unknown,Core Staff,34,6,0,18,1
Female,202500,Working,Secondary / Secondary Special,Married,Unknown,52,9,0,18,1
Unknown,229500,Unknown,Unknown,Married,Unknown,40,4,0,38,1
Male,180000,Unknown,Secondary / Secondary Special,Unknown,Drivers,60,7,0,21,1
Male,157500,Working,Unknown,Unknown,Laborers,40,7,0,15,1
Unknown,135000,Working,Secondary / Secondary Special,Unknown,Unknown,25,6,0,17,1
Male,270000,Commercial Associate,Unknown,Unknown,Unknown,40,7,0,36,1
Unknown,112500,Working,Higher Education,Civil Marriage,Unknown,35,7,0,31,1
Unknown,270000,Unknown,Secondary / Secondary Special,Married,Unknown,40,7,0,18,1
Male,225000,Working,Unknown,Married,Unknown,40,3,0,40,1
Female,72000,Working,Secondary / Secondary Special,Widow,Cleaning Staff,55,7,0,6,1
Unknown,184500,Commercial Associate,Secondary / Secondary Special,Unknown,Drivers,27,9,0,17,1
Female,162000,Working,Secondary / Secondary Special,Separated,Sales Staff,41,13,0,18,1
Male,202500,Working,Unknown,Unknown,Laborers,49,10,0,18,1
Unknown,157500,Working,Secondary / Secondary Special,Unknown,Unknown,48,4,0,18,1
Unknown,450000,Commercial Associate,Secondary / Secondary Special,Married,Unknown,50,7,0,61,1
Unknown,135000,Commercial Associate,Unknown,Married,Unknown,52,7,0,18,1
Female,67500,Unknown,Unknown,Unknown,Core Staff,54,7,0,18,1
Female,54000,Unknown,Secondary / Secondary Special,Single / Not Married,Unknown,24,5,0,13,1
Unknown,126000,Working,Secondary / Secondary Special,Single / Not Married,Cooking Staff,40,7,0,49,1
Female,180000,Commercial Associate,Secondary / Secondary Special,Unknown,Unknown,40,7,0,25,1
Female,112500,Working,Secondary / Secondary Special,Married,Private Service Staff,32,5,0,5,1
Female,72000,Working,Secondary / Secondary Special,Unknown,Unknown,52,7,0,18,1
Unknown,292500,Unknown,Unknown,Single / Not Married,Unknown,40,7,0,12,1
Female,117000,Working,Secondary / Secondary Special,Unknown,Medicine Staff,40,21,0,38,1
Unknown,292500,Working,Secondary / Secondary Special,Married,Unknown,39,9,0,6,1
Unknown,157500,Working,Secondary / Secondary Special,Married,Unknown,40,9,0,18,1
Unknown,90000,Unknown,Unknown,Unknown,Drivers,31,4,0,8,1
Female,247500,Commercial Associate,Unknown,Married,High Skill Tech Staff,44,7,0,31,1
Unknown,135000,Unknown,Higher Education,Civil Marriage,Unknown,25,1,0,18,1
Female,166500,Commercial Associate,Secondary / Secondary Special,Unknown,Unknown,34,13,0,10,1
Female,256500,Unknown,Secondary / Secondary Special,Married,Core Staff,38,7,0,18,1
Female,360000,Unknown,Secondary / Secondary Special,Married,Cooking Staff,40,7,0,49,1
Male,337500,Unknown,Unknown,Unknown,Unknown,40,7,0,17,1
Male,180000,Commercial Associate,Secondary / Secondary Special,Separated,Laborers,40,3,0,11,1
Female,225000,Working,Unknown,Unknown,Accountants,38,10,0,11,1
Female,198000,Unknown,Secondary / Secondary Special,Unknown,Unknown,40,5,0,2,1
Unknown,202500,Working,Secondary / Secondary Special,Single / Not Married,Unknown,40,7,0,32,1
Male,202500,Working,Secondary / Secondary Special,Unknown,Unknown,55,1,0,2,1
Unknown,675000,Unknown,Secondary / Secondary Special,Married,Drivers,39,19,0,1,1
Female,135000,Working,Unknown,Married,Core Staff,46,4,0,18,1
Unknown,180000,Unknown,Secondary / Secondary Special,Unknown,Unknown,52,3,0,26,1
Male,157500,Commercial Associate,Unknown,Unknown,Drivers,38,4,0,54,1
Unknown,247500,Working,Higher Education,Unknown,Unknown,39,21,0,18,1
Female,112500,Working,Secondary / Secondary Special,Single / Not Married,Sales Staff,48,2,0,24,1
Unknown,112500,Unknown,Incomplete Higher,Single / Not Married,Sales Staff,23,7,0,18,1
Unknown,90000,Unknown,Unknown,Married,Medicine Staff,35,7,0,14,1
Female,135000,Working,Secondary / Secondary Special,Married,Unknown,40,3,0,18,1
Unknown,90000,Unknown,Secondary / Secondary Special,Married,Medicine Staff,39,7,0,24,1
Unknown,202500,Commercial Associate,Unknown,Unknown,Accountants,51,20,1,13,1
Female,360000,Working,Unknown,Married,High Skill Tech Staff,51,5,0,15,1
Male,184500,Working,Secondary / Secondary Special,Married,Unknown,40,7,0,10,1
Unknown,157500,Commercial Associate,Secondary / Secondary Special,Unknown,Sales Staff,40,1,0,33,1
Male,247500,Working,Secondary / Secondary Special,Married,Unknown,40,4,1,37,1
Female,315000,Unknown,Higher Education,Married,Unknown,40,16,0,18,1
Unknown,202500,Unknown,Secondary / Secondary Special,Unknown,Unknown,40,6,0,47,1
Female,405000,Working,Unknown,Married,Unknown,40,5,0,18,1
Male,315000,Unknown,Unknown,Single / Not Married,Unknown,40,7,0,33,1
Female,162000,Working,Unknown,Unknown,High Skill Tech Staff,47,5,0,5,1
Unknown,135000,Working,Unknown,Widow,Sales Staff,40,1,0,12,1
Female,144000,Working,Unknown,Unknown,Unknown,47,21,0,43,1
Female,270000,Commercial Associate,Unknown,Civil Marriage,Laborers,43,2,0,18,1
Male,315000,State Servant,Unknown,Unknown,Unknown,37,7,0,27,1
Female,157500,Commercial Associate,Secondary / Secondary Special,Married,Security Staff,46,3,0,18,1
Unknown,90000,Commercial Associate,Secondary / Secondary Special,Married,Low-Skill Laborers,46,7,0,50,1
Male,135000,Working,Secondary / Secondary Special,Married,Unknown,32,13,4,9,1
Unknown,166500,Commercial Associate,Unknown,Widow,Cleaning Staff,56,7,0,33,1
Unknown,157500,Working,Unknown,Unknown,Cooking Staff,31,7,6,14,1
Unknown,405000,Unknown,Higher Education,Married,Unknown,52,9,0,56,1
Unknown,32400,Unknown,Secondary / Secondary Special,Married,Unknown,40,7,0,18,1
Unknown,180000,Working,Higher Education,Single / Not Married,Unknown,40,7,0,28,1
Male,135000,Working,Secondary / Secondary Special,Married,Unknown,41,7,0,47,1
Male,130500,Unknown,Secondary / Secondary Special,Married,Laborers,32,8,0,13,1
Unknown,225000,Working,Unknown,Single / Not Married,Unknown,56,7,0,2,1
Male,180000,Unknown,Lower Secondary,Unknown,Laborers,30,7,0,29,1
Unknown,315000,Unknown,Secondary / Secondary Special,Married,Unknown,60,5,0,12,1
Male,135000,Commercial Associate,Unknown,Unknown,Laborers,30,8,0,18,1
Female,225000,State Servant,Higher Education,Separated,Managers,51,7,0,16,1
Unknown,382500,Unknown,Unknown,Single / Not Married,Core Staff,40,7,0,21,1
Male,157500,Working,Secondary / Secondary Special,Married,Unknown,28,3,0,8,1
Female,112500,Unknown,Secondary / Secondary Special,Married,Accountants,40,4,0,18,1
Unknown,225000,Unknown,Unknown,Unknown,High Skill Tech Staff,42,5,0,7,1
Unknown,270000,Unknown,Secondary / Secondary Special,Single / Not Married,Unknown,42,4,0,12,1
Female,292500,Unknown,Secondary / Secondary Special,Unknown,Sales Staff,34,13,0,18,1
Unknown,270000,Working,Unknown,Unknown,Laborers,40,5,0,6,1
Unknown,112500,Unknown,Unknown,Unknown,Unknown,27,1,0,11,1
Unknown,270000,Unknown,Unknown,Single / Not Married,Laborers,25,5,0,27,1
Female,157500,Working,Unknown,Married,Laborers,40,6,0,3,1
Unknown,121500,Commercial Associate,Unknown,Unknown,Unknown,31,8,0,5,1
Unknown,225000,Commercial Associate,Unknown,Unknown,Unknown,36,14,0,6,1
Female,112500,Unknown,Secondary / Secondary Special,Married,Unknown,51,7,0,11,1
Unknown,157500,Unknown,Unknown,Unknown,High Skill Tech Staff,61,20,0,9,1
Unknown,90000,Working,Higher Education,Married,Medicine Staff,29,7,0,18,1
Unknown,180000,Commercial Associate,Higher Education,Unknown,Hr Staff,40,7,0,23,1
Female,135000,Commercial Associate,Secondary / Secondary Special,Married,Unknown,29,7,0,6,1
Unknown,90000,State Servant,Unknown,Unknown,Drivers,40,17,0,18,1
Female,67500,Working,Secondary / Secondary Special,Single / Not Married,Unknown,55,14,0,18,1
Unknown,135000,Commercial Associate,Secondary / Secondary Special,Unknown,Laborers,41,4,0,18,1
Male,315000,Working,Unknown,Unknown,Unknown,54,7,0,2,1
Female,157500,Working,Higher Education,Single / Not Married,Unknown,61,30,0,4,1
Female,211500,Working,Unknown,Married,Core Staff,40,4,0,30,1
Female,157500,Unknown,Unknown,Married,Unknown,40,7,0,34,1
Unknown,90000,Commercial Associate,Unknown,Civil Marriage,Unknown,40,7,0,18,1
Male,139500,Unknown,Unknown,Unknown,Unknown,36,5,3,19,1
Unknown,180000,Unknown,Unknown,Unknown,Unknown,40,7,0,23,1
Male,180000,Working,Secondary / Secondary Special,Married,Drivers,40,3,0,11,1
Unknown,189000,Unknown,Unknown,Married,High Skill Tech Staff,40,7,0,32,1
Female,202500,Unknown,Secondary / Secondary Special,Civil Marriage,Core Staff,31,7,0,18,1
Male,270000,Commercial Associate,Incomplete Higher,Unknown,Unknown,40,14,0,46,1
Female,243000,Commercial Associate,Higher Education,Unknown,Managers,64,7,0,2,1
Female,495000,Commercial Associate,Higher Education,Married,Managers,54,11,0,20,1
Female,202500,Unknown,Secondary / Secondary Special,Married,Core Staff,40,7,0,30,1
Male,247500,Working,Unknown,Married,Laborers,40,7,0,31,1
Female,157500,Working,Higher Education,Married,Managers,48,7,0,18,1
Male,225000,Working,Unknown,Married,Unknown,46,2,0,18,1
Unknown,225000,Unknown,Higher Education,Unknown,Core Staff,48,9,0,18,1
Female,225000,Unknown,Unknown,Unknown,Unknown,38,2,0,7,1
Female,180000,Working,Secondary / Secondary Special,Civil Marriage,Unknown,55,10,10,18,1
Unknown,562500,Working,Unknown,Married,Managers,40,7,0,30,1
Unknown,202500,Unknown,Incomplete Higher,Single / Not Married,Core Staff,51,20,0,18,1
Female,315000,Working,Unknown,Separated,Private Service Staff,38,6,0,31,1
Female,135000,Working,Secondary / Secondary Special,Single / Not Married,Cleaning Staff,55,7,0,8,1
Unknown,99000,Commercial Associate,Higher Education,Unknown,Unknown,40,7,0,17,1
Female,81000,Unknown,Unknown,Married,Laborers,47,2,0,40,1
Unknown,135000,Working,Unknown,Unknown,Managers,40,7,0,18,1
Female,144000,Working,Secondary / Secondary Special,Unknown,Cleaning Staff,44,7,0,18,1
Female,117000,Commercial Associate,Secondary / Secondary Special,Unknown,Laborers,48,3,0,18,1
Unknown,157500,Unknown,Unknown,Unknown,Sales Staff,44,6,0,18,1
Male,270000,Commercial Associate,Secondary / Secondary Special,Married,Unknown,40,11,0,18,1
Female,225000,Unknown,Secondary / Secondary Special,Unknown,Sales Staff,34,7,0,18,1
Female,180000,State Servant,Unknown,Married,Core Staff,40,7,0,46,1
Unknown,220500,Unknown,Unknown,Married,Laborers,40,7,0,19,1
Male,247500,Unknown,Higher Education,Married,Unknown,55,4,7,16,1
Female,202500,Working,Higher Education,Civil Marriage,Core Staff,42,7,0,16,1
Unknown,135000,Commercial Associate,Unknown,Married,Managers,42,7,0,7,1
Male,180000,Unknown,Secondary / Secondary Special,Unknown,Drivers,60,7,0,21,1
Unknown,247500,Unknown,Higher Education,Civil Marriage,Core Staff,44,7,0,12,1
Male,135000,Unknown,Unknown,Married,Unknown,40,18,0,18,1
Female,306000,Working,Secondary / Secondary Special,Married,High Skill Tech Staff,52,7,1,33,1
Female,162000,Commercial Associate,Incomplete Higher,Unknown,Core Staff,40,7,6,18,1
Female,405000,Unknown,Higher Education,Married,Unknown,38,1,0,31,1
Female,90000,Unknown,Unknown,Married,Unknown,29,5,0,47,1
Male,450000,Unknown,Unknown,Unknown,Sales Staff,40,7,0,4,1
Female,135000,Working,Incomplete Higher,Married,Core Staff,39,7,0,9,1
Unknown,135000,Working,Higher Education,Married,Managers,32,9,0,18,1
Unknown,157500,Working,Unknown,Married,Security Staff,40,8,0,17,1
Unknown,90000,Unknown,Secondary / Secondary Special,Married,Medicine Staff,40,7,1,18,1
Male,180000,Working,Higher Education,Married,Unknown,40,7,0,7,1
Unknown,90000,Unknown,Secondary / Secondary Special,Civil Marriage,Cooking Staff,26,2,0,5,1
Unknown,112500,Working,Secondary / Secondary Special,Single / Not Married,Cooking Staff,60,3,0,31,1
Female,135000,Unknown,Secondary / Secondary Special,Unknown,Core Staff,40,3,0,18,1
Male,225000,Working,Secondary / Secondary Special,Unknown,Unknown,40,7,0,18,1
Female,252000,State Servant,Unknown,Single / Not Married,Unknown,44,7,0,11,1
Unknown,126000,Working,Higher Education,Unknown,Core Staff,40,7,0,30,1
Unknown,445500,Commercial Associate,Higher Education,Unknown,Managers,35,2,0,20,1
Unknown,112500,Unknown,Unknown,Unknown,Laborers,40,20,0,20,1
Male,157500,Unknown,Secondary / Secondary Special,Married,Drivers,40,7,0,27,1
Female,112500,Working,Unknown,Married,Core Staff,40,3,0,8,1
Male,189000,Working,Higher Education,Married,Unknown,37,11,0,6,1
Female,112500,Unknown,Secondary / Secondary Special,Unknown,Laborers,28,7,0,12,1
Female,585000,Commercial Associate,Higher Education,Single / Not Married,Managers,29,7,0,23,1
Female,135000,Unknown,Unknown,Unknown,High Skill Tech Staff,40,7,0,45,1
Female,81000,Working,Unknown,Married,Unknown,40,7,2,9,1
Female,180000,Working,Secondary / Secondary Special,Civil Marriage,Sales Staff,35,7,0,14,1
Female,135000,Unknown,Unknown,Married,Private Service Staff,61,24,0,17,1
Unknown,337500,Unknown,Secondary / Secondary Special,Single / Not Married,Unknown,40,7,0,50,1
Female,135000,Commercial Associate,Unknown,Married,Laborers,43,7,0,18,1
Female,315000,Unknown,Unknown,Unknown,Core Staff,40,7,0,29,1
Female,315000,Commercial Associate,Secondary / Secondary Special,Married,Unknown,43,7,0,18,1
Female,112500,Unknown,Unknown,Unknown,Core Staff,35,4,0,18,1
Unknown,90000,Unknown,Unknown,Married,Medicine Staff,40,2,0,20,1
Female,180000,Unknown,Higher Education,Unknown,Sales Staff,36,1,0,31,1
Unknown,72000,Commercial Associate,Secondary / Secondary Special,Married,Secretaries,40,7,0,9,1
Male,225000,Working,Unknown,Single / Not Married,Drivers,40,1,0,18,1
Female,306000,State Servant,Higher Education,Married,Core Staff,38,7,0,18,1
Female,225000,Working,Unknown,Unknown,Unknown,36,4,0,18,1
Unknown,112500,Working,Unknown,Married,Laborers,36,3,0,18,1
Male,225000,Commercial Associate,Secondary / Secondary Special,Married,Managers,31,3,2,18,1
Male,202500,Working,Unknown,Unknown,Laborers,40,7,0,18,1
Male,157500,Unknown,Unknown,Unknown,Unknown,35,4,0,19,1
Female,157500,Unknown,Incomplete Higher,Married,High Skill Tech Staff,48,22,0,18,1
Female,270000,Working,Secondary / Secondary Special,Civil Marriage,Unknown,31,7,0,7,1
Male,270000,Unknown,Unknown,Unknown,Unknown,40,7,0,8,1
Female,315000,State Servant,Higher Education,Married,Drivers,54,3,0,18,1
Unknown,292500,Unknown,Secondary / Secondary Special,Married,Drivers,51,2,0,45,1
Unknown,72000,Working,Higher Education,Unknown,Unknown,60,2,0,13,1
Male,225000,Unknown,Unknown,Married,Drivers,31,7,0,6,1
Female,157500,Working,Unknown,Separated,Medicine Staff,48,9,0,18,1
Female,315000,Working,Higher Education,Unknown,Medicine Staff,36,7,0,32,1
Unknown,135000,Unknown,Unknown,Single / Not Married,Unknown,32,4,0,4,1
Female,405000,Working,Unknown,Unknown,Accountants,39,11,0,54,1
Unknown,328500,Unknown,Secondary / Secondary Special,Married,Unknown,40,6,0,18,1
Female,270000,Unknown,Higher Education,Single / Not Married,Sales Staff,29,7,4,21,1
Unknown,225000,Working,Unknown,Married,Managers,39,7,0,18,1
Unknown,90000,Commercial Associate,Secondary / Secondary Special,Married,Laborers,49,6,0,18,1
Female,180000,Unknown,Secondary / Secondary Special,Unknown,Unknown,36,4,0,18,1
Unknown,157500,Unknown,Secondary / Secondary Special,Married,Unknown,40,2,0,12,1
Female,81000,Working,Secondary / Secondary Special,Unknown,Cleaning Staff,44,18,0,33,1
Female,193500,Unknown,Secondary / Secondary Special,Unknown,Unknown,40,7,0,51,1
Female,121500,Working,Unknown,Married,Unknown,32,7,0,17,1
Unknown,135000,Commercial Associate,Secondary / Secondary Special,Married,Laborers,40,1,0,7,1
Unknown,135000,Unknown,Secondary / Secondary Special,Married,Unknown,29,1,0,43,1
Male,157500,Working,Unknown,Married,Laborers,36,7,4,32,1
Unknown,90000,Unknown,Higher Education,Civil Marriage,Core Staff,40,7,0,37,1
Female,99000,Unknown,Secondary / Secondary Special,Married,Unknown,40,13,0,50,1
Male,315000,Working,Secondary / Secondary Special,Married,Unknown,49,7,0,7,1
Unknown,225000,Working,Higher Education,Unknown,Sales Staff,36,4,0,34,1
Male,315000,Working,Higher Education,Married,Unknown,47,7,0,18,1
Female,135000,Unknown,Unknown,Unknown,Private Service Staff,40,5,0,23,1
Male,360000,Commercial Associate,Unknown,Separated,Unknown,29,2,0,18,1
Female,112500,Unknown,Unknown,Unknown,Unknown,40,7,0,47,1
Unknown,427500,Commercial Associate,Higher Education,Married,Managers,42,18,0,18,1
Unknown,139500,Working,Higher Education,Separated,Unknown,40,20,0,10,1
Unknown,180000,Unknown,Higher Education,Married,High Skill Tech Staff,36,13,0,18,1
Female,112500,Working,Unknown,Unknown,Accountants,51,7,0,18,1
Female,112500,Working,Secondary / Secondary Special,Unknown,Sales Staff,40,5,0,18,1
Unknown,148500,Working,Secondary / Secondary Special,Unknown,High Skill Tech Staff,55,7,2,18,1
Unknown,45000,State Servant,Unknown,Married,Unknown,51,7,0,19,1
Unknown,225000,Commercial Associate,Higher Education,Single / Not Married,Unknown,40,7,5,39,1
Female,90000,Unknown,Unknown,Married,Cooking Staff,40,7,0,19,1
Male,202500,Working,Unknown,Civil Marriage,Drivers,40,3,0,4,1
Unknown,225000,Commercial Associate,Higher Education,Married,It Staff,40,3,0,7,1
Female,202500,Commercial Associate,Secondary / Secondary Special,Married,Unknown,52,7,0,18,1
Female,121500,Commercial Associate,Higher Education,Civil Marriage,Unknown,40,1,0,18,1
Male,157500,Unknown,Higher Education,Unknown,Sales Staff,40,7,0,17,1
Unknown,112500,Unknown,Unknown,Married,Unknown,35,3,0,38,1
Male,292500,Commercial Associate,Unknown,Married,Unknown,40,2,2,5,1
Unknown,247500,Working,Unknown,Unknown,Drivers,43,4,0,29,1
Unknown,270000,Unknown,Unknown,Unknown,Unknown,40,7,0,18,1
Female,76500,Unknown,Secondary / Secondary Special,Married,Unknown,54,14,0,15,1
Female,157500,Working,Unknown,Married,Core Staff,40,7,0,44,1
Male,360000,Unknown,Secondary / Secondary Special,Civil Marriage,Sales Staff,32,7,0,18,1
Female,135000,Working,Unknown,Married,Laborers,40,18,0,18,1
Unknown,157500,Commercial Associate,Higher Education,Unknown,Unknown,34,7,0,20,1
Male,450000,Unknown,Unknown,Unknown,Managers,51,8,0,35,1
Unknown,180000,Unknown,Secondary / Secondary Special,Unknown,Laborers,28,10,0,39,1
Unknown,67500,Unknown,Unknown,Single / Not Married,Sales Staff,37,9,0,18,1
Female,135000,Unknown,Higher Education,Unknown,Medicine Staff,36,7,0,41,1
Male,225000,Commercial Associate,Unknown,Unknown,Laborers,40,7,0,18,1
Unknown,135000,Unknown,Unknown,Married,Private Service Staff,29,1,0,19,1
Female,202500,Unknown,Unknown,Married,High Skill Tech Staff,40,7,0,7,1
Female,234000,Unknown,Higher Education,Civil Marriage,Unknown,61,15,1,18,1
Female,126000,Unknown,Higher Education,Unknown,Unknown,28,2,0,31,1
Male,180000,Unknown,Unknown,Civil Marriage,Laborers,40,10,0,33,1
Unknown,202500,Unknown,Unknown,Unknown,Core Staff,48,5,1,18,1
Male,135000,Unknown,Secondary / Secondary Special,Married,Unknown,40,4,0,18,1
Unknown,108000,Working,Secondary / Secondary Special,Unknown,Sales Staff,36,4,0,2,1
Unknown,225000,Unknown,Higher Education,Married,High Skill Tech Staff,42,5,0,18,1
Male,225000,Working,Higher Education,Unknown,Unknown,35,6,0,9,1
Unknown,157500,Working,Secondary / Secondary Special,Married,Laborers,40,1,0,6,1
Female,135000,Unknown,Secondary / Secondary Special,Married,Sales Staff,32,2,0,47,1
Unknown,148500,Commercial Associate,Secondary / Secondary Special,Married,Unknown,44,13,0,1,1
Male,292500,Unknown,Unknown,Unknown,Managers,29,7,0,18,1
Male,310500,Unknown,Higher Education,Unknown,Unknown,31,9,0,23,1
Female,256500,Unknown,Unknown,Married,Unknown,49,4,0,18,1
Male,202500,Unknown,Secondary / Secondary Special,Unknown,Drivers,53,11,0,31,1
Unknown,157500,Commercial Associate,Secondary / Secondary Special,Unknown,Laborers,50,2,0,36,1
Male,180000,Working,Secondary / Secondary Special,Married,Laborers,28,4,0,20,1
Unknown,157500,Unknown,Unknown,Married,Sales Staff,40,7,0,2,1
Male,157500,Working,Unknown,Unknown,Unknown,40,5,0,18,1
Unknown,157500,Working,Secondary / Secondary Special,Married,Core Staff,46,7,0,8,1
Male,144000,Working,Secondary / Secondary Special,Married,Laborers,37,7,0,10,1
Unknown,135000,Working,Unknown,Married,Unknown,30,6,0,16,1
Male,247500,Working,Secondary / Secondary Special,Unknown,High Skill Tech Staff,45,15,0,34,1
Male,270000,Commercial Associate,Secondary / Secondary Special,Unknown,Unknown,40,15,0,18,1
Unknown,99000,Unknown,Secondary / Secondary Special,Married,Laborers,40,23,0,18,1
Unknown,261000,Commercial Associate,Unknown,Unknown,Unknown,40,3,1,18,1
Unknown,126000,Commercial Associate,Secondary / Secondary Special,Married,Core Staff,40,3,0,18,1
Unknown,202500,Working,Secondary / Secondary Special,Single / Not Married,Core Staff,40,7,0,37,1
Male,270000,Working,Secondary / Secondary Special,Civil Marriage,Drivers,45,7,0,36,1
Female,315000,Commercial Associate,Secondary / Secondary Special,Unknown,Unknown,50,7,0,5,1
Female,292500,Commercial Associate,Unknown,Married,Sales Staff,40,10,0,49,1
Female,67500,Working,Secondary / Secondary Special,Married,Unknown,42,7,0,17,1
Male,135000,Unknown,Secondary / Secondary Special,Married,Laborers,40,7,0,13,1
Unknown,405000,Unknown,Higher Education,Unknown,Laborers,56,7,0,24,1
Unknown,391500,Working,Secondary / Secondary Special,Unknown,Core Staff,40,7,0,18,1
Male,315000,Commercial Associate,Higher Education,Married,Unknown,33,7,0,18,1
Female,67500,Working,Secondary / Secondary Special,Unknown,Laborers,40,7,0,14,1
Female,166500,Working,Unknown,Married,Laborers,34,9,1,18,1
Male,135000,Working,Unknown,Married,Laborers,38,7,0,12,1
Female,387000,Working,Higher Education,Married,Managers,40,8,0,18,1
Female,130500,Working,Secondary / Secondary Special,Unknown,Unknown,38,16,0,18,1
Unknown,198000,Unknown,Unknown,Unknown,Unknown,24,4,0,15,1
Female,207000,Working,Secondary / Secondary Special,Single / Not Married,Cooking Staff,51,7,0,18,1
Unknown,216000,Working,Higher Education,Single / Not Married,Core Staff,29,5,0,18,1
Male,135000,Working,Secondary / Secondary Special,Unknown,Drivers,40,2,0,18,1
Unknown,67500,Unknown,Secondary / Secondary Special,Unknown,Laborers,62,6,1,34,1
Unknown,135000,Commercial Associate,Unknown,Married,Cooking Staff,26,7,0,3,1
Unknown,135000,Unknown,Higher Education,Married,Laborers,40,7,0,18,1
Unknown,85500,State Servant,Secondary / Secondary Special,Separated,Unknown,46,7,0,18,1
Male,157500,Unknown,Unknown,Separated,Unknown,42,1,7,35,1
Female,144000,Unknown,Higher Education,Unknown,Secretaries,40,7,0,18,1
Female,238500,Unknown,Unknown,Married,Laborers,40,7,15,45,1
Male,360000,Commercial Associate,Unknown,Unknown,Unknown,40,7,0,18,1
Female,112500,Working,Secondary / Secondary Special,Unknown,Cooking Staff,40,4,0,18,1
Male,67500,Unknown,Secondary / Secondary Special,Married,Unknown,62,6,0,18,1
Male,130500,Unknown,Unknown,Married,Unknown,40,7,0,7,1
Male,405000,Unknown,Higher Education,Married,Managers,30,2,0,18,1
Unknown,90000,Unknown,Incomplete Higher,Married,Unknown,52,7,0,3,1
Male,180000,Unknown,Unknown,Married,Unknown,28,2,0,18,1
Unknown,117000,Working,Secondary / Secondary Special,Unknown,Laborers,49,7,0,54,1
Female,270000,Unknown,Higher Education,Married,Accountants,55,7,0,18,1
Unknown,405000,Unknown,Higher Education,Unknown,Laborers,56,7,0,24,1
Male,360000,Working,Secondary / Secondary Special,Married,Laborers,40,3,0,12,1
Unknown,265500,Working,Unknown,Married,Unknown,44,10,13,33,1
Male,112500,Commercial Associate,Unknown,Married,Unknown,40,7,1,27,1
Female,81000,Working,Secondary / Secondary Special,Unknown,Laborers,40,7,0,18,1
Female,112500,Unknown,Unknown,Widow,Unknown,47,12,0,18,1
Male,270000,Working,Secondary / Secondary Special,Married,Drivers,40,7,0,11,1
Female,202500,Commercial Associate,Unknown,Civil Marriage,Accountants,39,7,5,18,1
Female,157500,Unknown,Secondary / Secondary Special,Married,Unknown,54,7,0,18,1
Unknown,180000,Working,Unknown,Married,Laborers,40,7,0,30,1
Unknown,90000,Unknown,Unknown,Unknown,Unknown,40,2,0,18,1
Unknown,202500,Unknown,Secondary / Secondary Special,Married,Drivers,55,7,0,18,1
Female,157500,Unknown,Secondary / Secondary Special,Unknown,Laborers,40,7,0,33,1
Unknown,135000,Unknown,Higher Education,Unknown,Unknown,36,7,0,18,1
Female,270000,Unknown,Unknown,Married,Managers,36,7,0,3,1
Female,202500,State Servant,Unknown,Widow,Unknown,63,25,0,18,1
Male,180000,Unknown,Higher Education,Single / Not Married,Unknown,40,7,1,18,1
Unknown,81000,Working,Secondary / Secondary Special,Civil Marriage,Unknown,25,4,0,8,1
Unknown,360000,Working,Secondary / Secondary Special,Married,Unknown,40,7,0,18,1
Female,112500,Unknown,Secondary / Secondary Special,Widow,Cooking Staff,54,7,0,18,1
Unknown,157500,Working,Unknown,Married,Unknown,40,7,0,5,1
Female,157500,Unknown,Secondary / Secondary Special,Unknown,Sales Staff,33,6,0,18,1
Female,180000,Unknown,Secondary / Secondary Special,Unknown,Unknown,38,5,0,37,1
Female,225000,Commercial Associate,Unknown,Single / Not Married,Core Staff,31,4,0,18,1
Unknown,315000,Unknown,Higher Education,Married,Managers,46,7,0,25,1
Female,225000,Working,Unknown,Civil Marriage,Unknown,35,7,0,18,1
Male,157500,Unknown,Higher Education,Separated,Managers,40,4,0,53,1
Female,135000,Working,Unknown,Married,Cleaning Staff,56,5,0,3,1
Unknown,292500,Working,Unknown,Unknown,Unknown,40,7,0,43,1
Female,157500,Unknown,Unknown,Married,Accountants,40,1,0,43,1
Unknown,135000,Commercial Associate,Secondary / Secondary Special,Unknown,Unknown,49,7,0,18,1
Male,157500,Unknown,Secondary / Secondary Special,Unknown,Drivers,26,4,1,18,1
Female,225000,Unknown,Higher Education,Unknown,Sales Staff,30,1,0,18,1
Male,202500,Working,Secondary / Secondary Special,Unknown,Laborers,40,7,0,35,1
Female,81000,Unknown,Secondary / Secondary Special,Married,Sales Staff,55,1,0,6,1
Unknown,112500,Working,Secondary / Secondary Special,Married,Unknown,40,7,0,11,1
Female,81000,Working,Secondary / Secondary Special,Civil Marriage,Unknown,33,8,0,38,1
Female,202500,Unknown,Secondary / Secondary Special,Unknown,Medicine Staff,41,7,0,31,1
Female,81000,Working,Unknown,Civil Marriage,Unknown,33,8,3,18,1
Unknown,81000,Working,Unknown,Married,Medicine Staff,47,29,0,15,1
Unknown,445500,Commercial Associate,Higher Education,Unknown,Managers,35,7,0,18,1
Male,157500,Commercial Associate,Unknown,Unknown,Managers,43,7,0,20,1
Unknown,180000,Working,Unknown,Married,Laborers,34,12,0,18,1
Unknown,360000,Commercial Associate,Unknown,Married,Accountants,46,9,0,26,1
Female,135000,Unknown,Secondary / Secondary Special,Single / Not Married,Sales Staff,36,2,0,4,1
Female,135000,Unknown,Unknown,Married,Unknown,35,4,0,5,1
Female,270000,Unknown,Secondary / Secondary Special,Married,Waiters/Barmen Staff,56,4,0,18,1
Unknown,234000,Commercial Associate,Secondary / Secondary Special,Married,Unknown,30,5,0,18,1
Unknown,229500,Working,Incomplete Higher,Unknown,Unknown,51,7,0,13,1
Female,180000,Working,Unknown,Married,Unknown,23,4,0,18,1
Male,112500,Unknown,Unknown,Married,Unknown,37,7,0,6,1
Female,108000,Unknown,Unknown,Married,High Skill Tech Staff,44,25,0,44,1
Female,225000,Commercial Associate,Secondary / Secondary Special,Single / Not Married,High Skill Tech Staff,40,7,0,10,1
Female,157500,State Servant,Unknown,Married,Core Staff,32,3,0,18,1
Male,360000,Unknown,Higher Education,Single / Not Married,Unknown,27,2,0,4,1
Unknown,225000,Working,Unknown,Married,Unknown,28,7,0,10,1
Male,202500,Unknown,Unknown,Unknown,Core Staff,24,7,0,2,1
Unknown,315000,Working,Unknown,Married,Unknown,40,7,0,13,1
Female,67500,Working,Secondary / Secondary Special,Unknown,Sales Staff,34,7,0,11,1
Female,202500,Working,Higher Education,Married,Unknown,52,7,0,8,1
Unknown,292500,Unknown,Unknown,Married,Unknown,29,3,0,9,1
Female,81000,State Servant,Unknown,Married,Medicine Staff,40,7,0,18,1
Female,157500,Commercial Associate,Unknown,Unknown,Unknown,46,4,0,18,1
Male,135000,Unknown,Unknown,Unknown,Unknown,40,7,0,18,1
Female,112500,Unknown,Secondary / Secondary Special,Married,Laborers,40,7,0,61,1
Unknown,135000,Unknown,Unknown,Unknown,Private Service Staff,29,1,0,18,1
Female,157500,Unknown,Secondary / Secondary Special,Unknown,Laborers,50,7,0,13,1
Unknown,176175,Unknown,Secondary / Secondary Special,Married,Core Staff,40,2,0,18,1
Female,135000,Commercial Associate,Higher Education,Widow,Unknown,37,7,0,8,1
Female,315000,State Servant,Secondary / Secondary Special,Unknown,Unknown,31,7,0,18,1
Female,153000,Working,Secondary / Secondary Special,Married,Security Staff,41,8,0,18,1
Female,112500,Working,Incomplete Higher,Unknown,Unknown,40,1,0,18,1
Male,238500,Commercial Associate,Secondary / Secondary Special,Unknown,Security Staff,25,1,0,18,1
Male,135000,Unknown,Unknown,Married,Unknown,37,7,0,18,1
Male,193500,Unknown,Unknown,Married,Unknown,29,7,0,6,1
Female,180000,Commercial Associate,Unknown,Unknown,Cleaning Staff,40,1,0,18,1
Unknown,247500,Commercial Associate,Unknown,Unknown,Drivers,26,7,0,24,1
Unknown,202500,Commercial Associate,Unknown,Civil Marriage,Unknown,51,7,0,25,1
Unknown,121500,Working,Secondary / Secondary Special,Married,Unknown,61,6,0,18,1
Unknown,90000,Unknown,Higher Education,Married,Unknown,49,7,0,18,1
Male,450000,Working,Secondary / Secondary Special,Married,Sales Staff,44,13,0,5,1
Male,135000,Working,Secondary / Secondary Special,Married,Unknown,46,7,0,18,1
Unknown,135000,Working,Unknown,Married,Unknown,40,5,0,18,1
Female,333000,Commercial Associate,Higher Education,Unknown,Managers,32,7,0,18,1
Male,157500,Unknown,Secondary / Secondary Special,Married,Drivers,59,7,0,8,1
Unknown,180000,Working,Secondary / Secondary Special,Single / Not Married,Laborers,40,5,0,18,1
Unknown,391500,Working,Unknown,Married,Unknown,40,7,1,42,1
Male,202500,Commercial Associate,Higher Education,Married,Unknown,36,4,0,22,1
Female,135000,Commercial Associate,Higher Education,Married,Laborers,40,7,0,18,1
Male,157500,Working,Secondary / Secondary Special,Unknown,Unknown,40,8,1,18,1
Female,135000,Working,Secondary / Secondary Special,Unknown,Unknown,40,1,0,26,1
Male,135000,Working,Secondary / Secondary Special,Married,Unknown,40,1,0,48,1
Male,112500,Working,Secondary / Secondary Special,Unknown,Drivers,42,5,0,31,1
Male,99000,Unknown,Unknown,Civil Marriage,Laborers,40,7,0,18,1
Female,112500,Unknown,Secondary / Secondary Special,Unknown,Sales Staff,40,5,0,18,1
Unknown,261000,Unknown,Higher Education,Married,Core Staff,40,8,0,7,1
Female,225000,Unknown,Unknown,Unknown,Unknown,44,21,0,44,1
Unknown,112500,Working,Secondary / Secondary Special,Married,Sales Staff,48,5,0,18,1
Female,157500,Unknown,Unknown,Unknown,Unknown,40,4,0,2,1
Male,360000,Unknown,Unknown,Unknown,Sales Staff,40,7,0,18,1
Unknown,225000,Unknown,Unknown,Civil Marriage,Laborers,40,7,0,18,1
Unknown,283500,Unknown,Secondary / Secondary Special,Unknown,Unknown,40,7,0,31,1
Unknown,252000,Commercial Associate,Unknown,Unknown,Managers,42,2,0,3,1
Male,225000,Working,Unknown,Married,Unknown,35,12,0,18,1
Male,247500,Working,Incomplete Higher,Unknown,Unknown,24,7,0,4,1
Male,202500,Working,Unknown,Unknown,Laborers,28,7,0,6,1
Female,189000,Unknown,Secondary / Secondary Special,Married,Sales Staff,40,3,0,25,1
Female,103500,Unknown,Incomplete Higher,Unknown,Unknown,33,7,0,18,1
Male,315000,Working,Secondary / Secondary Special,Married,Unknown,35,5,0,18,1
Male,531000,Unknown,Higher Education,Unknown,Managers,42,22,0,26,1
Female,270000,Working,Secondary / Secondary Special,Separated,Core Staff,40,3,0,18,1
Unknown,135000,Commercial Associate,Secondary / Secondary Special,Civil Marriage,Unknown,34,7,0,48,1
Unknown,112500,Working,Secondary / Secondary Special,Unknown,Drivers,40,7,0,18,1
Female,126000,Unknown,Higher Education,Married,Core Staff,28,2,0,35,1
Male,157500,Unknown,Secondary / Secondary Special,Unknown,Sales Staff,43,11,0,8,1
Unknown,360000,Unknown,Unknown,Married,Unknown,40,4,0,18,1
Unknown,247500,Unknown,Unknown,Single / Not Married,Medicine Staff,28,4,0,18,1
Male,166500,Unknown,Unknown,Single / Not Married,Unknown,29,7,0,18,1
Unknown,90000,Commercial Associate,Unknown,Unknown,Laborers,32,9,1,18,1
Female,162000,Commercial Associate,Incomplete Higher,Unknown,Core Staff,27,3,0,18,1
Female,180000,Working,Unknown,Married,Laborers,40,3,0,57,1
Unknown,292500,Unknown,Unknown,Married,Unknown,51,7,0,18,1
Female,135000,Working,Secondary / Secondary Special,Married,Unknown,40,6,0,18,1
Unknown,292500,State Servant,Unknown,Married,Managers,40,7,0,18,1
Female,76500,Working,Higher Education,Married,Sales Staff,44,3,0,3,1
Female,112500,Working,Unknown,Unknown,Unknown,30,4,0,18,1
Female,130500,Working,Unknown,Married,Sales Staff,43,10,0,18,1
Female,202500,Working,Secondary / Secondary Special,Unknown,Sales Staff,33,9,0,35,1
Female,144000,Working,Unknown,Married,Unknown,40,7,0,18,1
Female,139500,Working,Unknown,Married,Unknown,37,7,1,18,1
Unknown,112500,Unknown,Higher Education,Married,Accountants,40,7,8,18,1
Unknown,180000,Working,Secondary / Secondary Special,Unknown,Sales Staff,40,7,0,45,1
Female,135000,Unknown,Unknown,Married,Laborers,51,7,0,43,1
Male,315000,Working,Unknown,Unknown,Unknown,36,7,0,18,1
Male,112500,Working,Secondary / Secondary Special,Married,Laborers,28,3,0,18,1
Unknown,202500,Working,Secondary / Secondary Special,Unknown,Medicine Staff,36,7,0,18,1
Unknown,135000,Unknown,Unknown,Married,Accountants,40,3,0,18,1
Unknown,180000,Unknown,Secondary / Secondary Special,Unknown,Unknown,40,5,0,18,1
Male,180000,Unknown,Unknown,Married,Laborers,60,3,0,61,1
Female,292500,Working,Higher Education,Married,Unknown,52,26,0,10,1
Female,94500,Unknown,Unknown,Single / Not Married,Laborers,43,7,0,18,1
Male,135000,Working,Secondary / Secondary Special,Unknown,Unknown,40,22,0,4,1
Unknown,202500,Working,Unknown,Married,Unknown,39,1,0,18,1
Male,202500,Working,Higher Education,Married,Unknown,33,2,0,18,1
Female,225000,Commercial Associate,Higher Education,Single / Not Married,Unknown,27,4,0,18,1
Unknown,135000,Unknown,Unknown,Married,Unknown,31,4,0,18,1
Male,135000,Working,Unknown,Unknown,Laborers,26,2,0,18,1
Unknown,180000,Commercial Associate,Secondary / Secondary Special,Married,Unknown,34,7,0,24,1
Female,121500,Unknown,Unknown,Unknown,Core Staff,27,7,0,8,1
Female,270000,Unknown,Secondary / Secondary Special,Single / Not Married,Sales Staff,53,9,0,5,1
Female,103500,Unknown,Unknown,Married,Laborers,51,2,0,50,1
Female,225000,Unknown,Unknown,Single / Not Married,Unknown,40,11,0,18,1
Unknown,337500,Commercial Associate,Unknown,Unknown,Unknown,40,1,0,12,1
Female,202500,State Servant,Secondary / Secondary Special,Single / Not Married,Unknown,64,7,0,18,1
Unknown,144000,Commercial Associate,Unknown,Married,Unknown,40,7,0,6,1
Male,81000,Unknown,Unknown,Married,High Skill Tech Staff,38,4,0,18,1
Unknown,225000,Working,Secondary / Secondary Special,Married,Unknown,34,2,0,18,1
Unknown,180000,Unknown,Unknown,Married,Sales Staff,40,4,0,17,1
Female,157500,Working,Higher Education,Unknown,Core Staff,34,5,0,18,1
Female,135000,Commercial Associate,Unknown,Married,Accountants,33,7,0,8,1
Unknown,144000,Unknown,Secondary / Secondary Special,Married,Laborers,46,2,0,18,1
Female,202500,Commercial Associate,Unknown,Married,Unknown,27,7,0,23,1
Male,234000,Working,Unknown,Married,Unknown,32,10,0,18,1
Female,144000,Working,Secondary / Secondary Special,Married,Unknown,31,7,0,6,1
Unknown,157500,Unknown,Secondary / Secondary Special,Married,Sales Staff,40,9,0,22,1
Male,360000,Commercial Associate,Unknown,Unknown,Waiters/Barmen Staff,40,7,0,6,1
Male,270000,Unknown,Secondary / Secondary Special,Unknown,Laborers,40,5,0,18,1
Male,180000,Unknown,Secondary / Secondary Special,Unknown,Drivers,41,4,0,18,1
Female,247500,Working,Incomplete Higher,Unknown,Accountants,54,4,0,18,1
Unknown,225000,Commercial Associate,Unknown,Unknown,Accountants,33,1,1,18,1
Unknown,180000,Working,Unknown,Unknown,Laborers,41,14,0,17,1
Male,144000,Unknown,Unknown,Married,Drivers,40,1,2,12,1
Unknown,103500,Working,Secondary / Secondary Special,Married,Medicine Staff,49,31,0,18,1
Female,135000,Working,Secondary / Secondary Special,Married,Private Service Staff,45,7,0,10,1
Female,121500,Unknown,Unknown,Married,Core Staff,37,15,0,6,1
Unknown,270000,State Servant,Higher Education,Married,Managers,40,1,1,31,1
Female,297000,Commercial Associate,Secondary / Secondary Special,Unknown,Laborers,43,9,1,18,1
Male,180000,Unknown,Higher Education,Married,Unknown,40,8,1,46,1
Female,157500,Working,Unknown,Married,Unknown,40,5,0,30,1
Female,360000,Unknown,Higher Education,Separated,Private Service Staff,50,7,0,18,1
Male,180000,Unknown,Secondary / Secondary Special,Unknown,Unknown,35,3,0,18,1
Female,360000,State Servant,Unknown,Unknown,Core Staff,40,6,0,3,1
Unknown,166500,Working,Higher Education,Unknown,High Skill Tech Staff,45,20,0,18,1
Female,135000,Working,Secondary / Secondary Special,Married,Laborers,44,16,0,18,1
Female,315000,Working,Unknown,Married,Medicine Staff,62,41,0,52,1
Female,243000,Unknown,Secondary / Secondary Special,Unknown,Sales Staff,41,7,0,40,1
Female,157500,Commercial Associate,Unknown,Unknown,High Skill Tech Staff,32,7,0,18,1
Unknown,81000,Unknown,Secondary / Secondary Special,Civil Marriage,Low-Skill Laborers,39,7,0,39,1
Male,270000,Unknown,Secondary / Secondary Special,Unknown,Unknown,40,4,0,18,1
Female,225000,Unknown,Secondary / Secondary Special,Married,Managers,40,24,0,18,1
Male,112500,Working,Higher Education,Unknown,High Skill Tech Staff,44,19,0,34,1
Female,112500,Commercial Associate,Higher Education,Single / Not Married,Laborers,25,1,0,5,1
Unknown,270000,Unknown,Higher Education,Unknown,Unknown,40,7,0,4,1
Male,112500,Commercial Associate,Secondary / Secondary Special,Married,Drivers,61,7,0,48,1
Female,90000,Unknown,Secondary / Secondary Special,Single / Not Married,Unknown,25,3,0,12,1
Male,234000,State Servant,Secondary / Secondary Special,Married,Laborers,29,9,2,18,1
Male,292500,State Servant,Unknown,Married,Core Staff,47,7,0,23,1
Unknown,270000,State Servant,Higher Education,Unknown,Accountants,32,7,0,27,1
Unknown,67500,Unknown,Unknown,Unknown,Sales Staff,55,20,0,18,1
Female,144000,Unknown,Higher Education,Married,Accountants,40,7,0,15,1
Female,157500,Unknown,Unknown,Civil Marriage,Unknown,40,4,0,18,1
Female,135000,Unknown,Higher Education,Unknown,Unknown,28,2,0,28,1
Male,225000,Working,Secondary / Secondary Special,Married,Unknown,40,12,0,60,1
Male,225000,Unknown,Unknown,Civil Marriage,Laborers,46,9,0,7,1
Male,315000,Unknown,Secondary / Secondary Special,Married,Unknown,50,7,0,12,1
Unknown,252000,Working,Secondary / Secondary Special,Separated,Medicine Staff,51,21,0,18,1
Female,180000,Working,Unknown,Civil Marriage,Sales Staff,40,7,0,14,1
Female,112500,Unknown,Unknown,Unknown,Laborers,36,7,0,19,1
Unknown,180000,Commercial Associate,Unknown,Unknown,Unknown,40,7,2,17,1
Unknown,180000,Commercial Associate,Unknown,Married,Security Staff,40,10,1,18,1
Female,180000,State Servant,Secondary / Secondary Special,Unknown,Medicine Staff,40,12,0,3,1
Unknown,112500,Working,Unknown,Married,Unknown,29,7,0,18,1
Male,171000,Working,Unknown,Unknown,Laborers,40,7,0,8,1
Female,67500,Unknown,Unknown,Married,Sales Staff,46,2,0,30,1
Male,112500,Working,Unknown,Separated,Unknown,40,5,0,13,1
Unknown,180000,Commercial Associate,Secondary / Secondary Special,Separated,Core Staff,51,7,0,18,1
Unknown,67500,Unknown,Secondary / Secondary Special,Married,Laborers,40,7,0,14,1
Unknown,99000,Working,Secondary / Secondary Special,Married,Unknown,43,23,0,18,1
Unknown,270000,Commercial Associate,Secondary / Secondary Special,Married,Drivers,31,9,0,30,1
Unknown,135000,Working,Secondary / Secondary Special,Unknown,Unknown,29,9,0,18,1
Female,180000,Commercial Associate,Secondary / Secondary Special,Unknown,Core Staff,43,19,0,27,1
Female,135000,Commercial Associate,Secondary / Secondary Special,Unknown,Core Staff,47,7,0,18,1
Female,81000,Unknown,Secondary / Secondary Special,Married,Unknown,37,3,0,13,1
Male,180000,Working,Unknown,Unknown,Laborers,30,5,0,18,1
Unknown,405000,Unknown,Unknown,Unknown,Unknown,40,7,0,7,1
Male,270000,Unknown,Secondary / Secondary Special,Unknown,Unknown,27,7,0,22,1
Unknown,405000,Unknown,Secondary / Secondary Special,Unknown,Accountants,40,11,0,18,1
Female,112500,State Servant,Unknown,Married,Unknown,40,3,0,18,1
Male,180000,Commercial Associate,Unknown,Unknown,Core Staff,29,7,0,18,1
Female,90000,Working,Unknown,Unknown,Unknown,55,7,1,24,1
Male,180000,Working,Unknown,Unknown,Drivers,49,7,0,26,1
Female,315000,Working,Secondary / Secondary Special,Unknown,Medicine Staff,62,41,0,34,1
Unknown,135000,Commercial Associate,Secondary / Secondary Special,Unknown,Laborers,36,1,0,9,1
Female,225000,Commercial Associate,Secondary / Secondary Special,Civil Marriage,Core Staff,46,6,0,6,1
Male,253800,Unknown,Higher Education,Married,Managers,40,9,0,22,1
Female,115200,Commercial Associate,Secondary / Secondary Special,Married,Laborers,41,2,0,22,1
Male,270000,Unknown,Higher Education,Married,Laborers,40,4,0,15,1
Unknown,225000,Unknown,Unknown,Married,Laborers,33,5,0,18,1
Male,135000,Working,Secondary / Secondary Special,Unknown,Unknown,40,1,0,48,1
Unknown,180000,State Servant,Unknown,Unknown,Unknown,57,7,0,18,1
Unknown,202500,Commercial Associate,Secondary / Secondary Special,Unknown,Unknown,43,5,1,18,1
Female,180000,Unknown,Unknown,Unknown,Unknown,40,2,0,2,1
Male,360000,Working,Secondary / Secondary Special,Married,Unknown,40,4,0,19,1
Male,315000,Unknown,Unknown,Unknown,Unknown,40,7,0,18,1
Female,153000,Unknown,Secondary / Secondary Special,Married,High Skill Tech Staff,54,28,0,18,1
Unknown,144000,Working,Unknown,Unknown,Laborers,40,7,0,35,1
Male,90000,Unknown,Secondary / Secondary Special,Married,Unknown,51,7,0,29,1
Female,225000,Unknown,Secondary / Secondary Special,Married,Managers,48,6,0,18,1
Unknown,270000,Unknown,Unknown,Unknown,Drivers,40,4,0,22,1
Male,135000,Unknown,Unknown,Unknown,Unknown,26,2,0,18,1
Unknown,67500,Unknown,Unknown,Married,Unknown,54,7,0,26,1
Unknown,247500,Working,Unknown,Separated,Laborers,38,6,0,8,1
Male,112500,Unknown,Unknown,Unknown,Drivers,35,7,0,35,1
Male,135000,Working,Secondary / Secondary Special,Unknown,Unknown,40,7,0,18,1
Unknown,90000,Working,Secondary / Secondary Special,Unknown,Medicine Staff,40,7,0,18,1
Male,261000,State Servant,Unknown,Married,Core Staff,31,8,0,31,1
Female,54000,Commercial Associate,Higher Education,Unknown,Unknown,36,7,0,3,1
Male,270000,Unknown,Unknown,Married,Laborers,57,1,0,18,1
Female,270000,Commercial Associate,Unknown,Unknown,Sales Staff,42,7,0,18,1
Male,202500,Working,Secondary / Secondary Special,Married,Laborers,40,7,0,26,1
Female,270000,Working,Secondary / Secondary Special,Married,Unknown,39,4,0,18,1
Unknown,360000,Commercial Associate,Unknown,Unknown,Managers,47,8,0,56,1
Female,112500,Unknown,Unknown,Married,Unknown,40,7,0,18,1
Unknown,135000,Unknown,Unknown,Unknown,Sales Staff,40,7,0,15,1
Female,180000,Working,Higher Education,Unknown,Secretaries,64,6,0,10,1
Unknown,135000,Unknown,Secondary / Secondary Special,Unknown,Unknown,40,7,0,18,1
Female,247500,Commercial Associate,Unknown,Unknown,Managers,40,7,0,18,1
Male,180000,Commercial Associate,Secondary / Secondary Special,Separated,Unknown,35,3,0,22,1
Unknown,112500,Unknown,Unknown,Civil Marriage,Unknown,40,7,0,18,1
Male,148500,State Servant,Unknown,Unknown,Unknown,36,7,0,18,1
Female,157500,Unknown,Unknown,Unknown,High Skill Tech Staff,40,7,0,18,1
Male,247500,Unknown,Secondary / Secondary Special,Unknown,Unknown,40,7,0,40,1
Female,90000,Working,Unknown,Unknown,Unknown,40,7,0,19,1
Unknown,202500,Working,Secondary / Secondary Special,Single / Not Married,Unknown,40,7,0,16,1
Unknown,67500,Working,Secondary / Secondary Special,Unknown,Cleaning Staff,40,1,0,26,1
Female,90000,Working,Unknown,Unknown,Unknown,40,10,0,15,1
Female,135000,Unknown,Higher Education,Married,Sales Staff,47,6,0,18,1
Female,126000,Working,Higher Education,Unknown,Unknown,40,7,1,18,1
Unknown,180000,State Servant,Unknown,Civil Marriage,Unknown,46,7,0,31,1
Unknown,135000,Unknown,Unknown,Unknown,Unknown,40,9,0,44,1
Unknown,560250,Unknown,Secondary / Secondary Special,Single / Not Married,Sales Staff,40,7,0,17,1
Unknown,202500,Unknown,Secondary / Secondary Special,Single / Not Married,Core Staff,40,6,0,29,1
Female,99000,Unknown,Incomplete Higher,Married,Sales Staff,40,7,1,18,1
Unknown,216000,Commercial Associate,Secondary / Secondary Special,Unknown,Unknown,40,12,0,26,1
Male,337500,Unknown,Higher Education,Unknown,Managers,40,7,0,18,1
Male,135000,Working,Unknown,Unknown,Unknown,29,4,0,18,1
Female,103500,Unknown,Unknown,Married,It Staff,40,2,2,19,1
Male,112500,Working,Secondary / Secondary Special,Married,Unknown,40,2,0,5,1
Female,247500,Unknown,Secondary / Secondary Special,Married,Laborers,40,7,0,18,1
Female,202500,Working,Unknown,Married,Unknown,40,3,0,18,1
Female,135000,Unknown,Unknown,Married,Laborers,37,8,0,18,1
Female,247500,Working,Higher Education,Unknown,Managers,40,7,0,18,1
Male,225000,Commercial Associate,Secondary / Secondary Special,Married,Unknown,42,7,0,17,1
Female,225000,Commercial Associate,Secondary / Secondary Special,Married,Unknown,39,7,0,5,1
Female,560250,Working,Unknown,Unknown,Sales Staff,36,7,0,18,1
Female,270000,Unknown,Unknown,Separated,Sales Staff,40,3,0,18,1
Female,112500,Commercial Associate,Unknown,Separated,Unknown,40,7,0,31,1
Unknown,157500,Working,Unknown,Single / Not Married,Laborers,57,4,0,28,1
Female,157500,Working,Higher Education,Married,Sales Staff,32,7,0,45,1
Unknown,135000,Working,Unknown,Unknown,Unknown,37,8,0,20,1
Unknown,135000,Working,Secondary / Secondary Special,Unknown,Unknown,40,12,0,18,1
Female,180000,Unknown,Higher Education,Married,Core Staff,40,7,0,18,1
Female,171000,Working,Secondary / Secondary Special,Married,Unknown,38,10,0,39,1
Unknown,135000,Commercial Associate,Higher Education,Unknown,Core Staff,34,12,0,8,1
Female,270000,Working,Unknown,Married,Drivers,51,7,0,45,1
Female,112500,Unknown,Unknown,Married,Laborers,40,5,0,18,1
Male,315000,Working,Secondary / Secondary Special,Unknown,Unknown,40,7,0,18,1
Unknown,112500,Unknown,Unknown,Married,Core Staff,38,7,0,18,1
Female,225000,Unknown,Unknown,Unknown,Sales Staff,40,7,0,18,1
Unknown,67500,Unknown,Secondary / Secondary Special,Unknown,Unknown,43,5,0,18,1
Female,126000,Unknown,Incomplete Higher,Single / Not Married,Unknown,40,15,0,34,1
Female,157500,Working,Unknown,Single / Not Married,Unknown,40,6,0,18,1
Unknown,135000,Working,Unknown,Married,Laborers,40,7,2,18,1
Male,234000,Working,Unknown,Married,High Skill Tech Staff,40,7,0,18,1
Unknown,180000,Unknown,Higher Education,Married,Unknown,27,7,0,23,1
Female,123750,Unknown,Unknown,Married,Unknown,46,7,0,18,1
Unknown,112500,Working,Secondary / Secondary Special,Unknown,Laborers,50,7,0,18,1
Male,292500,Commercial Associate,Higher Education,Single / Not Married,Sales Staff,40,4,0,29,1
Female,270000,State Servant,Higher Education,Unknown,Unknown,40,23,0,18,1
Unknown,135000,Unknown,Lower Secondary,Married,High Skill Tech Staff,40,2,0,37,1
Unknown,67500,Working,Unknown,Single / Not Married,Laborers,54,6,0,5,1
Unknown,180000,Unknown,Unknown,Unknown,Laborers,40,7,0,8,1
Male,270000,Working,Unknown,Married,Laborers,40,7,0,13,1
Unknown,180000,Unknown,Unknown,Married,Unknown,38,7,0,15,1
Male,315000,Commercial Associate,Unknown,Unknown,Unknown,34,11,0,24,1
Unknown,112500,Unknown,Unknown,Unknown,Unknown,27,7,0,8,1
Female,67500,Unknown,Secondary / Secondary Special,Married,Laborers,36,3,0,14,1
Unknown,270000,Working,Secondary / Secondary Special,Unknown,Unknown,50,4,0,18,1
Unknown,243000,State Servant,Unknown,Unknown,Core Staff,40,7,0,26,1
Unknown,247500,Unknown,Secondary / Secondary Special,Unknown,Unknown,40,2,0,55,1
Unknown,157500,Working,Secondary / Secondary Special,Unknown,Drivers,45,4,0,21,1
Female,337500,Working,Secondary / Secondary Special,Unknown,Unknown,36,10,0,17,1
Male,472500,Unknown,Secondary / Secondary Special,Married,Unknown,40,10,0,11,1
Unknown,387000,Working,Unknown,Unknown,Unknown,40,7,0,18,1
Unknown,450000,Unknown,Higher Education,Single / Not Married,Core Staff,40,9,0,8,1
Male,202500,Working,Secondary / Secondary Special,Married,Unknown,40,7,0,18,1
Unknown,180000,Working,Higher Education,Unknown,Unknown,30,7,0,18,1
Female,112500,State Servant,Unknown,Unknown,Medicine Staff,40,3,0,13,1
Unknown,90000,State Servant,Unknown,Unknown,Drivers,40,17,0,18,1
Female,157500,Commercial Associate,Higher Education,Married,High Skill Tech Staff,34,4,1,18,1
Male,180000,Unknown,Unknown,Unknown,Unknown,40,7,0,18,1
Unknown,225000,Working,Unknown,Unknown,Unknown,30,2,0,12,1
Female,135000,Working,Unknown,Married,High Skill Tech Staff,45,2,0,18,1
Unknown,360000,Unknown,Unknown,Unknown,Managers,35,12,0,51,1
Female,90000,Unknown,Unknown,Married,Medicine Staff,39,7,0,38,1
Male,225000,Commercial Associate,Secondary / Secondary Special,Married,Unknown,42,9,0,11,1
Unknown,139500,Unknown,Secondary / Secondary Special,Married,Laborers,40,7,0,51,1
Female,225000,Commercial Associate,Unknown,Married,Unknown,40,1,0,5,1
Unknown,292500,Commercial Associate,Higher Education,Unknown,Sales Staff,28,7,0,17,1
Male,252000,Unknown,Higher Education,Married,Unknown,40,8,0,25,1
Unknown,247500,Unknown,Higher Education,Unknown,Unknown,32,8,0,21,1
Unknown,292500,Unknown,Secondary / Secondary Special,Unknown,Unknown,40,7,0,44,1
Unknown,94500,State Servant,Unknown,Civil Marriage,Core Staff,40,1,0,38,1
Unknown,81000,Commercial Associate,Unknown,Unknown,Laborers,39,7,0,18,1
Female,202500,Commercial Associate,Secondary / Secondary Special,Unknown,Accountants,51,7,0,4,1
Unknown,225000,Working,Secondary / Secondary Special,Married,Drivers,40,7,0,18,1
Female,315000,Commercial Associate,Higher Education,Married,Accountants,40,3,0,18,1
Male,315000,Unknown,Secondary / Secondary Special,Married,Unknown,40,7,0,18,1
Unknown,270000,Working,Secondary / Secondary Special,Married,Laborers,40,7,0,24,1
Unknown,81000,Unknown,Secondary / Secondary Special,Single / Not Married,Unknown,29,7,0,18,1
Unknown,67500,Unknown,Unknown,Unknown,Sales Staff,55,20,0,18,1
Unknown,225000,Unknown,Secondary / Secondary Special,Unknown,Laborers,40,7,0,8,1
Male,270000,Unknown,Unknown,Civil Marriage,Unknown,40,3,0,13,1
Female,112500,Working,Unknown,Unknown,Sales Staff,40,10,0,18,1
Female,112500,Unknown,Unknown,Unknown,High Skill Tech Staff,44,4,0,18,1
Female,108000,Working,Unknown,Married,Unknown,40,4,0,10,1
Unknown,126000,Unknown,Secondary / Secondary Special,Unknown,Core Staff,29,3,0,12,1
Male,270000,Unknown,Unknown,Unknown,Unknown,40,2,0,12,1
Female,112500,Unknown,Unknown,Married,Laborers,32,4,3,18,1
Female,180000,Commercial Associate,Incomplete Higher,Married,High Skill Tech Staff,41,21,0,4,1
Male,180000,Working,Secondary / Secondary Special,Married,Drivers,40,7,0,23,1
Female,112500,Working,Secondary / Secondary Special,Single / Not Married,Medicine Staff,26,7,4,18,1
Unknown,112500,Unknown,Secondary / Secondary Special,Married,Laborers,39,2,0,18,1
Male,121500,Unknown,Unknown,Single / Not Married,Unknown,26,1,0,25,1
Female,247500,Working,Secondary / Secondary Special,Unknown,Unknown,40,16,0,29,1
Unknown,180000,Unknown,Secondary / Secondary Special,Unknown,Managers,40,13,0,18,1
Female,270000,State Servant,Unknown,Separated,Medicine Staff,54,34,0,18,1
Female,180000,Unknown,Secondary / Secondary Special,Single / Not Married,High Skill Tech Staff,40,2,0,18,1
Female,135000,Unknown,Secondary / Secondary Special,Unknown,Unknown,28,7,0,18,1
Female,270000,Unknown,Higher Education,Married,Secretaries,43,7,0,15,1
Male,157500,Working,Secondary / Secondary Special,Married,Private Service Staff,39,7,0,18,1
Unknown,108000,Working,Secondary / Secondary Special,Married,Unknown,40,17,0,7,1
Female,112500,Working,Secondary / Secondary Special,Married,Laborers,57,9,0,14,1
Unknown,112500,Unknown,Secondary / Secondary Special,Civil Marriage,Cooking Staff,40,8,0,19,1
Male,360000,Working,Higher Education,Married,Managers,40,3,0,18,1
Female,54000,Unknown,Higher Education,Unknown,Sales Staff,36,1,0,18,1
Unknown,225000,Commercial Associate,Unknown,Single / Not Married,Unknown,40,5,0,18,1
Female,180000,Commercial Associate,Unknown,Unknown,Laborers,45,7,0,18,1
Male,315000,Working,Higher Education,Married,Drivers,40,2,0,7,1
Male,180000,Unknown,Higher Education,Married,Laborers,40,5,0,12,1
Male,202500,State Servant,Unknown,Unknown,Unknown,40,12,0,18,1
Unknown,112500,Unknown,Unknown,Unknown,Managers,40,8,0,2,1
Male,157500,Unknown,Secondary / Secondary Special,Unknown,Laborers,40,13,0,49,1
Female,450000,Working,Higher Education,Civil Marriage,High Skill Tech Staff,48,10,0,8,1
Female,135000,Unknown,Unknown,Married,Laborers,55,7,0,33,1
Unknown,157500,State Servant,Secondary / Secondary Special,Unknown,Unknown,35,4,0,1,1
Female,337500,Unknown,Secondary / Secondary Special,Unknown,Core Staff,40,10,0,25,1
Female,112500,Working,Higher Education,Married,Core Staff,40,3,0,18,1
Female,112500,Unknown,Secondary / Secondary Special,Single / Not Married,Security Staff,40,7,0,4,1
Female,60750,Unknown,Unknown,Unknown,Core Staff,40,6,0,2,1
Female,144000,Working,Higher Education,Civil Marriage,Secretaries,37,1,0,16,1
Male,157500,Unknown,Unknown,Unknown,Drivers,43,6,0,18,1
Female,387000,Commercial Associate,Secondary / Secondary Special,Married,Unknown,42,7,0,20,1
Female,120150,Working,Higher Education,Married,Core Staff,26,4,0,29,1
Female,117000,Working,Unknown,Unknown,Cooking Staff,40,7,0,45,1
Unknown,270000,Unknown,Secondary / Secondary Special,Widow,Cooking Staff,52,2,0,6,1
Female,202500,Unknown,Higher Education,Unknown,Accountants,49,9,0,18,1
Unknown,270000,Unknown,Secondary / Secondary Special,Unknown,Unknown,33,7,0,27,1
Unknown,270000,Unknown,Secondary / Secondary Special,Married,Unknown,46,8,0,8,1
Female,202500,Working,Secondary / Secondary Special,Married,Cleaning Staff,40,2,0,18,1
Unknown,247500,Unknown,Unknown,Single / Not Married,Sales Staff,42,7,0,6,1
Unknown,130500,Unknown,Secondary / Secondary Special,Married,Unknown,54,32,0,18,1
Female,185400,Unknown,Secondary / Secondary Special,Married,Laborers,41,9,0,18,1
Male,180000,State Servant,Secondary / Secondary Special,Unknown,Laborers,44,23,0,10,1
Unknown,135000,Unknown,Unknown,Unknown,Sales Staff,44,7,0,18,1
Unknown,112500,Working,Secondary / Secondary Special,Married,Laborers,31,7,0,47,1
Female,90000,Unknown,Secondary / Secondary Special,Single / Not Married,Cooking Staff,40,4,0,32,1
Male,90000,Commercial Associate,Unknown,Civil Marriage,Laborers,40,5,0,18,1
Female,112500,Unknown,Higher Education,Unknown,Unknown,39,7,0,21,1
Unknown,135000,Unknown,Secondary / Secondary Special,Married,Drivers,48,11,0,24,1
Female,180000,Commercial Associate,Unknown,Single / Not Married,Core Staff,40,20,0,13,1
Female,360000,Unknown,Secondary / Secondary Special,Married,Managers,40,5,0,18,1
Female,171000,Working,Unknown,Married,Laborers,54,2,0,18,1
Unknown,67500,Working,Higher Education,Unknown,Unknown,33,4,0,49,1
Unknown,135000,Working,Secondary / Secondary Special,Unknown,Medicine Staff,45,15,0,18,1
Male,202500,Commercial Associate,Unknown,Unknown,Unknown,40,2,0,35,1
Female,135000,Unknown,Secondary / Secondary Special,Unknown,Laborers,45,7,7,41,1
Unknown,135000,Working,Secondary / Secondary Special,Unknown,Unknown,58,1,0,58,1
Unknown,176400,Unknown,Higher Education,Married,Sales Staff,40,1,0,4,1
Male,193500,Working,Unknown,Married,Core Staff,29,7,0,27,1
Female,135000,Working,Unknown,Married,Laborers,40,1,3,17,1
Unknown,202500,Working,Secondary / Secondary Special,Married,Sales Staff,33,10,0,23,1
Female,31500,Commercial Associate,Unknown,Married,Unknown,49,22,0,5,1
Female,225000,State Servant,Unknown,Unknown,Unknown,30,7,0,18,1
Male,135000,Working,Unknown,Unknown,Security Staff,31,1,0,18,1
Female,76500,Working,Secondary / Secondary Special,Unknown,Unknown,49,7,0,18,1
Female,270000,Commercial Associate,Unknown,Married,Unknown,40,7,0,15,1
Unknown,135000,Working,Secondary / Secondary Special,Married,Security Staff,40,4,0,18,1
Male,225000,Unknown,Higher Education,Single / Not Married,Unknown,28,7,0,29,1
Male,117000,Working,Secondary / Secondary Special,Unknown,Unknown,42,7,0,18,1
Female,135000,Unknown,Secondary / Secondary Special,Single / Not Married,Secretaries,40,12,0,24,1
Female,324000,Unknown,Unknown,Unknown,High Skill Tech Staff,40,5,0,4,1
Female,225000,Working,Unknown,Unknown,Unknown,45,2,0,28,1
Unknown,180000,Unknown,Secondary / Secondary Special,Unknown,Core Staff,40,21,0,18,1
Female,157500,State Servant,Unknown,Unknown,Core Staff,40,7,0,53,1
Unknown,337500,Unknown,Secondary / Secondary Special,Married,Unknown,31,6,0,18,1
Unknown,90000,Working,Secondary / Secondary Special,Married,High Skill Tech Staff,40,11,0,18,1
Female,73350,Unknown,Secondary / Secondary Special,Unknown,Medicine Staff,40,7,0,37,1
Unknown,157500,Working,Secondary / Secondary Special,Civil Marriage,Unknown,33,14,0,5,1
Male,225000,Unknown,Secondary / Secondary Special,Married,Drivers,36,6,0,24,1
Female,225000,Unknown,Unknown,Unknown,Core Staff,47,2,0,18,1
Unknown,166500,Unknown,Higher Education,Single / Not Married,Unknown,34,12,0,18,1
Male,112500,Working,Secondary / Secondary Special,Married,Unknown,52,10,0,8,1
Male,270000,Commercial Associate,Secondary / Secondary Special,Unknown,Drivers,40,7,0,18,1
Unknown,180000,Unknown,Unknown,Single / Not Married,Unknown,40,7,0,18,0
Unknown,256500,State Servant,Unknown,Married,Managers,39,7,0,18,1
Female,315000,Working,Unknown,Married,Laborers,40,17,0,18,1
Female,121500,Working,Unknown,Married,Unknown,40,1,0,18,1
Male,135000,Unknown,Incomplete Higher,Unknown,Unknown,40,14,0,18,1
Male,108000,Unknown,Unknown,Married,Unknown,40,3,0,44,1
Unknown,297000,Commercial Associate,Unknown,Single / Not Married,Unknown,43,7,0,18,1
Unknown,135000,Unknown,Unknown,Unknown,Drivers,51,4,0,18,1
Female,81000,Working,Higher Education,Married,Core Staff,30,4,0,27,1
Female,270000,Unknown,Higher Education,Married,Accountants,55,7,0,18,1
Female,225000,Unknown,Secondary / Secondary Special,Unknown,Private Service Staff,55,11,0,51,1
Unknown,225000,Unknown,Secondary / Secondary Special,Married,Drivers,40,7,0,21,1
Female,225000,Unknown,Secondary / Secondary Special,Married,Sales Staff,42,8,0,18,1
Unknown,216000,Unknown,Unknown,Married,High Skill Tech Staff,40,18,0,54,1
Female,90000,Unknown,Secondary / Secondary Special,Unknown,Medicine Staff,49,19,0,10,1
Female,112500,Unknown,Unknown,Married,Unknown,41,9,0,18,1
Female,247500,Working,Unknown,Unknown,Managers,39,7,0,18,1
Female,112500,Unknown,Secondary / Secondary Special,Married,Sales Staff,48,5,0,31,1
Female,157500,Unknown,Unknown,Widow,Unknown,60,7,0,18,1
Male,270000,Commercial Associate,Higher Education,Unknown,Managers,32,7,0,6,1
Female,121500,Working,Secondary / Secondary Special,Civil Marriage,Unknown,40,23,0,18,1
Unknown,234000,Working,Unknown,Unknown,Unknown,40,7,1,18,1
Male,495000,Unknown,Unknown,Single / Not Married,Managers,40,7,2,18,1
Female,157500,Commercial Associate,Unknown,Married,Unknown,52,2,0,18,1
Female,225000,Unknown,Secondary / Secondary Special,Widow,Sales Staff,53,6,0,31,1
Male,202500,Commercial Associate,Secondary / Secondary Special,Unknown,Unknown,52,10,0,18,1
Unknown,189000,Working,Secondary / Secondary Special,Married,High Skill Tech Staff,40,7,0,40,1
Unknown,180000,Unknown,Secondary / Secondary Special,Married,Laborers,40,9,1,44,1
Female,180000,Working,Higher Education,Separated,Unknown,40,7,0,18,1
Female,90000,Commercial Associate,Unknown,Married,Laborers,40,8,0,18,1
Unknown,207000,Unknown,Unknown,Unknown,Laborers,38,14,0,18,1
Male,270000,State Servant,Unknown,Married,Laborers,47,7,0,18,1
Male,270000,Unknown,Secondary / Secondary Special,Single / Not Married,Drivers,48,4,0,8,1
Unknown,135000,Commercial Associate,Unknown,Married,Unknown,36,2,0,16,1
Male,81000,Unknown,Secondary / Secondary Special,Married,Laborers,40,7,3,8,1
Female,180000,State Servant,Higher Education,Married,Core Staff,39,7,0,15,1
Female,135000,Unknown,Secondary / Secondary Special,Unknown,Unknown,49,5,0,18,1
Unknown,360000,Commercial Associate,Secondary / Secondary Special,Unknown,Unknown,40,7,0,7,1
Unknown,202500,Commercial Associate,Incomplete Higher,Unknown,Managers,59,1,0,18,1
Male,270000,Working,Secondary / Secondary Special,Unknown,Laborers,40,12,0,59,1
Female,135000,Working,Higher Education,Married,Laborers,37,7,0,20,1
Male,450000,Unknown,Unknown,Married,Unknown,40,5,0,18,1
Unknown,157500,Working,Incomplete Higher,Unknown,Unknown,40,7,0,30,1
Male,126000,Working,Unknown,Married,Laborers,40,2,0,34,1
Unknown,315000,Unknown,Unknown,Married,Core Staff,40,7,0,25,1
Female,135000,Working,Higher Education,Married,Laborers,37,7,0,18,1
Female,90000,Unknown,Unknown,Unknown,Medicine Staff,32,7,0,18,1
Male,135000,Working,Unknown,Unknown,Unknown,40,7,0,18,1
Female,135000,Working,Secondary / Secondary Special,Married,Cooking Staff,40,3,0,18,1
Unknown,90000,Working,Unknown,Single / Not Married,Laborers,38,3,0,4,1
Unknown,180000,Working,Secondary / Secondary Special,Married,Accountants,51,13,0,18,1
Female,121500,Working,Unknown,Married,Sales Staff,40,7,0,18,1
Unknown,180000,Unknown,Higher Education,Civil Marriage,Unknown,54,1,0,18,1
Unknown,99000,Working,Unknown,Married,Sales Staff,43,7,0,12,1
Unknown,157500,Commercial Associate,Unknown,Civil Marriage,Unknown,40,7,0,37,1
Male,247500,Working,Unknown,Unknown,Drivers,34,1,0,11,1
Unknown,180000,Unknown,Unknown,Married,Core Staff,41,5,0,18,1
Unknown,360000,Commercial Associate,Higher Education,Civil Marriage,Sales Staff,40,6,0,18,1
Unknown,112500,Working,Unknown,Married,Core Staff,40,7,0,18,1
Male,157500,Unknown,Higher Education,Married,Unknown,40,7,0,8,1
Unknown,130500,Unknown,Secondary / Secondary Special,Married,Unknown,43,10,0,14,1
Unknown,180000,Commercial Associate,Unknown,Unknown,Unknown,40,2,0,2,1
Male,315000,Unknown,Higher Education,Unknown,Managers,40,7,0,18,1
Male,247500,Unknown,Incomplete Higher,Unknown,Core Staff,26,2,0,7,1
Unknown,67500,Working,Secondary / Secondary Special,Married,Cooking Staff,40,8,0,32,1
Male,135000,Working,Secondary / Secondary Special,Single / Not Married,Laborers,26,2,0,18,1
Female,225000,Commercial Associate,Unknown,Unknown,Core Staff,49,7,0,44,1
Unknown,135000,Unknown,Unknown,Single / Not Married,Laborers,40,7,0,4,1
Female,225000,Unknown,Unknown,Single / Not Married,Unknown,40,3,0,47,1
Female,207000,Working,Secondary / Secondary Special,Unknown,Private Service Staff,40,9,0,18,1
Unknown,202500,Working,Secondary / Secondary Special,Married,Laborers,28,8,0,2,1
Unknown,166500,Unknown,Higher Education,Unknown,Unknown,34,7,0,18,1
Unknown,112500,Working,Unknown,Civil Marriage,Core Staff,40,4,0,30,1
Female,202500,Unknown,Unknown,Married,Unknown,45,2,2,18,1
Female,135000,Commercial Associate,Unknown,Married,Core Staff,40,8,0,10,1
Male,202500,Unknown,Secondary / Secondary Special,Unknown,Unknown,40,2,0,6,1
Female,202500,Unknown,Unknown,Unknown,Sales Staff,40,7,0,26,1
Female,315000,Unknown,Unknown,Unknown,Sales Staff,40,5,0,13,1
Unknown,225000,Unknown,Incomplete Higher,Single / Not Married,Unknown,40,6,0,10,1
Unknown,180000,State Servant,Unknown,Civil Marriage,Unknown,40,7,0,18,1
Male,247500,Unknown,Unknown,Unknown,Laborers,30,10,0,12,1
Unknown,270000,Working,Unknown,Unknown,Managers,28,7,0,18,1
Unknown,247500,Unknown,Higher Education,Married,Security Staff,47,5,0,27,1
Unknown,126000,Unknown,Unknown,Single / Not Married,Cooking Staff,47,8,0,2,1
Female,292500,Working,Higher Education,Married,Unknown,52,26,0,10,1
Unknown,180000,Working,Secondary / Secondary Special,Married,Laborers,40,7,2,17,1
Unknown,67500,State Servant,Unknown,Married,Unknown,40,8,0,18,1
Female,112500,Unknown,Unknown,Married,Sales Staff,40,2,0,25,1
Female,76500,Commercial Associate,Secondary / Secondary Special,Married,Laborers,40,6,0,18,1
Male,270000,Working,Secondary / Secondary Special,Married,Realty Agents,40,5,0,18,1
Unknown,135000,Working,Unknown,Married,Sales Staff,46,6,0,18,1
Male,189000,Unknown,Unknown,Civil Marriage,Unknown,35,7,0,52,1
Unknown,315000,Unknown,Secondary / Secondary Special,Married,Unknown,54,12,1,18,1
Female,175500,Working,Secondary / Secondary Special,Unknown,High Skill Tech Staff,40,2,0,18,1
Female,112500,Unknown,Unknown,Unknown,Security Staff,40,2,0,18,1
Female,166500,Unknown,Unknown,Married,Laborers,30,12,0,9,1
Unknown,112500,Working,Unknown,Married,Medicine Staff,40,7,0,29,1
Unknown,112500,Working,Secondary / Secondary Special,Married,Unknown,40,5,0,2,1
Female,90000,Unknown,Secondary / Secondary Special,Married,Unknown,40,7,0,18,1
Female,90000,Working,Secondary / Secondary Special,Single / Not Married,Core Staff,52,7,0,18,1
Female,180000,Commercial Associate,Secondary / Secondary Special,Married,Unknown,40,7,0,35,1
Unknown,135000,Working,Secondary / Secondary Special,Unknown,Laborers,40,22,0,13,1
Female,112500,Working,Secondary / Secondary Special,Married,Unknown,40,22,0,18,1
Female,157500,Commercial Associate,Secondary / Secondary Special,Unknown,Unknown,44,4,0,17,1
Unknown,202500,State Servant,Secondary / Secondary Special,Unknown,Unknown,53,18,0,18,1
Female,540000,Unknown,Unknown,Married,Unknown,33,10,0,18,1
Female,121500,Unknown,Higher Education,Separated,Medicine Staff,39,7,0,2,1
Unknown,202500,Working,Secondary / Secondary Special,Unknown,Core Staff,48,7,0,8,1
Male,112500,Working,Secondary / Secondary Special,Unknown,Unknown,42,5,0,19,1
Unknown,135000,Working,Secondary / Secondary Special,Married,Unknown,44,7,0,18,1
Female,76500,Unknown,Higher Education,Married,Managers,31,7,0,18,1
Unknown,135000,Unknown,Secondary / Secondary Special,Married,Unknown,40,21,0,14,1
Female,234000,Commercial Associate,Secondary / Secondary Special,Unknown,Unknown,30,7,0,18,1
Female,202500,Working,Secondary / Secondary Special,Married,Sales Staff,40,7,0,18,1
Female,180000,Commercial Associate,Secondary / Secondary Special,Separated,Laborers,40,17,0,18,1
Unknown,495000,Unknown,Unknown,Single / Not Married,Cooking Staff,40,15,0,18,1
Female,270000,Unknown,Unknown,Single / Not Married,Unknown,58,7,0,1,1
Male,135000,Commercial Associate,Secondary / Secondary Special,Married,Laborers,40,2,0,6,1
Female,337500,Commercial Associate,Higher Education,Unknown,Accountants,40,2,0,18,1
Unknown,360000,Unknown,Unknown,Married,Unknown,40,21,0,6,1
Unknown,225000,Unknown,Secondary / Secondary Special,Unknown,Unknown,40,4,0,18,1
Female,144000,Unknown,Unknown,Unknown,Core Staff,40,12,0,18,1
Unknown,121500,Unknown,Secondary / Secondary Special,Unknown,High Skill Tech Staff,40,7,0,18,1
Female,90000,Unknown,Secondary / Secondary Special,Married,Unknown,40,7,0,21,1
Unknown,405000,Unknown,Unknown,Unknown,Unknown,39,7,0,18,1
Female,126000,Commercial Associate,Unknown,Unknown,Core Staff,29,3,0,46,1
Male,99000,Working,Unknown,Single / Not Married,Unknown,49,15,0,1,1
Female,112500,Unknown,Unknown,Single / Not Married,Core Staff,29,7,0,22,1
Female,180000,Unknown,Unknown,Married,Managers,40,6,0,40,1
Female,225000,Unknown,Secondary / Secondary Special,Married,Unknown,42,8,0,2,1
Unknown,225000,Working,Secondary / Secondary Special,Married,Cleaning Staff,28,1,0,10,1
Male,135000,Working,Secondary / Secondary Special,Unknown,Unknown,38,7,0,18,1
Female,180000,Unknown,Secondary / Secondary Special,Married,Unknown,27,7,0,18,1
Unknown,202500,Working,Secondary / Secondary Special,Unknown,Unknown,40,7,0,18,1
Unknown,216000,Working,Secondary / Secondary Special,Married,Unknown,43,2,0,18,1
Male,405000,Working,Higher Education,Married,Unknown,40,9,0,23,1
Female,121500,Working,Secondary / Secondary Special,Civil Marriage,Unknown,40,2,0,11,1
Unknown,117000,Working,Secondary / Secondary Special,Unknown,Unknown,29,1,0,6,1
Unknown,180000,Working,Unknown,Unknown,Laborers,40,7,0,18,1
Male,76500,Unknown,Secondary / Secondary Special,Married,Unknown,40,7,0,23,1
Female,135000,Unknown,Unknown,Married,Sales Staff,33,7,0,17,1
Female,135000,Unknown,Unknown,Married,Unknown,33,8,0,37,1
Unknown,76500,Working,Secondary / Secondary Special,Married,Unknown,40,7,0,18,1
Female,157500,Unknown,Unknown,Separated,Unknown,33,6,0,3,1
Unknown,216000,Unknown,Unknown,Single / Not Married,Unknown,40,7,0,18,1
Unknown,112500,Unknown,Secondary / Secondary Special,Married,Laborers,40,2,0,7,1
Unknown,157500,Working,Secondary / Secondary Special,Unknown,Unknown,40,7,0,4,1
Female,202500,Commercial Associate,Secondary / Secondary Special,Unknown,Unknown,40,9,0,21,1
Female,27000,Unknown,Unknown,Unknown,Unknown,40,7,0,18,1
Female,180000,Working,Unknown,Unknown,Sales Staff,33,7,0,38,1
Female,360000,Unknown,Higher Education,Unknown,Sales Staff,49,10,0,6,1
Male,315000,Commercial Associate,Unknown,Unknown,Unknown,40,2,0,3,1
Male,90000,Working,Secondary / Secondary Special,Married,Laborers,40,3,0,8,1
Male,180000,Working,Secondary / Secondary Special,Unknown,Sales Staff,28,7,0,25,1
Unknown,90000,State Servant,Higher Education,Unknown,Core Staff,36,2,0,4,1
Male,180000,Working,Incomplete Higher,Married,Laborers,47,16,0,18,1
Unknown,225000,Working,Incomplete Higher,Unknown,Unknown,40,33,0,59,1
Unknown,180000,Commercial Associate,Unknown,Married,Unknown,35,7,0,18,1
Female,112500,State Servant,Secondary / Secondary Special,Married,Core Staff,32,7,0,27,1
Unknown,292500,Unknown,Higher Education,Unknown,Unknown,29,7,0,18,1
Unknown,112500,Unknown,Unknown,Unknown,Sales Staff,38,7,0,18,1
Unknown,112500,Working,Secondary / Secondary Special,Married,Unknown,40,21,0,26,1
Female,157500,Unknown,Secondary / Secondary Special,Married,Unknown,40,7,0,19,1
Female,247500,Unknown,Unknown,Civil Marriage,Unknown,40,1,0,9,1
Female,297000,Unknown,Secondary / Secondary Special,Single / Not Married,Unknown,43,9,0,18,1
Unknown,157500,Unknown,Unknown,Married,Unknown,28,5,0,12,1
Male,135000,Unknown,Secondary / Secondary Special,Married,Laborers,28,7,0,18,1
Female,315000,Unknown,Secondary / Secondary Special,Single / Not Married,Cleaning Staff,56,7,0,4,1
Unknown,157500,State Servant,Secondary / Secondary Special,Widow,Unknown,40,7,0,9,1
Female,135000,Commercial Associate,Incomplete Higher,Unknown,Managers,29,7,0,25,1
Female,180000,Working,Unknown,Married,Unknown,40,7,0,25,1
Unknown,315000,Commercial Associate,Secondary / Secondary Special,Unknown,Medicine Staff,40,7,0,18,1
Male,189000,Unknown,Higher Education,Unknown,Unknown,37,11,0,6,1
Female,90000,Working,Unknown,Widow,High Skill Tech Staff,40,20,0,25,1
Unknown,90000,Working,Secondary / Secondary Special,Unknown,Unknown,40,7,0,18,1
Female,180000,Unknown,Unknown,Single / Not Married,Laborers,29,7,0,15,1
Male,247500,Working,Unknown,Married,Drivers,40,4,0,15,1
Male,112500,State Servant,Secondary / Secondary Special,Married,Unknown,58,7,0,18,1
Male,135000,Working,Secondary / Secondary Special,Unknown,Unknown,40,7,0,18,1
Male,90000,Working,Secondary / Secondary Special,Unknown,Laborers,40,31,1,17,1
Female,202500,Working,Secondary / Secondary Special,Married,Sales Staff,37,8,0,18,1
Unknown,225000,Commercial Associate,Unknown,Married,Realty Agents,40,27,2,18,1
Female,225000,State Servant,Unknown,Unknown,Unknown,49,7,0,6,1
Male,270000,Working,Secondary / Secondary Special,Married,Unknown,40,7,0,18,1
Unknown,157500,Working,Higher Education,Unknown,Unknown,31,7,0,1,1
Female,135000,Working,Secondary / Secondary Special,Unknown,Unknown,33,1,0,47,1
Male,112500,Unknown,Unknown,Unknown,Laborers,24,3,0,4,1
Male,225000,Unknown,Unknown,Unknown,Laborers,34,8,0,12,1
Female,81000,Working,Higher Education,Married,Unknown,40,7,0,32,1
Male,265500,Unknown,Unknown,Single / Not Married,Core Staff,29,2,0,18,1
Male,495000,Unknown,Secondary / Secondary Special,Unknown,Unknown,29,1,0,18,1
Unknown,225000,Unknown,Unknown,Unknown,Managers,54,7,0,18,1
Male,315000,Working,Secondary / Secondary Special,Unknown,Sales Staff,29,7,0,38,1
Female,180000,Working,Incomplete Higher,Unknown,Managers,30,3,0,18,1
Unknown,315000,Unknown,Secondary / Secondary Special,Unknown,Laborers,40,7,0,17,1
Female,360000,State Servant,Unknown,Separated,Medicine Staff,33,7,0,56,1
Female,99000,Commercial Associate,Secondary / Secondary Special,Single / Not Married,Unknown,45,2,0,42,1
Male,157500,Unknown,Secondary / Secondary Special,Married,Laborers,53,7,0,12,1
Unknown,216000,Commercial Associate,Secondary / Secondary Special,Unknown,Unknown,40,12,0,26,1
Unknown,67500,Unknown,Secondary / Secondary Special,Civil Marriage,Unknown,24,5,0,18,1
Female,103500,Working,Secondary / Secondary Special,Married,Medicine Staff,40,19,0,18,1
Female,90000,Unknown,Unknown,Unknown,Managers,40,17,0,31,1
Female,157500,Working,Higher Education,Unknown,Unknown,40,2,0,24,1
Female,130500,Working,Secondary / Secondary Special,Civil Marriage,Unknown,42,14,0,17,1
Unknown,90000,Working,Secondary / Secondary Special,Unknown,Drivers,40,5,0,48,1
Female,135000,State Servant,Secondary / Secondary Special,Separated,Unknown,45,15,0,18,1
Unknown,405000,Unknown,Higher Education,Married,Managers,29,7,0,35,1
Male,207000,Commercial Associate,Unknown,Unknown,Sales Staff,40,7,0,20,1
Male,90000,Working,Secondary / Secondary Special,Civil Marriage,Laborers,36,1,0,18,1
Unknown,67500,Working,Secondary / Secondary Special,Unknown,Accountants,31,6,0,18,1
Unknown,81000,Working,Unknown,Married,Cleaning Staff,65,7,0,18,1
Female,216000,Working,Secondary / Secondary Special,Single / Not Married,Unknown,50,7,0,18,1
Female,139500,Working,Secondary / Secondary Special,Unknown,Unknown,52,1,0,18,1
Unknown,247500,Unknown,Unknown,Single / Not Married,Medicine Staff,28,4,0,18,1
Male,360000,Working,Higher Education,Married,Drivers,40,10,0,18,1
Female,202500,Commercial Associate,Secondary / Secondary Special,Married,Laborers,52,7,0,18,1
Male,157500,Unknown,Secondary / Secondary Special,Unknown,Unknown,40,7,0,20,1
Unknown,126000,Unknown,Secondary / Secondary Special,Married,Unknown,59,7,0,18,1
Male,315000,Commercial Associate,Higher Education,Married,Core Staff,38,7,0,44,1
Unknown,157500,Unknown,Higher Education,Married,Core Staff,40,12,0,13,1
Female,135000,Working,Secondary / Secondary Special,Unknown,Laborers,28,7,0,10,1
Unknown,283500,Commercial Associate,Secondary / Secondary Special,Unknown,Cooking Staff,40,7,0,15,1
Unknown,292500,Unknown,Unknown,Married,Laborers,33,7,0,18,1
Female,54000,Working,Unknown,Married,Unknown,41,7,0,33,1
Unknown,135000,Working,Unknown,Married,Laborers,40,7,2,18,1
Female,117000,Working,Secondary / Secondary Special,Unknown,Sales Staff,40,7,0,15,1
Female,135000,Unknown,Secondary / Secondary Special,Married,Private Service Staff,40,5,0,18,1
Unknown,225000,Unknown,Higher Education,Widow,Unknown,40,33,0,21,1
Female,108000,Unknown,Unknown,Unknown,Laborers,49,6,0,37,1
Female,135000,Unknown,Unknown,Unknown,Unknown,63,7,0,18,1
Female,135000,Commercial Associate,Unknown,Civil Marriage,Drivers,47,7,1,38,1
Female,225000,Commercial Associate,Unknown,Single / Not Married,Core Staff,55,19,0,21,1
Unknown,112500,Commercial Associate,Unknown,Married,Laborers,40,7,0,18,1
Unknown,135000,Unknown,Secondary / Secondary Special,Unknown,Unknown,32,2,0,18,1
Male,135000,Unknown,Unknown,Unknown,Unknown,34,7,0,18,1
Unknown,135000,Working,Unknown,Widow,Unknown,40,5,0,18,1
Unknown,225000,Working,Unknown,Unknown,Sales Staff,49,4,0,17,1
Female,225000,Unknown,Higher Education,Separated,Unknown,41,5,0,3,1
Female,135000,Working,Unknown,Married,Sales Staff,40,7,0,11,1
Unknown,360000,Unknown,Unknown,Married,Laborers,55,7,0,18,1
Unknown,135000,Unknown,Secondary / Secondary Special,Single / Not Married,Unknown,40,23,1,21,1
Female,315000,Commercial Associate,Unknown,Unknown,Unknown,54,5,0,17,1
Male,135000,Commercial Associate,Secondary / Secondary Special,Single / Not Married,Unknown,48,1,0,6,1
Unknown,450000,State Servant,Secondary / Secondary Special,Unknown,Core Staff,48,19,0,18,1
Unknown,103500,Unknown,Unknown,Separated,Cooking Staff,37,5,0,18,1
Unknown,225000,Working,Secondary / Secondary Special,Unknown,Drivers,37,7,0,18,1
Male,135000,Commercial Associate,Secondary / Secondary Special,Married,Laborers,32,7,0,18,1
Female,135000,State Servant,Unknown,Unknown,Medicine Staff,40,15,0,25,1
Female,585000,Commercial Associate,Higher Education,Unknown,Managers,29,7,0,19,0
Unknown,247500,Working,Secondary / Secondary Special,Unknown,High Skill Tech Staff,40,15,1,18,1
Female,180000,Working,Unknown,Civil Marriage,Laborers,35,7,0,18,1
Female,90000,Commercial Associate,Secondary / Secondary Special,Unknown,Medicine Staff,34,7,0,18,1
Male,180000,Unknown,Secondary / Secondary Special,Unknown,Drivers,37,5,0,18,1
Female,180000,Working,Secondary / Secondary Special,Single / Not Married,Unknown,40,7,1,10,1
Unknown,112500,Unknown,Unknown,Unknown,Managers,48,7,0,42,1
Male,153000,Unknown,Unknown,Single / Not Married,Laborers,30,7,0,18,1
Male,270000,Unknown,Unknown,Unknown,Realty Agents,40,5,0,56,1
Female,90000,State Servant,Secondary / Secondary Special,Civil Marriage,Unknown,44,7,0,18,1
Female,382500,Commercial Associate,Secondary / Secondary Special,Single / Not Married,Managers,46,7,0,23,1
Unknown,112500,Working,Higher Education,Unknown,Unknown,40,7,0,27,1
Male,180000,Working,Unknown,Unknown,Unknown,40,7,0,34,1
Unknown,166500,Working,Higher Education,Married,Core Staff,59,7,0,18,1
Male,360000,Commercial Associate,Unknown,Separated,Laborers,42,7,0,18,1
Male,135000,Unknown,Unknown,Married,Unknown,40,7,0,18,1
Female,81000,Unknown,Secondary / Secondary Special,Unknown,Sales Staff,40,3,0,3,1
Unknown,67500,Unknown,Unknown,Single / Not Married,Laborers,40,7,0,14,1
Unknown,202500,Commercial Associate,Secondary / Secondary Special,Married,Unknown,40,2,0,11,1
Male,450000,Commercial Associate,Unknown,Single / Not Married,Sales Staff,40,2,0,18,1
Female,180000,Unknown,Unknown,Married,Laborers,54,6,0,18,1
Female,355500,Unknown,Unknown,Married,Unknown,40,1,0,37,1
Unknown,254700,Unknown,Unknown,Married,Laborers,40,25,0,21,1
Female,90000,Working,Unknown,Unknown,Unknown,32,6,0,4,1
Unknown,265500,Working,Higher Education,Married,Unknown,32,6,0,34,1
Female,90000,Unknown,Unknown,Married,Sales Staff,55,1,0,18,1
Female,67500,State Servant,Unknown,Unknown,Core Staff,47,7,0,5,1
Unknown,405000,Working,Higher Education,Unknown,Unknown,29,8,0,4,1
Female,90000,Unknown,Higher Education,Married,Unknown,40,11,0,30,1
Unknown,135000,Unknown,Unknown,Unknown,Core Staff,30,6,0,9,1
Female,135000,Unknown,Unknown,Married,Unknown,35,4,0,5,1
Unknown,157500,Unknown,Unknown,Unknown,Laborers,40,7,0,18,1
Female,247500,Working,Unknown,Unknown,Unknown,51,6,0,26,1
Male,247500,Unknown,Unknown,Unknown,Drivers,35,12,0,14,1
Male,310500,Working,Higher Education,Unknown,Laborers,40,7,0,13,1
Male,180000,Unknown,Secondary / Secondary Special,Single / Not Married,Unknown,40,7,0,5,1
Female,135000,Working,Higher Education,Married,Laborers,37,7,0,20,1
Male,157500,Working,Higher Education,Married,Managers,32,5,0,18,1
Male,90000,Unknown,Unknown,Separated,Laborers,34,1,9,17,1
Unknown,121500,Working,Unknown,Married,Sales Staff,40,7,0,5,1
Male,405000,Unknown,Unknown,Married,Managers,33,6,0,31,1
Unknown,135000,Unknown,Unknown,Unknown,Unknown,31,3,0,36,1
Female,157500,Commercial Associate,Unknown,Single / Not Married,Unknown,40,2,0,18,1
Female,126000,Unknown,Secondary / Secondary Special,Married,Laborers,40,7,0,5,1
Male,270000,Working,Unknown,Married,Unknown,47,7,0,2,1
Unknown,157500,Commercial Associate,Unknown,Married,Drivers,40,7,0,44,1
Unknown,202500,Commercial Associate,Secondary / Secondary Special,Married,Drivers,40,7,0,18,1
Female,135000,Unknown,Unknown,Widow,Sales Staff,55,7,0,23,1
Female,81000,Commercial Associate,Secondary / Secondary Special,Married,Cleaning Staff,40,7,4,7,1
Unknown,225000,Working,Higher Education,Unknown,Unknown,46,9,1,18,1
Female,126000,State Servant,Higher Education,Unknown,Unknown,42,7,0,26,1
Female,135000,Commercial Associate,Higher Education,Unknown,Unknown,43,2,0,18,1
Female,90000,Working,Unknown,Married,Laborers,40,7,0,7,1
Female,67500,Unknown,Secondary / Secondary Special,Married,Core Staff,40,4,0,18,1
Unknown,270000,Working,Incomplete Higher,Unknown,Laborers,25,7,0,32,1
Male,135000,Working,Higher Education,Married,Unknown,38,7,0,18,1
Unknown,135000,Working,Secondary / Secondary Special,Unknown,Laborers,40,7,0,18,1
Male,675000,Unknown,Secondary / Secondary Special,Unknown,Unknown,40,19,0,2,1
Unknown,135000,Commercial Associate,Secondary / Secondary Special,Unknown,Unknown,40,7,0,7,1
Female,225000,Commercial Associate,Higher Education,Married,Unknown,40,1,0,18,1
Unknown,112500,Working,Unknown,Unknown,Sales Staff,40,3,0,9,1
Female,211500,Unknown,Secondary / Secondary Special,Civil Marriage,Core Staff,40,20,0,18,1
Male,450000,Unknown,Higher Education,Married,Managers,29,5,0,8,1
Unknown,247500,Working,Secondary / Secondary Special,Unknown,Laborers,28,4,0,6,1
Male,225000,Unknown,Secondary / Secondary Special,Married,Unknown,40,6,1,43,1
Unknown,135000,Unknown,Unknown,Married,Accountants,40,7,0,10,1
Unknown,180000,Unknown,Secondary / Secondary Special,Unknown,Laborers,53,14,0,46,1
Unknown,180000,Unknown,Secondary / Secondary Special,Unknown,Laborers,43,5,0,18,1
Female,67500,Working,Secondary / Secondary Special,Married,Sales Staff,40,7,0,15,1
Female,117000,Working,Secondary / Secondary Special,Unknown,Laborers,40,3,0,12,1
Female,54000,Unknown,Secondary / Secondary Special,Unknown,Medicine Staff,40,7,0,35,1
Unknown,225000,Unknown,Unknown,Unknown,Low-Skill Laborers,37,7,1,18,1
Female,180000,Working,Secondary / Secondary Special,Married,Laborers,40,9,0,27,1
Female,99000,Working,Incomplete Higher,Married,Sales Staff,34,6,1,16,1
Male,360000,Working,Unknown,Married,Managers,40,13,0,14,1
Unknown,135000,Commercial Associate,Secondary / Secondary Special,Unknown,Laborers,34,1,0,18,1
Unknown,144000,Unknown,Secondary / Secondary Special,Unknown,High Skill Tech Staff,40,10,0,18,1
Unknown,112500,Unknown,Secondary / Secondary Special,Unknown,Unknown,45,7,0,18,1
Male,247500,Unknown,Secondary / Secondary Special,Unknown,Unknown,40,7,0,3,1
Male,202500,Unknown,Unknown,Separated,Sales Staff,30,1,0,4,1
Unknown,81000,Working,Lower Secondary,Single / Not Married,Unknown,40,7,0,28,1
Unknown,180000,Unknown,Secondary / Secondary Special,Separated,Core Staff,51,7,0,21,1
Female,225000,Unknown,Unknown,Unknown,Core Staff,34,1,0,14,1
Female,144000,Unknown,Unknown,Unknown,Medicine Staff,52,7,0,10,1
Male,54000,Working,Unknown,Unknown,Security Staff,40,3,0,14,1
Unknown,135000,Commercial Associate,Higher Education,Married,Core Staff,27,7,0,30,1
Male,202500,Unknown,Higher Education,Unknown,Managers,40,3,0,18,1
Unknown,180000,Working,Secondary / Secondary Special,Unknown,Sales Staff,35,7,0,59,1
Female,90000,Unknown,Unknown,Married,Core Staff,48,4,0,10,1
Unknown,112500,Working,Unknown,Single / Not Married,Unknown,40,3,0,18,1
Male,225000,Commercial Associate,Higher Education,Unknown,Security Staff,61,7,0,34,1
Male,292500,Unknown,Unknown,Married,Laborers,40,4,0,18,1
Female,225000,Commercial Associate,Secondary / Secondary Special,Civil Marriage,Sales Staff,54,9,0,5,1
Female,126000,Unknown,Secondary / Secondary Special,Married,Unknown,50,7,0,18,1
Female,193500,State Servant,Unknown,Married,Unknown,40,7,0,2,1
Female,270000,Commercial Associate,Unknown,Unknown,Accountants,51,7,1,18,1
Unknown,67500,Unknown,Unknown,Married,Unknown,42,7,0,18,1
Female,135000,Unknown,Higher Education,Unknown,Sales Staff,56,15,0,18,1
Unknown,297000,Commercial Associate,Secondary / Secondary Special,Single / Not Married,Laborers,43,7,0,2,1
Male,315000,Commercial Associate,Higher Education,Married,High Skill Tech Staff,48,2,0,7,1
Male,405000,Commercial Associate,Higher Education,Unknown,Unknown,40,2,0,18,1
Male,180000,Working,Higher Education,Married,Laborers,27,7,0,18,1
Unknown,180000,Working,Secondary / Secondary Special,Married,Unknown,44,7,0,18,1
Unknown,180000,Unknown,Secondary / Secondary Special,Unknown,Laborers,40,4,0,18,1
Female,270000,State Servant,Unknown,Married,Secretaries,40,7,6,18,0
Unknown,180000,Unknown,Unknown,Married,Laborers,28,7,0,18,1
Male,135000,Unknown,Unknown,Married,Laborers,37,2,0,34,1
Unknown,90000,Unknown,Higher Education,Unknown,Core Staff,40,25,0,18,1
Unknown,180000,Working,Unknown,Married,Unknown,51,13,0,53,1
Male,180000,Unknown,Higher Education,Civil Marriage,Drivers,41,2,0,18,1
Female,94500,Working,Secondary / Secondary Special,Single / Not Married,Laborers,43,2,0,18,1
Female,157500,Working,Secondary / Secondary Special,Married,High Skill Tech Staff,42,19,0,18,1
Male,225000,Commercial Associate,Unknown,Unknown,Sales Staff,40,7,0,41,1
Female,103500,Working,Unknown,Married,Unknown,40,1,0,41,1
Male,157500,Working,Unknown,Married,Laborers,39,7,0,43,1
Female,72000,Unknown,Unknown,Married,Unknown,40,4,0,45,1
Female,135000,Unknown,Secondary / Secondary Special,Unknown,Sales Staff,40,3,0,18,1
Unknown,337500,Working,Secondary / Secondary Special,Unknown,Sales Staff,55,7,0,5,1
Unknown,112500,State Servant,Secondary / Secondary Special,Widow,Unknown,40,7,0,18,1
Unknown,130500,Unknown,Unknown,Unknown,Laborers,45,7,0,30,1
Female,202500,Unknown,Unknown,Unknown,Unknown,40,7,0,18,1
Male,135000,State Servant,Incomplete Higher,Single / Not Married,High Skill Tech Staff,40,7,0,18,1
Unknown,292500,State Servant,Secondary / Secondary Special,Married,Drivers,43,17,0,53,1
Male,157500,Commercial Associate,Unknown,Single / Not Married,Unknown,40,1,0,18,1
Unknown,135000,Working,Unknown,Unknown,Laborers,55,7,0,18,1
Male,225000,Working,Secondary / Secondary Special,Unknown,Cleaning Staff,40,4,0,34,1
Male,225000,Working,Secondary / Secondary Special,Single / Not Married,Unknown,29,7,0,18,1
Unknown,157500,Commercial Associate,Secondary / Secondary Special,Married,Laborers,58,7,0,4,1
Male,234000,Unknown,Unknown,Unknown,Unknown,40,5,0,18,1
Male,270000,Working,Higher Education,Unknown,Unknown,51,7,0,12,1
Unknown,202500,Working,Higher Education,Married,Unknown,42,11,0,18,1
Female,112500,Commercial Associate,Secondary / Secondary Special,Single / Not Married,Unknown,50,7,0,18,1
Unknown,135000,Unknown,Unknown,Separated,Security Staff,40,5,0,6,1
Female,270000,State Servant,Unknown,Married,Medicine Staff,40,7,0,13,1
Unknown,297000,Unknown,Secondary / Secondary Special,Single / Not Married,Laborers,40,7,0,37,1
Unknown,112500,Unknown,Secondary / Secondary Special,Married,Sales Staff,45,10,0,10,1
Unknown,270000,Working,Unknown,Married,Laborers,40,7,0,34,1
Unknown,103500,Commercial Associate,Secondary / Secondary Special,Married,Sales Staff,40,5,0,25,1
Unknown,99000,Unknown,Unknown,Unknown,Unknown,60,7,0,18,1
Male,112500,Working,Secondary / Secondary Special,Civil Marriage,Laborers,40,7,0,18,1
Male,135000,Working,Unknown,Unknown,Unknown,29,4,0,18,1
Unknown,315000,Working,Secondary / Secondary Special,Unknown,Unknown,40,12,0,18,1
Female,225000,Commercial Associate,Higher Education,Married,Private Service Staff,39,7,0,18,1
Unknown,121500,Unknown,Higher Education,Unknown,Unknown,33,7,0,3,1
Unknown,337500,Unknown,Secondary / Secondary Special,Single / Not Married,Unknown,40,7,0,50,1
Female,225000,Commercial Associate,Unknown,Civil Marriage,Unknown,40,5,0,15,1
Unknown,360000,Commercial Associate,Secondary / Secondary Special,Married,Unknown,40,1,0,18,1
Male,252000,Commercial Associate,Unknown,Married,Drivers,38,8,0,18,1
Unknown,126000,Working,Secondary / Secondary Special,Unknown,Accountants,40,7,0,18,1
Unknown,180000,Working,Unknown,Single / Not Married,Unknown,40,9,0,21,1
Female,112500,Unknown,Unknown,Single / Not Married,Core Staff,40,7,2,11,1
Unknown,90000,State Servant,Unknown,Unknown,Core Staff,29,7,1,28,1
Unknown,135000,Commercial Associate,Secondary / Secondary Special,Unknown,Cooking Staff,31,7,0,4,1
Unknown,180000,State Servant,Secondary / Secondary Special,Married,Core Staff,41,13,2,34,1
Female,337500,Unknown,Unknown,Unknown,Unknown,49,13,0,18,1
Female,202500,State Servant,Secondary / Secondary Special,Civil Marriage,Unknown,34,2,0,18,1
Female,202500,Working,Higher Education,Unknown,Accountants,40,1,8,43,1
Unknown,171000,Unknown,Secondary / Secondary Special,Civil Marriage,Medicine Staff,39,7,0,18,1
Female,76500,Working,Secondary / Secondary Special,Married,Unknown,40,7,3,18,1
Female,121500,Unknown,Unknown,Married,Laborers,40,7,0,18,1
Female,144000,Working,Secondary / Secondary Special,Unknown,Unknown,40,7,1,17,1
Unknown,135000,Unknown,Secondary / Secondary Special,Married,Core Staff,45,7,0,18,1
Unknown,157500,Unknown,Secondary / Secondary Special,Married,Cooking Staff,40,7,0,18,1
Female,135000,Commercial Associate,Higher Education,Single / Not Married,Sales Staff,32,4,0,18,1
Female,360000,Working,Unknown,Married,Accountants,40,7,2,41,1
Unknown,337500,Commercial Associate,Secondary / Secondary Special,Unknown,Sales Staff,32,7,0,18,1
Unknown,315000,Working,Unknown,Married,Laborers,35,4,0,42,1
Male,81000,Working,Secondary / Secondary Special,Unknown,Low-Skill Laborers,40,1,4,12,1
Male,202500,Unknown,Secondary / Secondary Special,Unknown,Laborers,40,3,0,18,1
Male,360000,Commercial Associate,Unknown,Married,Unknown,42,5,0,29,1
Female,63000,Commercial Associate,Higher Education,Married,Core Staff,40,7,0,18,1
Female,225000,Unknown,Unknown,Married,Managers,40,9,1,18,1
Unknown,139500,Working,Incomplete Higher,Married,Core Staff,37,9,0,18,1
Male,202500,Unknown,Secondary / Secondary Special,Unknown,Core Staff,35,7,2,31,1
Female,180000,Unknown,Unknown,Unknown,Unknown,35,7,2,25,1
Female,90000,Working,Secondary / Secondary Special,Married,Laborers,48,4,0,11,1
Female,90000,Working,Unknown,Unknown,Unknown,40,10,0,4,1
Female,202500,Unknown,Unknown,Unknown,Core Staff,40,7,0,2,1
Unknown,94500,Unknown,Unknown,Widow,Sales Staff,40,3,0,54,1
Male,315000,Working,Higher Education,Married,Unknown,51,7,0,18,1
Male,157500,Unknown,Secondary / Secondary Special,Single / Not Married,Laborers,56,3,0,18,1
Female,225000,Commercial Associate,Unknown,Unknown,Unknown,39,7,0,18,1
Unknown,315000,Working,Unknown,Unknown,Laborers,42,10,0,15,1
Unknown,157500,Commercial Associate,Secondary / Secondary Special,Married,Unknown,30,2,0,14,1
Male,270000,Commercial Associate,Unknown,Single / Not Married,Unknown,31,7,0,26,1
Unknown,157500,Unknown,Secondary / Secondary Special,Unknown,Laborers,40,7,0,14,1
Female,225000,Working,Unknown,Civil Marriage,Unknown,38,3,0,18,1
Female,112500,Unknown,Unknown,Unknown,Laborers,36,7,0,19,1
Female,135000,Commercial Associate,Higher Education,Unknown,Unknown,47,7,0,18,1
Male,135000,Working,Unknown,Unknown,Managers,40,5,0,10,1
Male,202500,Unknown,Unknown,Married,Managers,48,10,0,58,1
Female,112500,Working,Secondary / Secondary Special,Unknown,Unknown,40,12,0,18,1
Male,180000,Unknown,Secondary / Secondary Special,Unknown,Drivers,56,10,0,4,1
Male,112500,Unknown,Unknown,Married,Drivers,44,3,0,18,1
Unknown,157500,Unknown,Higher Education,Separated,Laborers,40,4,1,3,1
Female,67500,Commercial Associate,Unknown,Married,Sales Staff,47,7,0,30,1
Female,90000,Unknown,Unknown,Unknown,Core Staff,53,8,0,15,1
Male,99000,Commercial Associate,Unknown,Unknown,Drivers,40,1,0,18,1
Unknown,135000,Commercial Associate,Unknown,Married,Unknown,52,7,0,18,1
Female,112500,Working,Secondary / Secondary Special,Widow,Private Service Staff,40,7,0,18,1
Female,180000,Working,Unknown,Single / Not Married,Laborers,29,7,0,18,1
Unknown,270000,Commercial Associate,Secondary / Secondary Special,Married,Laborers,40,16,0,14,1
Unknown,135000,Commercial Associate,Unknown,Married,Cleaning Staff,62,9,0,17,1
Female,211500,Unknown,Unknown,Married,Core Staff,40,3,0,14,1
Unknown,112500,Working,Unknown,Married,Unknown,29,5,0,6,1
Male,315000,Working,Secondary / Secondary Special,Married,Unknown,35,5,0,18,1
Female,135000,Unknown,Higher Education,Married,Accountants,40,7,0,18,1
Female,382500,Unknown,Unknown,Married,Secretaries,48,7,0,13,1
Unknown,180000,Working,Secondary / Secondary Special,Married,High Skill Tech Staff,40,7,0,16,1
Female,135000,Commercial Associate,Secondary / Secondary Special,Unknown,Sales Staff,40,7,0,14,1
Female,157500,Unknown,Unknown,Married,Unknown,40,7,0,15,1
Unknown,463500,Working,Unknown,Unknown,Managers,58,7,0,18,1
Unknown,81000,Unknown,Secondary / Secondary Special,Married,Core Staff,37,7,0,18,1
Male,135000,Unknown,Higher Education,Married,Managers,37,7,3,34,1
Male,198000,Unknown,Secondary / Secondary Special,Married,Drivers,58,4,0,27,1
Female,180000,State Servant,Secondary / Secondary Special,Married,Medicine Staff,40,3,0,25,1
Female,202500,Unknown,Unknown,Unknown,Unknown,40,7,0,18,1
Female,166500,Unknown,Higher Education,Married,Core Staff,40,2,0,10,1
Unknown,270000,Commercial Associate,Unknown,Single / Not Married,Sales Staff,40,15,0,18,1
Male,180000,Working,Unknown,Civil Marriage,Managers,40,11,0,34,1
Male,472500,Unknown,Secondary / Secondary Special,Married,Managers,40,7,0,25,1
Female,202500,Unknown,Secondary / Secondary Special,Unknown,Medicine Staff,41,7,0,31,1
Female,126000,Commercial Associate,Unknown,Married,Laborers,40,7,1,18,1
Male,716324,State Servant,Secondary / Secondary Special,Unknown,Laborers,40,7,6,18,1
Female,180000,Unknown,Higher Education,Unknown,It Staff,38,2,0,18,1
Female,337500,Unknown,Secondary / Secondary Special,Single / Not Married,Sales Staff,55,9,0,18,1
Female,270000,Unknown,Unknown,Single / Not Married,Unknown,58,7,0,1,1
Unknown,292500,Unknown,Higher Education,Married,High Skill Tech Staff,40,3,0,18,1
Female,157500,Unknown,Unknown,Single / Not Married,Waiters/Barmen Staff,35,4,0,18,1
Female,234000,Working,Secondary / Secondary Special,Unknown,Unknown,57,7,0,37,1
Unknown,270000,Working,Unknown,Married,Laborers,40,8,0,55,1
Unknown,180000,Unknown,Secondary / Secondary Special,Unknown,Unknown,61,16,0,12,1
Unknown,157500,Working,Secondary / Secondary Special,Unknown,Unknown,40,9,0,13,1
Male,90000,Working,Unknown,Married,Unknown,61,11,0,9,1
Male,135000,Unknown,Unknown,Unknown,Core Staff,31,8,0,18,1
Unknown,202500,Working,Unknown,Unknown,Unknown,40,1,0,35,1
Female,135000,Working,Unknown,Unknown,Private Service Staff,61,7,0,17,1
Unknown,155250,Unknown,Unknown,Unknown,Laborers,40,7,0,52,1
Unknown,180000,Working,Unknown,Civil Marriage,Laborers,40,14,0,33,1
Female,247500,Unknown,Unknown,Unknown,Unknown,40,7,0,18,1
Female,180000,Commercial Associate,Secondary / Secondary Special,Single / Not Married,Cooking Staff,40,7,0,42,1
Female,306000,State Servant,Unknown,Married,Unknown,40,7,0,11,1
Female,225000,Working,Unknown,Unknown,Unknown,50,7,0,20,1
Unknown,135000,Commercial Associate,Unknown,Widow,Core Staff,40,27,0,18,1
Female,270000,Working,Higher Education,Single / Not Married,Unknown,40,3,4,25,1
Unknown,202500,Commercial Associate,Higher Education,Unknown,Laborers,35,7,0,18,1
Female,292500,State Servant,Secondary / Secondary Special,Married,Unknown,40,11,1,18,1
Male,180000,Working,Unknown,Single / Not Married,Drivers,32,3,0,29,1
Unknown,247500,Commercial Associate,Unknown,Civil Marriage,Laborers,49,1,0,8,1
Female,270000,State Servant,Unknown,Separated,Medicine Staff,54,34,0,18,1
Unknown,202500,Commercial Associate,Secondary / Secondary Special,Unknown,Managers,44,16,0,18,1
Unknown,180000,Unknown,Secondary / Secondary Special,Unknown,Unknown,36,7,0,38,1
Male,36900,Working,Unknown,Married,Laborers,51,5,0,7,1
Unknown,387000,Working,Unknown,Unknown,Managers,37,8,0,16,1
Unknown,306000,Commercial Associate,Secondary / Secondary Special,Unknown,Managers,40,7,0,8,1
Unknown,202500,Unknown,Unknown,Unknown,Laborers,38,7,0,18,1
Female,180000,Working,Unknown,Single / Not Married,Unknown,46,7,0,18,1
Unknown,157500,Commercial Associate,Unknown,Separated,Unknown,37,4,0,46,1
Female,225000,Working,Higher Education,Unknown,Managers,45,9,0,18,1
Unknown,166500,Commercial Associate,Secondary / Secondary Special,Civil Marriage,Sales Staff,39,11,0,18,1
Female,157500,Working,Higher Education,Separated,Medicine Staff,27,7,0,18,1
Unknown,157500,Working,Higher Education,Married,Laborers,57,7,0,36,1
Female,126000,Unknown,Unknown,Married,Unknown,40,7,0,30,1
Unknown,180000,Unknown,Secondary / Secondary Special,Single / Not Married,Sales Staff,40,9,0,31,1
Unknown,225000,Commercial Associate,Higher Education,Single / Not Married,Unknown,47,2,0,18,1
Female,112500,Commercial Associate,Unknown,Married,Unknown,40,7,0,5,1
Male,360000,Unknown,Unknown,Married,Unknown,44,16,0,18,1
Female,112500,Working,Unknown,Unknown,Unknown,30,4,0,18,1
Male,112500,Unknown,Incomplete Higher,Unknown,Unknown,40,1,0,33,1
Female,135000,Working,Unknown,Unknown,Accountants,36,7,0,18,1
Unknown,229500,Working,Incomplete Higher,Unknown,Unknown,51,7,0,13,1
Female,135000,Unknown,Secondary / Secondary Special,Married,Unknown,44,7,0,18,1
Unknown,243000,Unknown,Higher Education,Married,Unknown,29,7,0,1,1
Male,157500,Commercial Associate,Unknown,Married,Drivers,40,7,0,18,1
Female,247500,Unknown,Secondary / Secondary Special,Married,Managers,40,7,0,18,1
Unknown,67500,Working,Secondary / Secondary Special,Married,Cooking Staff,40,8,0,32,1
Unknown,247500,Working,Unknown,Married,Drivers,39,7,0,8,1
Female,270000,Unknown,Secondary / Secondary Special,Separated,Unknown,40,7,0,18,1
Female,67500,Working,Secondary / Secondary Special,Unknown,Sales Staff,54,7,0,26,1
Unknown,202500,Unknown,Secondary / Secondary Special,Married,Drivers,44,7,0,28,1
Female,135000,Working,Secondary / Secondary Special,Unknown,Laborers,28,6,0,10,1
Unknown,180000,State Servant,Higher Education,Married,Core Staff,44,21,0,8,1
Male,135000,Working,Unknown,Unknown,Unknown,46,12,0,18,1
Female,270000,State Servant,Higher Education,Married,Managers,38,7,0,37,1
Unknown,184500,Unknown,Secondary / Secondary Special,Married,Unknown,51,7,0,19,1
Female,63000,Working,Secondary / Secondary Special,Unknown,Unknown,47,13,0,24,1
Unknown,270000,Unknown,Secondary / Secondary Special,Married,Laborers,40,1,0,13,1
Unknown,144000,Working,Secondary / Secondary Special,Single / Not Married,Laborers,42,5,0,18,1
Female,202500,Working,Secondary / Secondary Special,Unknown,Sales Staff,38,10,0,18,1
Unknown,135000,Unknown,Unknown,Married,Sales Staff,25,7,0,4,1
Unknown,135000,Commercial Associate,Unknown,Unknown,Unknown,44,8,1,14,1
Unknown,180000,Unknown,Higher Education,Unknown,Sales Staff,40,7,0,18,1
Unknown,202500,Unknown,Secondary / Secondary Special,Married,Unknown,63,7,1,9,1
Unknown,225000,Commercial Associate,Secondary / Secondary Special,Married,Unknown,40,1,0,18,1
Female,270000,Unknown,Unknown,Married,Managers,40,7,0,31,1
Female,112500,Working,Secondary / Secondary Special,Married,Medicine Staff,40,7,0,18,1
Unknown,405000,Unknown,Higher Education,Married,High Skill Tech Staff,29,6,0,27,1
Unknown,270000,Working,Secondary / Secondary Special,Married,Laborers,41,7,0,9,1
Male,135000,Working,Secondary / Secondary Special,Single / Not Married,Unknown,26,3,0,8,1
Unknown,315000,Unknown,Secondary / Secondary Special,Unknown,Laborers,40,7,0,17,1
Male,198000,Working,Unknown,Married,Drivers,40,10,0,18,1
Unknown,234000,Unknown,Secondary / Secondary Special,Single / Not Married,Cleaning Staff,50,7,0,23,1
Unknown,450000,Unknown,Higher Education,Civil Marriage,Unknown,48,10,0,18,1
Female,189000,Working,Unknown,Married,Unknown,52,7,0,42,1
Male,234000,Working,Unknown,Unknown,Laborers,40,5,0,18,1
Unknown,450000,Unknown,Higher Education,Unknown,Managers,40,16,0,47,1
Unknown,360000,Working,Higher Education,Unknown,Core Staff,47,7,0,4,1
Unknown,270000,Working,Unknown,Married,Managers,40,2,0,18,1
Male,306000,Unknown,Secondary / Secondary Special,Unknown,Managers,44,7,0,43,1
Unknown,540000,Commercial Associate,Unknown,Married,Unknown,52,4,2,40,1
Unknown,306000,Working,Secondary / Secondary Special,Married,Unknown,44,7,0,43,1
Female,202500,Working,Secondary / Secondary Special,Unknown,Core Staff,49,7,0,28,1
Female,202500,Unknown,Higher Education,Unknown,Unknown,40,7,0,18,1
Unknown,202500,Unknown,Unknown,Separated,Unknown,52,7,0,27,1
Male,135000,Working,Secondary / Secondary Special,Unknown,Unknown,31,7,0,18,1
Male,90000,Unknown,Secondary / Secondary Special,Civil Marriage,Unknown,36,1,0,8,1
Unknown,360000,Commercial Associate,Higher Education,Civil Marriage,Sales Staff,41,7,0,13,1
Male,315000,Working,Unknown,Unknown,Managers,40,4,0,24,1
Unknown,270000,Unknown,Higher Education,Married,Unknown,49,2,0,44,1
Male,450000,Commercial Associate,Secondary / Secondary Special,Married,Unknown,40,6,0,11,1
Female,121500,Commercial Associate,Secondary / Secondary Special,Married,Unknown,40,5,0,5,1
Unknown,270000,Unknown,Unknown,Unknown,Sales Staff,39,5,0,19,1
Female,72000,Working,Secondary / Secondary Special,Married,Sales Staff,47,4,0,25,1
Female,292500,Commercial Associate,Unknown,Unknown,Core Staff,40,2,0,18,1
Female,112500,Unknown,Unknown,Unknown,Core Staff,40,7,0,21,1
Unknown,135000,Unknown,Secondary / Secondary Special,Unknown,Laborers,33,7,1,18,1
Female,216000,Commercial Associate,Higher Education,Unknown,Accountants,34,7,0,18,1
Male,180000,Working,Secondary / Secondary Special,Married,Drivers,55,7,0,25,1
Female,270000,Unknown,Unknown,Unknown,Realty Agents,40,8,0,18,1
Male,180000,Working,Higher Education,Married,Cooking Staff,43,7,0,24,1
Female,112500,Working,Unknown,Unknown,Medicine Staff,55,16,0,12,1
Female,126000,Working,Secondary / Secondary Special,Married,Sales Staff,55,7,0,18,1
Female,180000,Unknown,Secondary / Secondary Special,Unknown,Managers,39,7,0,18,1
Female,360000,Commercial Associate,Unknown,Married,Unknown,40,7,0,18,1
Male,112500,Working,Secondary / Secondary Special,Married,Unknown,40,5,0,18,1
Male,225000,Working,Unknown,Unknown,Unknown,40,12,1,33,1
Male,225000,Unknown,Unknown,Married,Drivers,28,4,0,7,1
Unknown,180000,Working,Secondary / Secondary Special,Unknown,Laborers,49,16,0,18,1
Unknown,360000,Commercial Associate,Unknown,Unknown,Managers,40,7,0,18,1
Female,135000,Working,Unknown,Unknown,Laborers,44,7,0,18,1
Female,247500,Commercial Associate,Unknown,Single / Not Married,Unknown,42,7,0,2,1
Unknown,292500,State Servant,Unknown,Married,Managers,40,7,0,18,1
Male,157500,Unknown,Secondary / Secondary Special,Unknown,Sales Staff,35,7,0,26,1
Male,315000,Working,Unknown,Single / Not Married,Unknown,40,15,3,18,1
Unknown,180000,Unknown,Secondary / Secondary Special,Single / Not Married,Managers,52,5,0,26,1
Female,112500,Unknown,Unknown,Unknown,Unknown,31,12,0,18,1
Female,157500,Commercial Associate,Unknown,Married,Unknown,47,7,0,18,1
Unknown,146250,Unknown,Unknown,Unknown,Unknown,26,2,0,18,1
Male,112500,Unknown,Secondary / Secondary Special,Married,Unknown,40,2,0,35,1
Unknown,135000,Working,Secondary / Secondary Special,Married,Unknown,40,7,0,42,1
Female,67500,Unknown,Secondary / Secondary Special,Married,Unknown,55,7,0,18,1
Female,292500,Working,Secondary / Secondary Special,Unknown,Unknown,40,13,0,27,1
Unknown,135000,Working,Secondary / Secondary Special,Unknown,Security Staff,40,7,0,6,1
Female,180000,Commercial Associate,Higher Education,Unknown,Core Staff,28,4,0,18,1
Unknown,135000,Working,Unknown,Single / Not Married,Unknown,40,7,0,40,1
Unknown,112500,Unknown,Secondary / Secondary Special,Single / Not Married,Unknown,56,5,9,18,1
Female,58500,Unknown,Secondary / Secondary Special,Married,Unknown,41,7,0,40,1
Male,225000,Unknown,Unknown,Married,Managers,36,7,1,19,1
Male,405000,Commercial Associate,Unknown,Married,Managers,33,6,0,30,1
Male,180000,Unknown,Unknown,Married,Drivers,40,3,0,18,1
Female,180000,Commercial Associate,Unknown,Unknown,Laborers,40,12,0,18,1
Female,180000,Working,Higher Education,Unknown,Unknown,64,6,0,10,1
Male,180000,Unknown,Incomplete Higher,Single / Not Married,Unknown,27,1,0,6,1
Unknown,99000,Working,Secondary / Secondary Special,Married,Unknown,40,7,0,18,1
Male,225000,Working,Unknown,Married,Unknown,40,3,0,40,1
Female,247500,Commercial Associate,Secondary / Secondary Special,Civil Marriage,Unknown,32,7,0,9,1
Female,315000,Commercial Associate,Secondary / Secondary Special,Separated,Laborers,50,9,0,11,1
Unknown,81000,Working,Unknown,Married,Unknown,40,9,0,18,1
Male,225000,Unknown,Secondary / Secondary Special,Single / Not Married,Unknown,40,2,1,15,1
Unknown,360000,State Servant,Higher Education,Unknown,Managers,40,16,0,31,1
Unknown,247500,Unknown,Secondary / Secondary Special,Unknown,Unknown,40,19,0,2,1
Unknown,112500,Working,Higher Education,Civil Marriage,Unknown,35,7,0,31,1
Male,157500,Commercial Associate,Secondary / Secondary Special,Single / Not Married,Unknown,40,7,0,18,1
Female,180000,Working,Higher Education,Widow,Sales Staff,53,4,0,18,1
Unknown,76500,State Servant,Unknown,Married,Core Staff,40,9,0,3,1
Female,122400,Unknown,Secondary / Secondary Special,Married,Medicine Staff,58,4,0,18,1
Unknown,247500,Working,Unknown,Unknown,Unknown,50,7,0,47,1
Male,306000,Unknown,Secondary / Secondary Special,Unknown,Managers,52,24,0,51,1
Unknown,180000,Unknown,Unknown,Unknown,Laborers,40,7,0,31,1
Female,90000,Commercial Associate,Secondary / Secondary Special,Married,Unknown,40,2,0,18,1
Unknown,180000,Unknown,Secondary / Secondary Special,Unknown,Sales Staff,40,7,0,18,1
Male,139500,Unknown,Secondary / Secondary Special,Unknown,Unknown,40,16,0,18,1
Unknown,135000,Unknown,Secondary / Secondary Special,Married,Laborers,40,10,0,18,1
Female,157500,Unknown,Unknown,Unknown,Sales Staff,38,7,0,25,1
Unknown,180000,State Servant,Higher Education,Unknown,Unknown,31,10,0,46,1
Unknown,135000,Unknown,Unknown,Married,Accountants,40,7,0,4,1
Unknown,157500,Commercial Associate,Unknown,Unknown,Unknown,53,7,0,15,1
Unknown,225000,Commercial Associate,Secondary / Secondary Special,Widow,Cleaning Staff,58,3,0,18,1
Unknown,202500,Working,Secondary / Secondary Special,Separated,Laborers,39,1,0,42,1
Unknown,225000,Working,Higher Education,Married,Drivers,40,3,0,35,1
Unknown,306000,Working,Unknown,Married,Managers,37,7,0,25,1
Male,180000,Working,Unknown,Unknown,Drivers,60,7,0,18,1
Female,360000,Commercial Associate,Incomplete Higher,Unknown,Unknown,47,1,0,18,1
Male,270000,Commercial Associate,Incomplete Higher,Single / Not Married,Unknown,40,1,0,18,1
Female,270000,Unknown,Unknown,Unknown,Unknown,30,3,0,18,1
Male,144000,Working,Secondary / Secondary Special,Unknown,Unknown,40,2,0,12,1
Female,175500,Unknown,Unknown,Married,Core Staff,40,2,0,18,1
Unknown,135000,Unknown,Unknown,Married,Laborers,40,24,0,2,1
Female,157500,Working,Secondary / Secondary Special,Single / Not Married,Unknown,40,7,0,4,1
Unknown,157500,Unknown,Secondary / Secondary Special,Unknown,Accountants,33,6,0,18,1
Unknown,135000,Working,Secondary / Secondary Special,Married,Unknown,40,22,0,3,1
Unknown,180000,Working,Higher Education,Married,Unknown,39,7,0,38,1
Unknown,90000,Unknown,Unknown,Unknown,Unknown,33,1,0,41,1
Male,112500,Unknown,Secondary / Secondary Special,Unknown,Unknown,42,7,0,41,1
Unknown,288000,Commercial Associate,Unknown,Widow,Private Service Staff,40,1,0,17,1
Unknown,135000,Unknown,Unknown,Married,Managers,40,8,0,22,1
Female,112500,Commercial Associate,Unknown,Married,Cleaning Staff,36,1,0,2,1
Male,135000,Unknown,Secondary / Secondary Special,Married,Sales Staff,40,4,0,18,1
Male,90000,Working,Secondary / Secondary Special,Unknown,Unknown,40,3,0,8,1
Female,90000,Unknown,Unknown,Married,Medicine Staff,46,7,0,32,1
Female,315000,Working,Unknown,Separated,Unknown,40,6,0,18,1
Female,216000,Working,Secondary / Secondary Special,Unknown,Laborers,52,34,2,18,1
Male,225000,Commercial Associate,Unknown,Married,Unknown,28,6,0,18,1
Male,126000,Working,Secondary / Secondary Special,Married,Unknown,46,7,0,18,1
Female,157500,Unknown,Unknown,Unknown,Core Staff,39,7,0,2,1
Male,202500,Working,Unknown,Unknown,Unknown,27,7,4,12,1
Male,202500,Commercial Associate,Higher Education,Married,Laborers,40,9,0,41,1
Female,90000,Working,Secondary / Secondary Special,Unknown,Medicine Staff,40,6,0,18,1
Male,180000,Working,Unknown,Married,Unknown,40,10,0,18,1
Unknown,292500,Working,Secondary / Secondary Special,Married,Medicine Staff,58,39,0,2,1
Unknown,135000,Commercial Associate,Incomplete Higher,Single / Not Married,Accountants,40,1,1,17,1
Unknown,126000,Working,Secondary / Secondary Special,Unknown,Unknown,23,7,0,18,1
Unknown,135000,Working,Secondary / Secondary Special,Unknown,Laborers,38,3,0,47,1
Unknown,225000,Commercial Associate,Unknown,Unknown,Drivers,40,7,0,6,1
Unknown,180000,Working,Higher Education,Married,Unknown,35,7,0,12,1
Female,270000,Unknown,Secondary / Secondary Special,Widow,Cooking Staff,52,7,0,18,1
Unknown,202500,Working,Higher Education,Single / Not Married,Drivers,49,7,9,18,1
Unknown,252000,Working,Unknown,Separated,Unknown,51,21,0,18,1
Male,180000,Working,Unknown,Married,Drivers,37,3,0,11,1
Female,157500,Unknown,Unknown,Unknown,Unknown,40,1,0,8,1
Unknown,117000,Commercial Associate,Secondary / Secondary Special,Single / Not Married,Laborers,48,7,1,18,1
Male,119250,Working,Secondary / Secondary Special,Unknown,Unknown,40,7,0,52,1
Unknown,72000,State Servant,Secondary / Secondary Special,Married,Unknown,54,22,0,18,1
Female,157500,Working,Secondary / Secondary Special,Unknown,Unknown,32,11,0,47,1
Male,198000,Commercial Associate,Unknown,Civil Marriage,Managers,40,12,3,18,1
Unknown,157500,Working,Unknown,Unknown,Medicine Staff,40,6,0,34,1
Female,202500,Unknown,Secondary / Secondary Special,Married,High Skill Tech Staff,35,7,0,8,1
Female,112500,Working,Higher Education,Civil Marriage,Laborers,40,9,4,18,1
Unknown,135000,Commercial Associate,Higher Education,Unknown,Unknown,40,2,0,54,1
Unknown,234000,Unknown,Unknown,Unknown,Unknown,40,7,0,18,1
Female,337500,Working,Secondary / Secondary Special,Unknown,Core Staff,36,7,0,18,1
Female,292500,Working,Incomplete Higher,Single / Not Married,Core Staff,35,7,0,21,1
Male,193500,Working,Unknown,Married,Core Staff,40,7,0,28,1
Unknown,324000,Working,Higher Education,Unknown,High Skill Tech Staff,31,7,0,37,1
Female,202500,Working,Secondary / Secondary Special,Single / Not Married,Medicine Staff,57,36,0,18,1
Male,270000,Commercial Associate,Higher Education,Married,Drivers,39,3,0,18,1
Female,85500,Commercial Associate,Higher Education,Married,High Skill Tech Staff,38,13,0,30,1
Male,157500,Unknown,Unknown,Married,Unknown,57,7,0,17,1
Unknown,315000,Unknown,Unknown,Unknown,Unknown,31,7,0,18,1
Female,90000,Unknown,Unknown,Unknown,Unknown,46,7,0,12,1
Unknown,225000,Commercial Associate,Unknown,Unknown,Unknown,40,2,0,51,1
Male,180000,Working,Secondary / Secondary Special,Unknown,Sales Staff,28,7,0,25,1
Male,225000,Unknown,Higher Education,Unknown,Laborers,46,7,0,18,1
Unknown,135000,Working,Secondary / Secondary Special,Unknown,Unknown,40,5,0,18,1
Female,315000,Unknown,Secondary / Secondary Special,Married,Unknown,54,12,0,34,1
Male,225000,Working,Secondary / Secondary Special,Unknown,Unknown,28,7,0,18,1
Male,90000,Working,Secondary / Secondary Special,Unknown,Drivers,39,7,0,18,1
Female,112500,Commercial Associate,Secondary / Secondary Special,Unknown,Cleaning Staff,40,1,0,2,1
Female,112500,Working,Secondary / Secondary Special,Single / Not Married,Unknown,26,7,2,5,1
Female,135000,Commercial Associate,Secondary / Secondary Special,Married,Unknown,40,7,0,7,1
Unknown,117000,Working,Unknown,Unknown,Unknown,41,7,0,17,1
Unknown,135000,Working,Secondary / Secondary Special,Widow,Core Staff,40,2,16,33,1
Unknown,202500,Unknown,Secondary / Secondary Special,Unknown,Drivers,40,3,0,18,1
Unknown,225000,Unknown,Secondary / Secondary Special,Married,Laborers,40,7,0,18,1
Male,337500,Unknown,Unknown,Unknown,Unknown,40,7,0,17,1
Unknown,202500,Unknown,Unknown,Unknown,Managers,33,7,0,31,1
Unknown,130500,Working,Unknown,Unknown,Laborers,32,8,0,18,1
Unknown,157500,Commercial Associate,Secondary / Secondary Special,Unknown,Unknown,40,7,0,8,1
Male,225000,Unknown,Unknown,Married,Managers,30,1,0,17,1
Unknown,112500,Unknown,Unknown,Unknown,Sales Staff,36,7,0,2,1
Male,225000,Unknown,Secondary / Secondary Special,Married,Unknown,52,7,0,9,1
Male,225000,Working,Secondary / Secondary Special,Married,Managers,39,8,0,5,1
Female,270000,Commercial Associate,Unknown,Unknown,Private Service Staff,39,9,0,18,1
Male,270000,Unknown,Unknown,Civil Marriage,Drivers,40,1,0,18,1
Male,180000,Commercial Associate,Unknown,Unknown,Unknown,41,7,0,26,1
Female,283500,Commercial Associate,Secondary / Secondary Special,Unknown,Private Service Staff,40,7,0,32,1
Male,270000,Commercial Associate,Secondary / Secondary Special,Married,Laborers,44,7,0,18,1
Female,76500,Commercial Associate,Secondary / Secondary Special,Married,Unknown,40,7,0,18,1
Unknown,162000,Unknown,Secondary / Secondary Special,Married,Unknown,34,5,0,46,1
Male,247500,Working,Unknown,Unknown,Unknown,26,1,0,17,1
Unknown,45000,Working,Secondary / Secondary Special,Unknown,Sales Staff,40,7,0,18,1
Unknown,765000,Unknown,Higher Education,Married,Unknown,40,4,0,18,1
Unknown,315000,Working,Higher Education,Married,Unknown,30,7,0,37,1
Female,144000,Commercial Associate,Secondary / Secondary Special,Married,Laborers,40,7,0,18,1
Unknown,315000,Working,Unknown,Married,Unknown,37,4,0,14,1
Female,292500,Working,Higher Education,Unknown,Unknown,40,14,0,18,1
Unknown,193500,Working,Higher Education,Unknown,Unknown,40,7,0,32,1
Unknown,121500,Working,Unknown,Unknown,Unknown,42,9,0,18,1
Male,135000,Unknown,Secondary / Secondary Special,Unknown,Unknown,28,7,0,27,1
Female,157500,Unknown,Secondary / Secondary Special,Married,Core Staff,40,9,6,28,1
Unknown,144000,Commercial Associate,Secondary / Secondary Special,Unknown,Drivers,40,7,0,20,1
Male,279000,Working,Secondary / Secondary Special,Separated,Unknown,51,7,0,18,1
Female,270000,Unknown,Secondary / Secondary Special,Single / Not Married,Unknown,55,11,0,12,1
Female,225000,Working,Secondary / Secondary Special,Unknown,Unknown,40,6,0,8,1
Female,135000,Unknown,Unknown,Unknown,Private Service Staff,40,5,0,6,1
Female,148500,Unknown,Unknown,Unknown,Laborers,40,7,0,18,1
Unknown,157500,Unknown,Unknown,Widow,Drivers,63,6,0,9,1
Female,135000,Working,Secondary / Secondary Special,Civil Marriage,Sales Staff,28,7,0,18,1
Female,135000,Commercial Associate,Unknown,Married,Core Staff,25,7,0,18,1
Unknown,364500,Working,Unknown,Married,Laborers,23,7,0,16,1
Unknown,103500,Unknown,Unknown,Married,Laborers,38,13,0,8,1
Female,180000,Working,Unknown,Married,Laborers,48,7,3,18,1
Female,202500,Unknown,Unknown,Married,Accountants,36,3,0,4,1
Female,630000,Working,Unknown,Unknown,Sales Staff,52,18,0,9,1
Male,202500,Working,Incomplete Higher,Civil Marriage,Core Staff,24,1,0,18,1
Female,315000,State Servant,Unknown,Married,Managers,39,1,2,18,1
Unknown,207000,Unknown,Unknown,Unknown,Hr Staff,41,7,0,18,1
Male,157500,Working,Unknown,Unknown,Unknown,40,5,0,18,1
Female,270000,Unknown,Unknown,Civil Marriage,Unknown,34,7,6,18,1
Female,180000,Unknown,Secondary / Secondary Special,Married,Medicine Staff,40,3,0,26,1
Female,112500,Working,Higher Education,Married,Unknown,40,5,0,18,1
Unknown,202500,Unknown,Unknown,Married,Unknown,40,7,0,19,1
Unknown,202500,Working,Secondary / Secondary Special,Separated,Laborers,49,13,0,18,1
Unknown,120150,Commercial Associate,Unknown,Unknown,Security Staff,40,3,0,18,1
Unknown,270000,Working,Lower Secondary,Married,High Skill Tech Staff,40,7,0,18,1
Unknown,292500,Unknown,Secondary / Secondary Special,Married,Unknown,49,7,0,10,1
Female,135000,Unknown,Higher Education,Single / Not Married,Accountants,28,5,0,18,1
Male,135000,Unknown,Lower Secondary,Married,Laborers,37,2,0,18,1
Unknown,247500,Working,Unknown,Married,Drivers,40,7,0,6,1
Female,135000,Commercial Associate,Higher Education,Married,Unknown,40,3,0,18,1
Female,112500,Unknown,Secondary / Secondary Special,Married,Sales Staff,43,7,0,10,1
Unknown,225000,Unknown,Secondary / Secondary Special,Married,Unknown,40,3,0,48,1
Female,157500,Working,Secondary / Secondary Special,Unknown,Managers,44,7,0,17,1
Female,247500,Unknown,Unknown,Married,Managers,58,11,0,23,1
Male,225000,Commercial Associate,Unknown,Unknown,Unknown,42,12,0,8,1
Unknown,202500,Working,Higher Education,Single / Not Married,Drivers,49,7,9,18,1
Female,180000,Unknown,Unknown,Civil Marriage,Unknown,40,21,0,18,1
Female,112500,Working,Unknown,Unknown,Cleaning Staff,40,4,0,18,1
Male,301500,Unknown,Unknown,Married,Laborers,25,7,0,18,1
Female,108000,Working,Unknown,Unknown,Unknown,48,7,0,18,1
Male,315000,Unknown,Secondary / Secondary Special,Unknown,Laborers,36,12,0,18,1
Unknown,135000,Working,Unknown,Unknown,Core Staff,27,2,0,18,1
Female,135000,Working,Secondary / Secondary Special,Married,Waiters/Barmen Staff,37,7,0,6,1
Female,148500,Working,Secondary / Secondary Special,Unknown,Unknown,29,7,0,23,1
Male,405000,Working,Unknown,Married,Unknown,50,7,0,18,1
Male,180000,Unknown,Secondary / Secondary Special,Unknown,Drivers,40,6,0,15,1
Male,135000,Working,Higher Education,Married,Managers,47,1,0,14,1
Unknown,166500,Unknown,Unknown,Unknown,Laborers,40,7,0,6,1
Female,360000,Unknown,Secondary / Secondary Special,Married,Sales Staff,40,1,4,18,1
Unknown,292500,Working,Unknown,Married,Unknown,58,14,0,22,1
Female,180000,Working,Higher Education,Unknown,Unknown,36,13,0,18,1
Female,103500,Working,Secondary / Secondary Special,Unknown,Medicine Staff,40,7,0,18,1
Unknown,180000,Working,Secondary / Secondary Special,Unknown,Laborers,57,7,0,18,1
Female,202500,Unknown,Secondary / Secondary Special,Unknown,Laborers,52,7,0,18,1
Female,180000,Working,Unknown,Unknown,Cooking Staff,53,4,0,18,1
Unknown,135000,Unknown,Higher Education,Unknown,Managers,38,12,0,23,1
Unknown,216000,Unknown,Secondary / Secondary Special,Married,Unknown,40,7,0,18,1
Female,166500,Working,Incomplete Higher,Married,Unknown,40,7,0,18,1
Unknown,225000,Commercial Associate,Higher Education,Unknown,Unknown,40,7,0,18,1
Female,315000,Working,Unknown,Married,Accountants,38,7,0,18,1
Unknown,135000,Unknown,Secondary / Secondary Special,Civil Marriage,Sales Staff,40,2,0,18,1
Female,112500,Working,Secondary / Secondary Special,Married,Unknown,38,7,0,18,1
Female,157500,Unknown,Higher Education,Married,Core Staff,38,8,0,26,1
Female,67500,Unknown,Secondary / Secondary Special,Unknown,Medicine Staff,29,8,1,22,1
Unknown,166500,Working,Unknown,Unknown,Medicine Staff,40,11,0,18,1
Male,112500,Unknown,Unknown,Married,Unknown,28,7,0,5,1
Female,450000,Unknown,Unknown,Separated,Core Staff,53,7,0,58,1
Male,180000,Working,Unknown,Unknown,Security Staff,55,7,0,24,1
Female,225000,State Servant,Higher Education,Separated,Managers,51,7,0,16,1
Male,225000,Commercial Associate,Secondary / Secondary Special,Married,Unknown,48,1,0,6,1
Male,270000,Working,Unknown,Married,Accountants,40,7,0,18,1
Unknown,126000,Working,Unknown,Unknown,Security Staff,40,7,0,18,1
Female,157500,Unknown,Unknown,Civil Marriage,Unknown,40,4,0,18,1
Male,135000,Working,Unknown,Married,Unknown,40,7,0,10,1
Male,112500,Working,Secondary / Secondary Special,Unknown,Laborers,40,1,0,18,1
Female,67500,Unknown,Unknown,Unknown,Core Staff,54,7,0,18,1
Male,176400,Commercial Associate,Higher Education,Married,Sales Staff,27,1,0,4,1
Female,63000,Working,Unknown,Unknown,Unknown,55,5,0,12,1
Male,270000,Commercial Associate,Secondary / Secondary Special,Unknown,Unknown,40,11,0,43,1
Female,157500,Working,Unknown,Unknown,Unknown,40,2,0,18,1
Male,346500,Commercial Associate,Unknown,Married,Laborers,40,7,0,18,1
Female,387000,Working,Unknown,Married,Unknown,37,8,0,32,1
Male,247500,Unknown,Higher Education,Single / Not Married,Laborers,40,7,0,33,1
Female,135000,Unknown,Secondary / Secondary Special,Unknown,Sales Staff,43,7,0,18,1
Unknown,225000,Commercial Associate,Unknown,Married,Managers,40,5,0,18,1
Female,216000,Unknown,Higher Education,Single / Not Married,Unknown,29,7,0,18,1
Male,135000,Working,Secondary / Secondary Special,Married,Laborers,40,7,0,10,1
Unknown,72000,Working,Secondary / Secondary Special,Married,Unknown,40,7,0,18,1
Unknown,126000,Working,Unknown,Unknown,Laborers,40,7,0,29,1
Unknown,112500,Unknown,Secondary / Secondary Special,Unknown,Laborers,40,5,0,18,1
Male,157500,Working,Secondary / Secondary Special,Unknown,Unknown,40,3,0,18,1
Female,360000,Unknown,Secondary / Secondary Special,Single / Not Married,Unknown,51,7,0,43,1
Female,157500,Unknown,Unknown,Unknown,Core Staff,40,7,0,30,1
Unknown,157500,Working,Secondary / Secondary Special,Unknown,Cooking Staff,40,7,2,5,1
Female,225000,Commercial Associate,Higher Education,Separated,Laborers,43,1,0,18,1
Unknown,360000,Unknown,Secondary / Secondary Special,Unknown,Unknown,40,6,0,18,1
Unknown,270000,Working,Secondary / Secondary Special,Single / Not Married,Unknown,40,7,0,18,1
Female,360000,Unknown,Unknown,Unknown,Managers,46,7,0,15,1
Unknown,135000,Unknown,Unknown,Unknown,Sales Staff,40,7,0,9,1
Female,387000,Unknown,Secondary / Secondary Special,Married,Sales Staff,40,14,0,55,1
Female,126000,Unknown,Higher Education,Married,Core Staff,28,2,0,35,1
Female,157500,Unknown,Secondary / Secondary Special,Unknown,Unknown,33,7,0,14,1
Unknown,225000,Working,Unknown,Unknown,Laborers,36,7,0,18,1
Male,450000,Working,Secondary / Secondary Special,Married,Unknown,41,7,1,18,1
Female,112500,Commercial Associate,Unknown,Unknown,Unknown,53,12,0,18,1
Female,189000,Commercial Associate,Secondary / Secondary Special,Married,Unknown,49,2,0,18,1
Female,391500,Unknown,Unknown,Married,Core Staff,40,20,1,48,1
Female,202500,Unknown,Unknown,Married,Unknown,59,3,0,18,1
Unknown,135000,Working,Unknown,Unknown,Laborers,47,7,0,33,1
Female,180000,Working,Secondary / Secondary Special,Unknown,Unknown,40,7,0,9,1
Unknown,202500,Working,Higher Education,Unknown,Managers,40,6,0,18,1
Female,180000,Commercial Associate,Secondary / Secondary Special,Unknown,Unknown,39,7,0,18,1
Female,157500,Commercial Associate,Unknown,Civil Marriage,Unknown,41,7,0,15,1
Female,351000,Unknown,Secondary / Secondary Special,Single / Not Married,Medicine Staff,48,12,2,18,1
Female,180000,Unknown,Secondary / Secondary Special,Married,Medicine Staff,40,3,0,26,1
Unknown,315000,State Servant,Unknown,Married,Unknown,37,4,0,5,1
Unknown,270000,Unknown,Unknown,Married,Laborers,31,7,0,18,1
Female,225000,Commercial Associate,Unknown,Widow,Laborers,60,33,0,59,1
Unknown,157500,Working,Secondary / Secondary Special,Unknown,Unknown,36,9,0,18,1
Female,135000,Commercial Associate,Higher Education,Unknown,Managers,40,4,0,18,1
Unknown,225000,Working,Unknown,Unknown,Laborers,40,15,0,17,1
Unknown,90000,Commercial Associate,Unknown,Unknown,Unknown,40,8,0,52,1
Unknown,270000,Commercial Associate,Unknown,Single / Not Married,Sales Staff,40,7,0,18,1
Unknown,211500,Working,Secondary / Secondary Special,Unknown,Core Staff,48,4,0,51,1
Male,225000,Unknown,Unknown,Married,Sales Staff,40,3,0,11,1
Female,315000,State Servant,Unknown,Married,Managers,39,1,2,18,1
Unknown,360000,Working,Unknown,Married,Cooking Staff,40,7,0,49,1
Male,81000,Working,Unknown,Married,Unknown,44,7,0,15,1
Unknown,247500,Working,Unknown,Married,Unknown,40,7,0,18,1
Unknown,171000,Unknown,Secondary / Secondary Special,Married,High Skill Tech Staff,59,7,0,48,1
Unknown,135000,Working,Secondary / Secondary Special,Married,Unknown,40,1,0,18,1
Unknown,45000,Unknown,Secondary / Secondary Special,Unknown,Cleaning Staff,43,3,2,6,1
Female,135000,Working,Higher Education,Unknown,High Skill Tech Staff,40,4,0,13,1
Unknown,157500,State Servant,Secondary / Secondary Special,Unknown,Medicine Staff,33,14,0,29,1
Unknown,144000,Working,Higher Education,Married,Unknown,36,9,0,18,1
Female,180000,Commercial Associate,Secondary / Secondary Special,Unknown,Unknown,34,4,0,18,1
Female,337500,Unknown,Secondary / Secondary Special,Unknown,Core Staff,40,10,0,18,1
Male,180000,State Servant,Secondary / Secondary Special,Married,Core Staff,40,13,0,11,1
Unknown,180000,Unknown,Higher Education,Unknown,Unknown,28,7,0,5,1
Male,112500,Working,Unknown,Unknown,Unknown,40,7,0,18,1
Male,135000,Unknown,Unknown,Unknown,Unknown,40,10,0,14,1
Male,270000,Commercial Associate,Secondary / Secondary Special,Unknown,Drivers,40,7,0,18,1
Female,180000,Unknown,Unknown,Unknown,Unknown,55,11,0,30,1
Unknown,157500,Working,Unknown,Unknown,Unknown,40,7,0,9,1
Female,112500,Unknown,Secondary / Secondary Special,Married,Unknown,25,2,0,18,1
Male,135000,Unknown,Unknown,Unknown,Unknown,38,7,0,18,1
Unknown,243000,State Servant,Unknown,Married,Core Staff,28,10,2,18,1
Male,216000,Unknown,Higher Education,Unknown,Unknown,30,4,0,14,1
Unknown,157500,Working,Secondary / Secondary Special,Civil Marriage,Unknown,57,7,0,28,1
Male,108000,Working,Unknown,Married,Laborers,40,21,0,25,1
Male,157500,Unknown,Unknown,Unknown,Drivers,40,7,0,18,1
Unknown,135000,Working,Incomplete Higher,Married,Core Staff,45,7,0,23,1
Female,171000,Working,Unknown,Married,Sales Staff,42,6,0,32,1
Female,157500,Unknown,Unknown,Unknown,Core Staff,29,7,0,18,1
Unknown,148500,Working,Secondary / Secondary Special,Married,Unknown,42,3,0,18,1
Female,247500,Unknown,Unknown,Married,Laborers,31,7,0,51,1
Unknown,135000,Commercial Associate,Unknown,Unknown,Unknown,33,7,0,35,1
Male,315000,Working,Secondary / Secondary Special,Separated,Unknown,45,3,0,18,1
Male,315000,Unknown,Unknown,Married,Drivers,51,7,0,37,1
Unknown,225000,Commercial Associate,Higher Education,Single / Not Married,Core Staff,40,26,0,30,1
Female,180000,Unknown,Secondary / Secondary Special,Unknown,Unknown,51,7,0,16,1
Unknown,292500,State Servant,Unknown,Civil Marriage,Unknown,40,7,0,15,1
Female,112500,Working,Higher Education,Unknown,Unknown,40,7,0,43,1
Female,247500,Unknown,Secondary / Secondary Special,Civil Marriage,Unknown,49,1,0,1,1
Female,112500,Unknown,Unknown,Married,Laborers,35,7,0,18,1
Male,135000,Working,Unknown,Unknown,Unknown,29,3,0,10,1
Unknown,135000,Unknown,Secondary / Secondary Special,Unknown,Laborers,30,2,0,18,1
Female,405000,Unknown,Higher Education,Married,Laborers,42,2,0,23,1
Male,315000,Unknown,Incomplete Higher,Unknown,Managers,30,7,0,28,1
Female,387000,Commercial Associate,Unknown,Unknown,Unknown,55,7,0,32,1
Unknown,157500,Unknown,Unknown,Unknown,Laborers,40,12,0,33,1
Male,270000,Working,Secondary / Secondary Special,Married,Core Staff,25,7,1,18,1
Male,225000,Unknown,Unknown,Unknown,Unknown,40,8,0,26,1
Female,126000,Unknown,Secondary / Secondary Special,Unknown,Unknown,40,4,0,18,1
Female,130500,Working,Unknown,Married,Core Staff,40,16,0,18,1
Female,180000,Commercial Associate,Unknown,Single / Not Married,Core Staff,40,20,0,13,1
Male,222750,Working,Higher Education,Unknown,Unknown,40,4,0,25,1
Unknown,382500,Working,Higher Education,Married,It Staff,40,7,0,18,1
Unknown,135000,Commercial Associate,Secondary / Secondary Special,Married,Cleaning Staff,62,7,0,31,1
Female,58500,Unknown,Secondary / Secondary Special,Unknown,Unknown,40,17,0,16,1
Unknown,171000,Commercial Associate,Unknown,Married,Security Staff,58,7,0,40,1
Female,112500,Unknown,Secondary / Secondary Special,Unknown,Sales Staff,44,3,0,13,1
Unknown,202500,Unknown,Unknown,Civil Marriage,Unknown,30,3,0,18,1
Female,180000,Commercial Associate,Higher Education,Unknown,Managers,40,5,0,30,1
Female,180000,Unknown,Higher Education,Unknown,Unknown,40,9,0,39,1
Male,157500,Unknown,Higher Education,Married,Laborers,40,12,0,46,1
Female,94500,Commercial Associate,Incomplete Higher,Married,Sales Staff,38,10,0,38,1
Male,391500,Working,Unknown,Separated,Security Staff,40,5,0,27,1
Female,144000,Working,Secondary / Secondary Special,Married,Medicine Staff,52,7,0,46,1
Unknown,180000,Commercial Associate,Unknown,Unknown,Managers,52,7,0,3,1
Female,157500,Working,Incomplete Higher,Unknown,Unknown,34,7,1,11,1
Male,202500,Unknown,Unknown,Married,Laborers,32,3,0,7,1
Unknown,202500,Working,Unknown,Married,High Skill Tech Staff,53,1,0,18,1
Male,157500,Commercial Associate,Higher Education,Unknown,Accountants,49,7,0,18,1
Male,202500,Working,Secondary / Secondary Special,Civil Marriage,Drivers,40,3,0,22,1
Female,180000,Unknown,Unknown,Married,Unknown,40,7,0,18,1
Unknown,85500,State Servant,Secondary / Secondary Special,Unknown,Unknown,40,7,0,18,1
Female,247500,Commercial Associate,Higher Education,Single / Not Married,Core Staff,33,6,3,10,1
Unknown,135000,Unknown,Secondary / Secondary Special,Married,Sales Staff,38,7,0,18,1
Female,292500,Unknown,Incomplete Higher,Married,Unknown,35,12,0,18,1
Male,315000,Working,Secondary / Secondary Special,Unknown,Managers,39,7,0,18,1
Unknown,126000,Working,Secondary / Secondary Special,Unknown,Unknown,32,4,0,12,1
Unknown,135000,Commercial Associate,Higher Education,Unknown,Unknown,43,8,0,18,1
Male,99000,Unknown,Unknown,Civil Marriage,Laborers,40,7,0,18,1
Unknown,225000,Unknown,Higher Education,Unknown,Core Staff,48,9,0,18,1
Male,225000,Working,Secondary / Secondary Special,Married,Unknown,56,7,2,2,0
Unknown,135000,Unknown,Unknown,Married,Drivers,46,7,0,9,1
Female,67500,Working,Secondary / Secondary Special,Unknown,Sales Staff,40,1,0,23,1
Female,135000,Unknown,Secondary / Secondary Special,Married,Medicine Staff,40,24,0,12,1
Unknown,180000,Working,Higher Education,Unknown,Accountants,30,4,1,18,1
Unknown,112500,Commercial Associate,Secondary / Secondary Special,Single / Not Married,Core Staff,43,7,0,18,1
Unknown,126000,Commercial Associate,Unknown,Separated,Unknown,45,9,0,31,1
Male,207000,Commercial Associate,Unknown,Married,Sales Staff,37,7,0,18,1
Unknown,225000,Working,Higher Education,Unknown,Unknown,47,7,0,1,1
Female,225000,Unknown,Secondary / Secondary Special,Unknown,Sales Staff,40,5,0,32,1
Female,157500,Commercial Associate,Unknown,Separated,Sales Staff,33,7,0,4,1
Unknown,247500,Working,Higher Education,Married,Unknown,33,7,0,12,1
Female,157500,Unknown,Unknown,Unknown,Unknown,34,7,0,18,1
Female,112500,Working,Secondary / Secondary Special,Separated,Sales Staff,41,2,0,18,1
Unknown,225000,Commercial Associate,Secondary / Secondary Special,Married,Laborers,40,7,0,18,1
Female,157500,Unknown,Higher Education,Unknown,Sales Staff,44,7,0,18,1
Male,247500,Working,Secondary / Secondary Special,Unknown,Laborers,39,7,0,12,1
Unknown,162000,Working,Secondary / Secondary Special,Civil Marriage,Managers,34,7,0,13,1
Unknown,135000,Working,Higher Education,Unknown,Unknown,40,7,0,29,1
Unknown,112500,Working,Secondary / Secondary Special,Unknown,Unknown,40,7,0,22,1
Female,405000,Working,Unknown,Married,Accountants,39,7,0,45,1
Unknown,90000,Unknown,Secondary / Secondary Special,Separated,Sales Staff,44,14,0,37,1
Unknown,202500,Unknown,Lower Secondary,Married,Laborers,37,15,0,18,1
Unknown,213750,State Servant,Higher Education,Unknown,Core Staff,35,7,0,18,1
Male,315000,Unknown,Secondary / Secondary Special,Married,Unknown,50,4,0,16,1
Male,207000,Commercial Associate,Unknown,Unknown,Managers,40,7,0,18,1
Unknown,135000,Unknown,Unknown,Married,Unknown,40,5,0,18,1
Unknown,247500,Unknown,Unknown,Unknown,Drivers,40,8,0,18,1
Female,112500,Working,Secondary / Secondary Special,Unknown,Unknown,40,7,0,12,1
Male,157500,State Servant,Unknown,Married,Core Staff,40,5,0,18,1
Male,306000,Unknown,Secondary / Secondary Special,Unknown,Managers,44,7,0,43,1
Female,135000,Commercial Associate,Secondary / Secondary Special,Unknown,Unknown,35,13,0,18,1
Unknown,157500,Unknown,Unknown,Unknown,Unknown,40,7,0,18,1
Unknown,247500,Unknown,Higher Education,Married,Security Staff,47,5,0,3,1
Male,135000,Working,Secondary / Secondary Special,Married,Unknown,26,3,2,19,1
Unknown,225000,Unknown,Unknown,Married,Unknown,28,4,0,4,1
Female,121500,State Servant,Higher Education,Married,Secretaries,40,7,0,8,1
Unknown,140400,Working,Unknown,Married,Core Staff,40,9,0,8,1
Female,135000,Commercial Associate,Unknown,Unknown,Unknown,36,7,0,5,1
Female,103500,Working,Secondary / Secondary Special,Unknown,Unknown,40,12,0,18,1
Female,238500,Commercial Associate,Secondary / Secondary Special,Unknown,Unknown,47,4,0,28,1
Female,157500,Unknown,Unknown,Married,Unknown,40,16,0,53,1
Female,315000,Commercial Associate,Secondary / Secondary Special,Separated,Unknown,40,6,0,18,1
Female,292500,Unknown,Unknown,Married,Laborers,40,7,0,18,1
Female,90000,State Servant,Unknown,Civil Marriage,Core Staff,35,8,0,6,1
Male,157500,Unknown,Secondary / Secondary Special,Married,Sales Staff,35,2,0,9,1
Unknown,292500,Working,Unknown,Unknown,Unknown,39,7,0,21,1
Male,112500,Unknown,Higher Education,Unknown,Unknown,33,2,0,15,1
Female,63000,Commercial Associate,Secondary / Secondary Special,Unknown,Unknown,40,7,0,40,1
Female,144000,State Servant,Unknown,Unknown,High Skill Tech Staff,50,7,0,17,1
Male,180000,Commercial Associate,Secondary / Secondary Special,Married,Unknown,39,8,0,18,1
Female,189000,Working,Secondary / Secondary Special,Married,Cleaning Staff,40,1,0,6,1
Male,78750,Unknown,Secondary / Secondary Special,Unknown,Unknown,40,1,0,5,1
Male,270000,Unknown,Unknown,Civil Marriage,Drivers,45,3,3,18,1
Unknown,202500,Working,Unknown,Civil Marriage,Sales Staff,27,4,0,18,1
Unknown,292500,Unknown,Secondary / Secondary Special,Married,Drivers,51,2,0,45,1
Unknown,157500,Working,Unknown,Married,Drivers,30,7,0,18,1
Unknown,180000,Working,Higher Education,Single / Not Married,Unknown,63,7,0,18,1
Male,270000,Working,Incomplete Higher,Unknown,Unknown,40,7,0,18,1
Male,247500,Working,Secondary / Secondary Special,Married,Drivers,31,7,0,27,1
Unknown,202500,Unknown,Higher Education,Unknown,Unknown,34,7,0,16,1
Male,202500,State Servant,Higher Education,Unknown,Unknown,35,7,0,17,1
Unknown,189000,Commercial Associate,Secondary / Secondary Special,Married,Sales Staff,40,7,0,41,1
Female,202500,Working,Unknown,Single / Not Married,Laborers,40,2,0,18,1
Unknown,135000,Working,Secondary / Secondary Special,Unknown,Security Staff,40,7,0,6,1
Male,616500,Commercial Associate,Unknown,Unknown,Managers,40,7,0,18,1
Unknown,135000,Working,Lower Secondary,Married,High Skill Tech Staff,45,2,6,51,1
Female,202500,Working,Higher Education,Unknown,Managers,40,5,0,50,1
Unknown,180000,Working,Secondary / Secondary Special,Married,Laborers,40,2,0,6,1
Unknown,315000,Working,Unknown,Married,Sales Staff,60,5,0,18,1
Unknown,315000,Unknown,Unknown,Unknown,Unknown,31,7,0,18,1
Female,112500,Commercial Associate,Unknown,Married,Medicine Staff,59,2,0,23,1
Male,360000,Commercial Associate,Unknown,Married,Unknown,42,5,0,29,1
Female,157500,Unknown,Higher Education,Unknown,Unknown,40,7,0,18,1
Unknown,135000,Commercial Associate,Secondary / Secondary Special,Unknown,Laborers,40,11,0,37,1
Male,247500,Unknown,Secondary / Secondary Special,Unknown,Unknown,40,21,0,18,1
Male,180000,Unknown,Secondary / Secondary Special,Married,Drivers,40,3,0,12,1
Female,360000,Commercial Associate,Secondary / Secondary Special,Single / Not Married,Accountants,40,7,0,18,1
Unknown,157500,State Servant,Secondary / Secondary Special,Unknown,Unknown,28,3,0,18,1
Female,270000,Unknown,Secondary / Secondary Special,Married,Sales Staff,47,7,0,8,1
Male,67500,Working,Secondary / Secondary Special,Married,Laborers,40,7,0,10,1
Unknown,202500,Unknown,Unknown,Married,Laborers,37,15,0,13,1
Male,180000,Unknown,Unknown,Unknown,Unknown,36,5,0,13,1
Unknown,216000,Working,Unknown,Married,Unknown,41,3,0,18,1
Female,94500,State Servant,Unknown,Separated,Laborers,51,7,0,51,1
Male,270000,Working,Incomplete Higher,Married,Unknown,33,3,0,11,1
Female,90000,Unknown,Unknown,Civil Marriage,Unknown,58,7,0,37,1
Male,247500,Working,Unknown,Married,Drivers,40,7,0,18,1
Unknown,225000,Commercial Associate,Unknown,Single / Not Married,Unknown,29,4,0,14,1
Male,292500,Commercial Associate,Unknown,Unknown,Unknown,41,7,0,18,1
Female,180000,Working,Secondary / Secondary Special,Single / Not Married,Sales Staff,29,4,0,14,1
Female,225000,Working,Unknown,Widow,Unknown,57,7,0,3,1
Female,202500,Commercial Associate,Unknown,Married,Sales Staff,31,7,3,36,1
Female,405000,Unknown,Unknown,Unknown,Accountants,47,1,2,18,1
Unknown,315000,Working,Secondary / Secondary Special,Married,Unknown,40,7,0,18,1
Unknown,225000,Unknown,Secondary / Secondary Special,Single / Not Married,Managers,28,7,9,45,1
Unknown,90000,Working,Secondary / Secondary Special,Single / Not Married,Laborers,28,9,0,18,1
Female,135000,Commercial Associate,Secondary / Secondary Special,Single / Not Married,Unknown,40,21,0,25,1
Unknown,247500,Working,Higher Education,Unknown,Unknown,44,7,0,10,1
Female,180000,Unknown,Unknown,Married,Unknown,40,21,0,19,1
Female,112500,Unknown,Secondary / Secondary Special,Married,Sales Staff,43,7,0,10,1
Unknown,135000,Working,Higher Education,Married,Unknown,38,7,0,11,1
Female,166500,Commercial Associate,Secondary / Secondary Special,Civil Marriage,Sales Staff,40,7,0,18,1
Male,270000,Unknown,Secondary / Secondary Special,Unknown,Unknown,61,7,0,19,1
Unknown,315000,Working,Secondary / Secondary Special,Married,Drivers,56,3,0,14,1
Unknown,225000,Working,Higher Education,Unknown,Accountants,40,7,0,18,1
Unknown,315000,Commercial Associate,Higher Education,Married,Unknown,40,7,0,32,1
Unknown,225000,Unknown,Secondary / Secondary Special,Married,Unknown,38,7,0,18,1
Male,247500,Unknown,Unknown,Married,Drivers,60,8,0,22,1
Female,112500,Working,Unknown,Unknown,Unknown,43,7,0,1,1
Female,135000,Working,Secondary / Secondary Special,Married,Laborers,48,6,0,13,1
Unknown,202500,State Servant,Secondary / Secondary Special,Unknown,Laborers,40,7,0,7,1
Female,40500,Working,Unknown,Married,Unknown,40,14,1,36,1
Female,81000,Unknown,Unknown,Married,Unknown,53,7,0,8,1
Male,180000,Unknown,Secondary / Secondary Special,Unknown,Laborers,56,7,0,10,1
Male,112500,Unknown,Secondary / Secondary Special,Unknown,Drivers,40,7,0,11,1
Unknown,90000,Unknown,Unknown,Unknown,Laborers,40,2,0,10,1
Male,90000,Commercial Associate,Secondary / Secondary Special,Married,Laborers,32,6,0,18,1
Unknown,144000,Unknown,Unknown,Unknown,Laborers,55,7,0,37,1
Unknown,337500,Unknown,Unknown,Married,Managers,29,5,0,16,1
Male,180000,Unknown,Higher Education,Married,Unknown,30,5,0,18,1
Female,166500,Working,Unknown,Married,Core Staff,59,7,0,15,1
Unknown,225000,Working,Higher Education,Married,Managers,40,7,0,27,1
Unknown,292500,Unknown,Secondary / Secondary Special,Married,Accountants,58,7,0,18,1
Male,234000,Working,Secondary / Secondary Special,Married,Unknown,40,13,0,22,1
Female,225000,Commercial Associate,Unknown,Unknown,Unknown,27,4,0,13,1
Female,67500,Unknown,Secondary / Secondary Special,Unknown,Unknown,39,7,0,12,1
Unknown,202500,Working,Higher Education,Unknown,Managers,57,15,1,9,1
Unknown,180000,Commercial Associate,Unknown,Unknown,Unknown,36,7,0,18,1
Female,157500,Working,Unknown,Married,Unknown,40,16,0,18,1
Female,90000,State Servant,Secondary / Secondary Special,Married,Core Staff,53,8,0,18,1
Female,112500,Commercial Associate,Unknown,Married,Unknown,42,6,0,24,1
Unknown,157500,Unknown,Secondary / Secondary Special,Unknown,Laborers,40,7,0,4,1
Unknown,202500,Unknown,Higher Education,Unknown,High Skill Tech Staff,40,9,0,18,1
Unknown,135000,Working,Secondary / Secondary Special,Unknown,Unknown,42,7,0,3,1
Unknown,67500,Working,Secondary / Secondary Special,Single / Not Married,Sales Staff,24,7,0,15,1
Unknown,202500,Commercial Associate,Secondary / Secondary Special,Separated,Unknown,30,9,0,18,1
Female,90000,Working,Higher Education,Unknown,Medicine Staff,40,1,0,3,1
Unknown,112500,Working,Secondary / Secondary Special,Unknown,Unknown,46,7,0,4,1
Unknown,292500,Commercial Associate,Higher Education,Married,Sales Staff,40,10,0,18,1
Unknown,202500,Unknown,Secondary / Secondary Special,Unknown,Managers,50,10,0,18,1
Female,135000,Unknown,Unknown,Married,Sales Staff,40,6,0,16,1
Female,202500,Working,Unknown,Unknown,Unknown,42,23,0,18,1
Unknown,90000,Working,Unknown,Unknown,Unknown,40,1,0,18,1
Male,315000,Working,Secondary / Secondary Special,Unknown,Unknown,39,7,0,18,1
Unknown,67500,Unknown,Secondary / Secondary Special,Married,Laborers,40,7,0,11,1
Unknown,216000,Unknown,Unknown,Married,Core Staff,43,5,0,9,1
Male,360000,Working,Secondary / Secondary Special,Civil Marriage,Unknown,35,7,0,11,1
Male,405000,Working,Higher Education,Married,Managers,29,7,0,4,1
Female,112500,Unknown,Higher Education,Married,Core Staff,40,7,0,13,1
Female,202500,Working,Incomplete Higher,Single / Not Married,Core Staff,40,7,0,31,1
Female,67500,Working,Secondary / Secondary Special,Single / Not Married,Laborers,25,4,0,18,1
Unknown,67500,Working,Unknown,Unknown,Medicine Staff,43,1,0,18,1
Unknown,135000,Working,Unknown,Married,Unknown,59,7,0,3,1
Male,180000,Working,Unknown,Unknown,Unknown,26,7,0,17,1
Female,112500,Unknown,Higher Education,Unknown,Unknown,41,7,0,18,1
Male,360000,Working,Unknown,Married,Drivers,44,7,0,17,1
Unknown,315000,Working,Unknown,Married,Drivers,40,8,1,18,1
Female,202500,Working,Unknown,Married,Unknown,40,7,5,17,1
Female,72000,Working,Secondary / Secondary Special,Unknown,Cleaning Staff,40,7,0,45,1
Unknown,135000,Unknown,Unknown,Unknown,Core Staff,40,6,0,5,1
Unknown,157500,Unknown,Higher Education,Married,Sales Staff,40,7,0,7,1
Unknown,112500,Unknown,Secondary / Secondary Special,Unknown,Unknown,38,15,0,39,1
Male,247500,Unknown,Secondary / Secondary Special,Unknown,Medicine Staff,40,7,0,18,1
Male,270000,Working,Secondary / Secondary Special,Married,Unknown,38,7,0,18,1
Unknown,315000,Commercial Associate,Higher Education,Unknown,Unknown,40,7,0,48,1
Female,112500,Unknown,Higher Education,Unknown,Unknown,40,40,0,18,1
Female,180000,Unknown,Higher Education,Widow,Unknown,40,6,0,10,1
Female,225000,Unknown,Secondary / Secondary Special,Unknown,Unknown,50,7,0,18,1
Female,270000,State Servant,Unknown,Unknown,Medicine Staff,40,34,0,18,1
Male,144000,Working,Unknown,Unknown,Unknown,24,3,0,27,1
Unknown,135000,Unknown,Unknown,Unknown,Laborers,40,14,0,43,1
Unknown,225000,Commercial Associate,Unknown,Single / Not Married,Core Staff,47,2,0,4,1
Male,270000,Commercial Associate,Secondary / Secondary Special,Married,Laborers,44,7,0,18,1
Female,135000,Working,Incomplete Higher,Unknown,Unknown,40,6,0,9,1
Male,112500,Working,Unknown,Unknown,Unknown,40,7,0,18,1
Male,270000,Working,Unknown,Married,Accountants,40,7,0,18,1
Unknown,675000,State Servant,Unknown,Married,Drivers,39,19,0,2,1
Female,157500,Working,Unknown,Unknown,Unknown,40,2,1,47,1
Female,155250,Unknown,Secondary / Secondary Special,Separated,Unknown,40,7,0,33,1
Unknown,225000,Working,Secondary / Secondary Special,Civil Marriage,Laborers,40,2,0,18,1
Female,135000,Commercial Associate,Unknown,Unknown,Unknown,40,7,0,13,1
Female,99000,Unknown,Unknown,Unknown,Managers,48,7,0,18,1
Male,135000,Working,Secondary / Secondary Special,Unknown,Laborers,58,7,0,31,1
Female,135000,Working,Unknown,Unknown,Unknown,40,7,0,6,1
Female,135000,Working,Secondary / Secondary Special,Married,Cleaning Staff,40,7,1,12,1
Unknown,90000,Working,Secondary / Secondary Special,Married,Unknown,33,1,2,12,1
Unknown,180000,Working,Higher Education,Married,Unknown,28,2,0,18,1
Male,198000,Unknown,Secondary / Secondary Special,Married,Unknown,43,10,0,53,1
Male,112500,Working,Secondary / Secondary Special,Married,Laborers,32,7,0,18,1
Female,234000,Commercial Associate,Secondary / Secondary Special,Married,Sales Staff,40,5,0,28,1
Male,135000,Working,Higher Education,Married,Managers,32,9,0,18,1
Unknown,337500,Working,Unknown,Married,Unknown,37,7,0,44,1
Female,562500,Working,Higher Education,Unknown,Unknown,40,7,0,18,1
Female,112500,Unknown,Secondary / Secondary Special,Civil Marriage,Unknown,51,17,0,31,1
Unknown,157500,Working,Higher Education,Unknown,Managers,46,7,0,5,1
Male,450000,Commercial Associate,Incomplete Higher,Unknown,Unknown,40,12,0,18,1
Female,112500,Unknown,Secondary / Secondary Special,Married,Sales Staff,40,7,0,18,1
Male,315000,Commercial Associate,Secondary / Secondary Special,Married,Unknown,43,8,6,54,1
Unknown,360000,Commercial Associate,Higher Education,Married,Managers,40,5,0,29,1
Female,202500,Commercial Associate,Secondary / Secondary Special,Unknown,Unknown,40,7,0,29,1
Unknown,247500,Working,Unknown,Unknown,High Skill Tech Staff,53,3,0,22,1
Unknown,252000,State Servant,Higher Education,Unknown,Core Staff,34,11,0,31,1
Unknown,112500,Unknown,Secondary / Secondary Special,Married,Unknown,42,10,0,42,1
Unknown,135000,Unknown,Secondary / Secondary Special,Married,Unknown,36,13,1,20,1
Unknown,130500,Working,Secondary / Secondary Special,Unknown,Unknown,33,10,0,52,1
Female,238500,Working,Unknown,Unknown,High Skill Tech Staff,61,7,0,18,1
Unknown,157500,Working,Unknown,Unknown,Sales Staff,40,3,1,18,1
Unknown,225000,Working,Higher Education,Married,Core Staff,40,7,0,3,1
Unknown,67500,Working,Unknown,Married,Laborers,48,7,0,21,1
Male,135000,Working,Higher Education,Married,Sales Staff,26,3,0,17,1
Male,270000,State Servant,Secondary / Secondary Special,Unknown,Core Staff,32,7,0,18,1
Female,112500,Unknown,Secondary / Secondary Special,Unknown,Unknown,46,11,0,18,1
Unknown,108000,Working,Secondary / Secondary Special,Married,Unknown,40,17,0,7,1
Unknown,252000,State Servant,Higher Education,Unknown,Core Staff,40,7,0,18,1
Unknown,157500,Unknown,Secondary / Secondary Special,Unknown,Managers,48,7,0,12,1
Unknown,135000,Commercial Associate,Unknown,Unknown,Unknown,33,4,0,5,1
Male,270000,Working,Unknown,Married,Laborers,41,8,0,18,1
Female,54000,State Servant,Secondary / Secondary Special,Single / Not Married,Unknown,40,7,0,38,1
Unknown,112500,Unknown,Secondary / Secondary Special,Widow,Unknown,46,7,0,18,1
Female,261000,Working,Unknown,Married,High Skill Tech Staff,35,5,0,18,1
Unknown,67500,Working,Secondary / Secondary Special,Unknown,Unknown,40,7,0,3,1
Unknown,315000,Unknown,Higher Education,Married,Managers,46,7,0,25,1
Male,112500,Commercial Associate,Unknown,Married,Security Staff,40,2,35,18,0
Female,90000,Unknown,Unknown,Married,Medicine Staff,55,7,0,18,1
Female,135000,Working,Unknown,Unknown,Core Staff,40,3,0,15,1
Unknown,99000,Unknown,Unknown,Single / Not Married,Unknown,45,2,0,18,1
Unknown,157500,State Servant,Secondary / Secondary Special,Single / Not Married,Waiters/Barmen Staff,40,4,0,18,1
Unknown,157500,Unknown,Unknown,Married,Managers,61,21,0,18,1
Male,202500,Working,Incomplete Higher,Civil Marriage,Core Staff,24,1,0,18,1
Female,99000,Unknown,Secondary / Secondary Special,Single / Not Married,Core Staff,40,2,0,17,1
Male,274500,Unknown,Unknown,Unknown,Unknown,40,10,0,9,1
Female,202500,State Servant,Secondary / Secondary Special,Unknown,Private Service Staff,44,7,0,16,1
Female,135000,Working,Unknown,Married,Accountants,36,4,0,7,1
Male,225000,Commercial Associate,Secondary / Secondary Special,Unknown,Drivers,49,6,0,26,1
Female,225000,State Servant,Higher Education,Married,Medicine Staff,41,7,0,45,1
Female,135000,Commercial Associate,Incomplete Higher,Unknown,Sales Staff,31,9,0,3,1
Female,247500,Unknown,Unknown,Unknown,Laborers,40,9,0,18,1
Female,81000,Commercial Associate,Unknown,Unknown,Core Staff,40,1,0,23,1
Unknown,112500,Working,Unknown,Unknown,Unknown,40,3,0,13,1
Female,225000,Unknown,Secondary / Secondary Special,Unknown,Unknown,54,9,0,35,1
Unknown,427500,Working,Higher Education,Unknown,Managers,40,5,1,47,1
Female,405000,Working,Unknown,Married,Core Staff,40,7,0,18,1
Unknown,180000,State Servant,Secondary / Secondary Special,Married,Drivers,40,8,0,21,1
Male,157500,Commercial Associate,Unknown,Unknown,Sales Staff,40,12,0,18,1
Unknown,270000,Commercial Associate,Higher Education,Married,Managers,48,2,0,18,1
Male,270000,Unknown,Unknown,Single / Not Married,Managers,28,2,0,18,1
Unknown,90000,Working,Lower Secondary,Married,Medicine Staff,40,9,0,16,1
Female,135000,Commercial Associate,Secondary / Secondary Special,Unknown,Unknown,36,2,0,21,1
Female,180000,State Servant,Unknown,Unknown,Managers,41,22,0,8,1
Female,112500,Unknown,Secondary / Secondary Special,Unknown,Core Staff,41,7,0,39,1
Unknown,112500,Working,Secondary / Secondary Special,Unknown,Sales Staff,40,7,0,7,1
Unknown,292500,Unknown,Higher Education,Married,Managers,41,19,0,15,1
Female,157500,Unknown,Secondary / Secondary Special,Married,Core Staff,40,9,6,28,1
Unknown,234000,Working,Secondary / Secondary Special,Single / Not Married,Core Staff,57,22,0,18,1
Female,216000,Working,Secondary / Secondary Special,Unknown,Medicine Staff,50,9,0,7,1
Female,180000,Unknown,Unknown,Single / Not Married,Unknown,40,11,0,15,1
Male,180000,Working,Higher Education,Single / Not Married,Unknown,26,2,0,3,1
Female,202500,State Servant,Secondary / Secondary Special,Separated,Unknown,40,7,0,4,1
Unknown,180000,Working,Unknown,Unknown,Core Staff,40,29,0,26,1
Female,112500,Working,Higher Education,Unknown,Sales Staff,38,7,0,18,1
Unknown,445500,Unknown,Higher Education,Married,Managers,35,7,0,35,1
Unknown,90000,Working,Lower Secondary,Single / Not Married,Core Staff,29,8,0,18,1
Female,171000,Unknown,Unknown,Married,Core Staff,41,4,0,17,1
Unknown,135000,Unknown,Higher Education,Married,Private Service Staff,40,8,0,18,1
Unknown,81000,State Servant,Higher Education,Married,Core Staff,40,7,0,18,1
Female,112500,Commercial Associate,Unknown,Married,Core Staff,32,1,0,30,1
Female,112500,Working,Unknown,Unknown,Unknown,40,7,0,5,1
Unknown,157500,Commercial Associate,Secondary / Secondary Special,Single / Not Married,Laborers,25,3,0,18,1
Unknown,157500,Unknown,Secondary / Secondary Special,Civil Marriage,Unknown,40,3,0,18,1
Female,121500,Working,Secondary / Secondary Special,Married,Medicine Staff,41,17,0,45,1
Unknown,81000,Working,Secondary / Secondary Special,Married,Unknown,38,4,0,18,1
Unknown,112500,Working,Unknown,Unknown,Unknown,40,3,0,13,1
Unknown,450000,Commercial Associate,Secondary / Secondary Special,Single / Not Married,Managers,29,7,1,18,1
Female,315000,Commercial Associate,Higher Education,Unknown,Unknown,40,10,0,18,1
Male,112500,Unknown,Unknown,Married,Unknown,40,7,0,32,1
Unknown,67500,Working,Secondary / Secondary Special,Married,Unknown,40,20,0,2,1
Unknown,225000,Working,Secondary / Secondary Special,Widow,High Skill Tech Staff,55,7,0,12,1
Female,360000,Commercial Associate,Secondary / Secondary Special,Single / Not Married,Accountants,40,7,0,18,1
Male,360000,Commercial Associate,Secondary / Secondary Special,Unknown,Unknown,29,2,0,7,1
Female,225000,Commercial Associate,Secondary / Secondary Special,Married,Sales Staff,40,7,0,35,1
Unknown,472500,Unknown,Higher Education,Married,Unknown,49,7,0,17,1
Male,427500,Working,Higher Education,Married,Unknown,46,5,0,25,1
Male,130500,Working,Unknown,Unknown,Drivers,54,7,0,18,1
Unknown,90000,Working,Unknown,Unknown,Core Staff,40,7,0,55,1
Unknown,360000,Unknown,Higher Education,Separated,Core Staff,40,7,2,18,1
Male,135000,Unknown,Unknown,Unknown,Laborers,42,5,0,38,1
Female,157500,Working,Secondary / Secondary Special,Unknown,Sales Staff,40,7,0,2,1
Unknown,112500,Working,Secondary / Secondary Special,Unknown,Unknown,40,7,0,17,1
Unknown,112500,Working,Unknown,Married,Laborers,39,11,0,30,1
Female,90000,Commercial Associate,Unknown,Married,Unknown,43,10,0,20,1
Female,108000,Working,Secondary / Secondary Special,Single / Not Married,Laborers,56,24,0,44,1
Male,157500,Unknown,Secondary / Secondary Special,Separated,Security Staff,47,7,0,8,1
Unknown,166500,State Servant,Higher Education,Married,Medicine Staff,40,7,0,40,1
Female,315000,Unknown,Unknown,Civil Marriage,Sales Staff,40,6,0,18,1
Female,135000,Working,Secondary / Secondary Special,Unknown,Private Service Staff,39,7,0,3,1
Female,135000,Unknown,Unknown,Unknown,Core Staff,34,7,0,21,1
Unknown,99000,Working,Secondary / Secondary Special,Civil Marriage,Accountants,45,9,0,52,1
Male,180000,Unknown,Unknown,Unknown,Drivers,34,8,0,55,1
Male,238500,Commercial Associate,Secondary / Secondary Special,Single / Not Married,Security Staff,25,1,0,10,1
Unknown,171000,Working,Unknown,Unknown,Laborers,47,2,0,18,1
Female,90000,Working,Unknown,Married,Sales Staff,40,10,0,26,1
Unknown,450000,Commercial Associate,Unknown,Married,Unknown,55,7,0,46,1
Unknown,76500,Working,Unknown,Civil Marriage,Accountants,40,2,0,59,1
Male,180000,Working,Unknown,Unknown,Laborers,40,5,0,18,1
Male,234000,State Servant,Unknown,Married,Laborers,40,9,0,1,1
Female,292500,Commercial Associate,Unknown,Unknown,Sales Staff,40,14,0,26,1
Unknown,180000,State Servant,Higher Education,Married,Core Staff,39,7,0,18,1
Female,180000,Commercial Associate,Secondary / Secondary Special,Married,Secretaries,40,7,0,19,1
Male,157500,Working,Unknown,Married,Laborers,40,7,0,4,1
Female,315000,Commercial Associate,Unknown,Married,Unknown,40,7,0,18,1
Female,270000,Working,Unknown,Separated,Cleaning Staff,40,7,0,19,1
Male,270000,Working,Unknown,Unknown,Unknown,40,11,0,34,1
Unknown,180000,Unknown,Unknown,Civil Marriage,Unknown,31,7,0,9,1
Female,135000,Commercial Associate,Secondary / Secondary Special,Unknown,Laborers,40,1,0,18,1
Female,225000,Commercial Associate,Unknown,Unknown,Managers,33,7,0,16,1
Male,180000,Commercial Associate,Secondary / Secondary Special,Married,Unknown,39,8,0,18,1
Male,202500,Unknown,Secondary / Secondary Special,Married,Laborers,40,4,0,18,1
Male,360000,Unknown,Higher Education,Married,Unknown,43,4,0,55,1
Female,225000,State Servant,Unknown,Unknown,Laborers,64,7,0,18,1
Unknown,135000,Unknown,Unknown,Married,Drivers,29,3,2,17,1
Male,180000,State Servant,Lower Secondary,Married,Unknown,45,11,0,41,1
Unknown,270000,Working,Unknown,Separated,Unknown,53,11,0,52,1
Unknown,31500,Commercial Associate,Secondary / Secondary Special,Married,Cleaning Staff,49,7,0,5,1
Unknown,135000,Unknown,Secondary / Secondary Special,Married,Managers,40,7,0,42,1
Female,135000,Unknown,Unknown,Civil Marriage,Unknown,45,5,2,33,1
Unknown,225000,Commercial Associate,Unknown,Married,Unknown,46,8,0,18,1
Male,135000,Working,Secondary / Secondary Special,Married,Laborers,40,3,0,18,1
Female,112500,Working,Secondary / Secondary Special,Unknown,Unknown,40,7,0,31,1
Unknown,121500,Working,Unknown,Unknown,Laborers,31,4,0,5,1
Male,382500,Commercial Associate,Secondary / Secondary Special,Unknown,Managers,40,5,3,18,1
Male,202500,Working,Higher Education,Married,Unknown,40,7,1,32,1
Female,135000,Commercial Associate,Secondary / Secondary Special,Married,Unknown,31,8,0,44,1
Unknown,135000,Working,Higher Education,Unknown,Unknown,40,7,0,18,1
Unknown,180000,Unknown,Unknown,Unknown,Accountants,40,7,0,17,1
Female,144000,Unknown,Unknown,Unknown,Laborers,40,30,1,18,1
Unknown,112500,State Servant,Secondary / Secondary Special,Unknown,Medicine Staff,48,11,0,6,1
Male,157500,Unknown,Unknown,Single / Not Married,Laborers,40,6,0,18,1
Female,135000,Unknown,Unknown,Married,Sales Staff,40,3,0,8,1
Female,157500,Unknown,Secondary / Secondary Special,Unknown,Sales Staff,39,7,0,12,1
Unknown,175500,Working,Unknown,Unknown,Unknown,50,9,0,18,1
Unknown,180000,Commercial Associate,Unknown,Single / Not Married,Unknown,40,7,0,5,1
Female,135000,State Servant,Secondary / Secondary Special,Unknown,Medicine Staff,40,6,0,32,1
Unknown,225000,State Servant,Secondary / Secondary Special,Married,High Skill Tech Staff,40,11,0,11,1
Female,121500,Unknown,Higher Education,Unknown,Hr Staff,40,7,0,26,1
Unknown,90000,Unknown,Unknown,Unknown,Unknown,40,7,0,18,1
Female,54000,Working,Secondary / Secondary Special,Unknown,Unknown,40,6,0,2,1
Female,225000,Unknown,Higher Education,Unknown,Drivers,29,2,0,18,1
Unknown,135000,Unknown,Unknown,Unknown,Unknown,40,9,0,44,1
Unknown,90000,Unknown,Secondary / Secondary Special,Married,Unknown,29,5,1,26,1
Unknown,135000,Commercial Associate,Higher Education,Married,Unknown,43,2,0,18,1
Male,202500,Unknown,Unknown,Married,Unknown,38,4,16,18,0
Female,562500,Working,Higher Education,Married,Managers,40,8,0,43,1
Unknown,90000,Working,Unknown,Married,Cooking Staff,50,12,0,3,1
Male,360000,Commercial Associate,Unknown,Married,High Skill Tech Staff,27,5,0,4,1
Male,270000,Working,Unknown,Married,Laborers,40,5,0,24,1
Male,112500,Unknown,Secondary / Secondary Special,Single / Not Married,Unknown,29,7,0,23,1
Unknown,135000,Commercial Associate,Unknown,Single / Not Married,Laborers,40,21,0,18,1
Male,157500,Commercial Associate,Secondary / Secondary Special,Unknown,Cooking Staff,25,7,0,18,1
Female,180000,Unknown,Secondary / Secondary Special,Married,Core Staff,48,7,0,18,1
Male,135000,Working,Incomplete Higher,Unknown,Laborers,40,14,0,11,1
Male,270000,Working,Secondary / Secondary Special,Unknown,Laborers,47,7,0,18,1
Female,180000,Working,Unknown,Civil Marriage,Laborers,35,7,0,18,1
Male,450000,Commercial Associate,Unknown,Married,Unknown,40,6,0,18,1
Female,81000,Unknown,Unknown,Unknown,Core Staff,33,7,0,7,1
Female,157500,Unknown,Secondary / Secondary Special,Single / Not Married,Medicine Staff,53,33,1,18,1
Female,180000,Commercial Associate,Incomplete Higher,Unknown,Sales Staff,50,7,0,18,1
Male,225000,Working,Secondary / Secondary Special,Unknown,Managers,28,1,0,18,1
Female,270000,Working,Higher Education,Unknown,Unknown,40,3,0,7,1
Unknown,148500,Working,Secondary / Secondary Special,Married,Unknown,40,7,0,18,1
Unknown,270000,Unknown,Incomplete Higher,Married,Unknown,33,7,0,18,1
Female,135000,Unknown,Higher Education,Unknown,Accountants,38,18,0,38,1
Male,405000,Working,Higher Education,Unknown,Unknown,29,7,0,29,1
Male,292500,Commercial Associate,Secondary / Secondary Special,Unknown,Unknown,40,9,0,3,1
Unknown,270000,Working,Secondary / Secondary Special,Married,Unknown,40,6,0,18,1
Female,234000,Unknown,Unknown,Single / Not Married,Managers,30,7,0,18,1
Male,112500,Unknown,Secondary / Secondary Special,Unknown,Unknown,54,7,0,18,1
Unknown,67500,Working,Secondary / Secondary Special,Unknown,Accountants,31,6,0,18,1
Male,202500,Working,Unknown,Unknown,Unknown,40,5,0,18,1
Unknown,270000,State Servant,Unknown,Married,Unknown,56,4,0,18,1
Unknown,148500,State Servant,Secondary / Secondary Special,Married,Drivers,40,7,0,18,1
Unknown,180000,Unknown,Higher Education,Married,Laborers,31,5,0,16,1
Unknown,90000,Working,Unknown,Married,Unknown,48,9,0,26,1
Male,315000,Working,Higher Education,Married,Unknown,51,7,0,18,1
Unknown,180000,Commercial Associate,Secondary / Secondary Special,Married,Laborers,40,4,0,7,1
Unknown,144000,Working,Secondary / Secondary Special,Married,Unknown,37,3,0,41,1
Unknown,135000,Working,Secondary / Secondary Special,Unknown,Unknown,40,5,0,18,1
Unknown,225000,Working,Secondary / Secondary Special,Separated,Unknown,40,7,0,20,1
Unknown,382500,Unknown,Higher Education,Married,Managers,32,8,0,23,1
Male,427500,State Servant,Incomplete Higher,Single / Not Married,Unknown,33,9,0,3,1
Female,225000,Unknown,Higher Education,Unknown,Laborers,36,12,0,28,1
Unknown,675000,Unknown,Secondary / Secondary Special,Married,Unknown,40,7,0,21,1
Unknown,360000,Working,Higher Education,Civil Marriage,Managers,33,7,0,13,1
Male,216000,Working,Secondary / Secondary Special,Married,Laborers,36,7,0,11,1
Female,157500,State Servant,Secondary / Secondary Special,Married,Medicine Staff,33,7,0,18,1
Female,193500,State Servant,Higher Education,Unknown,Core Staff,31,4,0,2,1
Female,135000,Working,Higher Education,Separated,Core Staff,36,7,1,18,1
Male,270000,Unknown,Secondary / Secondary Special,Unknown,Unknown,35,7,0,18,1
Unknown,292500,Unknown,Higher Education,Unknown,Sales Staff,40,4,0,29,1
Female,40500,Working,Secondary / Secondary Special,Unknown,Unknown,35,14,0,27,1
Female,90000,Working,Secondary / Secondary Special,Married,Sales Staff,45,3,0,7,1
Male,112500,Working,Secondary / Secondary Special,Unknown,Unknown,40,5,0,18,1
Female,270000,Working,Secondary / Secondary Special,Separated,Core Staff,62,7,0,14,1
Male,247500,Unknown,Higher Education,Married,Unknown,36,8,0,13,1
Female,360000,Commercial Associate,Unknown,Unknown,Managers,47,8,0,57,1
Unknown,225000,Unknown,Unknown,Unknown,Medicine Staff,54,35,0,36,1
Unknown,112500,Commercial Associate,Higher Education,Married,Managers,44,7,0,18,1
Unknown,81000,Working,Unknown,Married,Unknown,47,29,1,10,1
Male,225000,Commercial Associate,Secondary / Secondary Special,Unknown,Unknown,40,7,0,34,1
Unknown,112500,Working,Secondary / Secondary Special,Unknown,Unknown,35,2,0,13,1
Male,135000,Unknown,Unknown,Unknown,Unknown,40,2,0,18,1
Unknown,292500,Unknown,Secondary / Secondary Special,Married,Accountants,58,7,0,18,1
Female,297000,Unknown,Unknown,Unknown,Unknown,43,9,0,14,1
Unknown,270000,Unknown,Secondary / Secondary Special,Married,Low-Skill Laborers,37,7,0,15,1
Male,225000,Commercial Associate,Unknown,Single / Not Married,Core Staff,26,5,0,4,1
Female,247500,Working,Unknown,Unknown,Unknown,55,7,0,18,1
Unknown,315000,Unknown,Secondary / Secondary Special,Civil Marriage,High Skill Tech Staff,39,7,0,18,1
Male,135000,Working,Unknown,Unknown,Cooking Staff,40,3,0,7,1
Female,157500,Unknown,Higher Education,Married,Core Staff,40,7,0,29,1
Unknown,112500,Unknown,Unknown,Civil Marriage,Unknown,33,7,0,18,1
Female,315000,Working,Unknown,Married,Managers,54,12,0,18,1
Unknown,225000,Working,Higher Education,Married,Accountants,42,16,0,18,1
Unknown,135000,Working,Unknown,Unknown,Unknown,40,13,0,5,1
Unknown,135000,Working,Unknown,Unknown,Unknown,40,7,0,15,1
Unknown,157500,Working,Higher Education,Unknown,Sales Staff,27,1,0,18,1
Unknown,180000,Working,Secondary / Secondary Special,Married,Laborers,40,7,0,38,1
Male,360000,Unknown,Secondary / Secondary Special,Civil Marriage,Sales Staff,32,7,0,28,1
Unknown,315000,Working,Secondary / Secondary Special,Married,Unknown,40,7,0,18,1
Unknown,180000,Unknown,Unknown,Married,Cooking Staff,40,5,0,18,1
Unknown,157500,Unknown,Secondary / Secondary Special,Married,Unknown,40,2,0,12,1
Unknown,202500,Unknown,Unknown,Married,Laborers,40,11,0,41,1
Female,180000,Commercial Associate,Secondary / Secondary Special,Separated,Core Staff,40,7,0,18,1
Male,180000,Unknown,Secondary / Secondary Special,Unknown,Laborers,28,7,0,57,1
Unknown,135000,Commercial Associate,Secondary / Secondary Special,Unknown,Sales Staff,38,7,0,12,1
Female,135000,Working,Unknown,Widow,Managers,40,3,0,10,1
Female,315000,State Servant,Unknown,Unknown,Unknown,40,19,0,18,1
Female,99000,Unknown,Unknown,Married,Unknown,41,7,0,9,1
Female,90000,Unknown,Higher Education,Married,Unknown,49,7,0,19,1
Female,202500,Unknown,Higher Education,Civil Marriage,Unknown,27,4,0,18,1
Female,112500,Commercial Associate,Secondary / Secondary Special,Married,Cooking Staff,35,3,0,3,1
Unknown,270000,Unknown,Secondary / Secondary Special,Unknown,Core Staff,51,2,0,18,1
Unknown,81000,Unknown,Unknown,Married,Unknown,40,5,0,18,1
Unknown,135000,Commercial Associate,Unknown,Married,Sales Staff,36,3,0,5,1
Unknown,135000,Commercial Associate,Secondary / Secondary Special,Single / Not Married,Laborers,40,21,0,35,1
Male,202500,Unknown,Unknown,Married,Laborers,39,17,0,18,1
Male,180000,State Servant,Secondary / Secondary Special,Married,Drivers,40,15,0,18,1
Male,135000,Working,Secondary / Secondary Special,Single / Not Married,Cooking Staff,26,7,0,14,1
Unknown,135000,Working,Unknown,Single / Not Married,Medicine Staff,25,7,0,17,1
Unknown,157500,Working,Unknown,Unknown,Laborers,40,7,0,50,1
Female,292500,Commercial Associate,Unknown,Unknown,Sales Staff,40,14,0,26,1
Unknown,76500,Working,Unknown,Civil Marriage,Accountants,40,2,0,59,1
Male,76500,Unknown,Unknown,Married,High Skill Tech Staff,27,7,0,25,1
Unknown,184500,Working,Higher Education,Unknown,Drivers,40,3,0,11,1
Female,216000,Unknown,Unknown,Unknown,Managers,59,7,0,3,1
Male,157500,Commercial Associate,Unknown,Married,Drivers,40,9,0,20,1
Unknown,121500,Unknown,Unknown,Unknown,Laborers,61,5,0,4,1
Unknown,157500,Unknown,Unknown,Unknown,Managers,42,11,0,18,1
Male,252000,Unknown,Secondary / Secondary Special,Married,Unknown,40,7,0,35,1
Unknown,315000,Working,Unknown,Married,Laborers,40,8,0,16,1
Female,135000,Working,Secondary / Secondary Special,Married,Laborers,40,4,0,20,1
Unknown,315000,Working,Higher Education,Unknown,Managers,40,7,0,29,1
Female,135000,Commercial Associate,Higher Education,Unknown,Managers,40,4,0,18,1
Unknown,180000,Unknown,Secondary / Secondary Special,Single / Not Married,Medicine Staff,37,7,0,18,1
Female,315000,Unknown,Unknown,Unknown,Unknown,40,17,0,18,1
Male,270000,Working,Secondary / Secondary Special,Married,Core Staff,25,7,1,18,1
Female,337500,Working,Unknown,Widow,Accountants,62,9,0,18,1
Female,202500,Commercial Associate,Unknown,Single / Not Married,High Skill Tech Staff,40,10,0,3,1
Male,225000,Working,Unknown,Unknown,Managers,45,12,0,11,1
Female,108000,Commercial Associate,Secondary / Secondary Special,Unknown,Unknown,40,7,0,18,1
Female,135000,Unknown,Secondary / Secondary Special,Unknown,Sales Staff,47,12,0,7,1
Unknown,207000,State Servant,Unknown,Married,Core Staff,41,7,0,4,1
Unknown,81000,Unknown,Secondary / Secondary Special,Married,Core Staff,37,7,0,18,1
Female,135000,Unknown,Secondary / Secondary Special,Married,Sales Staff,44,5,0,26,1
Unknown,225000,Unknown,Higher Education,Unknown,Unknown,40,7,0,2,1
Unknown,135000,Unknown,Secondary / Secondary Special,Married,Unknown,40,2,0,18,1
Female,157500,Unknown,Higher Education,Married,Unknown,40,7,0,38,1
Male,176400,Commercial Associate,Unknown,Married,Unknown,27,1,0,4,1
Female,67500,Commercial Associate,Secondary / Secondary Special,Unknown,Unknown,39,6,0,28,1
Unknown,202500,Working,Secondary / Secondary Special,Unknown,Core Staff,40,7,0,8,1
Unknown,292500,Working,Unknown,Married,Unknown,40,25,0,45,1
Female,225000,Unknown,Higher Education,Unknown,Managers,44,7,0,10,1
Female,90000,Unknown,Unknown,Married,Medicine Staff,40,7,0,19,1
Male,90000,Unknown,Unknown,Unknown,Drivers,38,4,0,2,1
Unknown,90000,Working,Secondary / Secondary Special,Civil Marriage,Unknown,40,5,0,18,1
Female,135000,Commercial Associate,Unknown,Unknown,Security Staff,40,7,0,18,1
Male,135000,Unknown,Secondary / Secondary Special,Married,Security Staff,64,2,0,54,1
Unknown,121500,Working,Unknown,Single / Not Married,Laborers,40,10,1,49,1
Male,216000,Commercial Associate,Higher Education,Separated,Unknown,30,4,0,33,1
Female,63000,Working,Unknown,Single / Not Married,Cleaning Staff,47,13,0,28,1
Unknown,225000,Working,Secondary / Secondary Special,Unknown,Unknown,40,7,0,4,1
Female,540000,Unknown,Higher Education,Married,Laborers,40,5,0,29,1
Male,315000,Unknown,Unknown,Married,Unknown,47,7,0,18,1
Female,117000,Unknown,Higher Education,Unknown,Cleaning Staff,52,7,0,18,1
Female,90000,Working,Higher Education,Unknown,Core Staff,32,8,0,18,1
Male,360000,State Servant,Higher Education,Married,Drivers,41,7,0,14,1
Male,234000,Working,Incomplete Higher,Unknown,Unknown,39,7,0,18,1
Unknown,112500,Working,Secondary / Secondary Special,Civil Marriage,Security Staff,40,1,1,16,1
Male,135000,Working,Unknown,Unknown,Unknown,30,7,0,18,1
Unknown,135000,Working,Higher Education,Unknown,Unknown,37,8,0,18,1
Male,180000,Unknown,Secondary / Secondary Special,Unknown,Unknown,56,7,0,4,1
Female,90000,Working,Unknown,Unknown,Unknown,52,28,0,35,1
Unknown,90000,Unknown,Secondary / Secondary Special,Married,Medicine Staff,39,7,0,24,1
Unknown,157500,State Servant,Secondary / Secondary Special,Unknown,Medicine Staff,33,14,0,29,1
Unknown,193500,State Servant,Higher Education,Unknown,Core Staff,31,4,0,23,1
Female,225000,Unknown,Secondary / Secondary Special,Unknown,Medicine Staff,40,7,0,49,1
Male,202500,Unknown,Secondary / Secondary Special,Married,Unknown,40,11,0,11,1
Female,126000,Working,Secondary / Secondary Special,Married,Unknown,40,7,2,18,1
Female,153000,Unknown,Unknown,Unknown,High Skill Tech Staff,54,28,0,9,1
Unknown,180000,Working,Unknown,Married,Medicine Staff,40,30,0,4,1
Unknown,67500,Unknown,Unknown,Unknown,Cleaning Staff,40,2,0,27,1
Unknown,90000,Unknown,Secondary / Secondary Special,Unknown,Medicine Staff,38,7,0,18,1
Male,180000,Unknown,Unknown,Unknown,Unknown,40,7,0,18,1
Unknown,391500,Unknown,Secondary / Secondary Special,Separated,Security Staff,48,5,0,18,1
Female,225000,Working,Unknown,Married,Unknown,40,21,0,44,1
Female,157500,Unknown,Unknown,Unknown,Laborers,40,10,0,12,1
Female,180000,Unknown,Secondary / Secondary Special,Married,Core Staff,48,7,0,18,1
Female,202500,Unknown,Unknown,Unknown,Unknown,33,7,0,21,1
Unknown,126000,Commercial Associate,Incomplete Higher,Married,Laborers,40,7,0,7,1
Male,360000,Unknown,Unknown,Unknown,Sales Staff,40,7,0,18,1
Female,135000,Unknown,Unknown,Civil Marriage,Unknown,40,21,0,18,1
Male,225000,Unknown,Unknown,Single / Not Married,Sales Staff,40,7,0,18,1
Unknown,180000,Working,Secondary / Secondary Special,Unknown,Unknown,52,6,0,18,1
Unknown,360000,Unknown,Unknown,Unknown,Core Staff,40,17,0,38,1
Female,180000,Working,Incomplete Higher,Married,Core Staff,40,1,19,18,0
Unknown,157500,Commercial Associate,Unknown,Married,High Skill Tech Staff,40,7,0,19,1
Unknown,126000,Unknown,Secondary / Secondary Special,Married,Sales Staff,28,5,0,18,1
Male,202500,Commercial Associate,Secondary / Secondary Special,Unknown,Cleaning Staff,40,10,2,40,1
Unknown,112500,Working,Secondary / Secondary Special,Married,Unknown,44,25,0,9,1
Female,126000,Working,Unknown,Married,Unknown,40,7,0,18,1
Unknown,126000,Unknown,Unknown,Unknown,Unknown,40,7,0,24,1
Male,180000,State Servant,Secondary / Secondary Special,Married,Laborers,44,7,0,18,1
Male,90000,Unknown,Unknown,Married,Drivers,40,7,0,12,1
Male,135000,Commercial Associate,Unknown,Married,Managers,40,7,0,18,1
Female,315000,Unknown,Higher Education,Separated,Core Staff,61,36,0,18,1
Male,450000,Unknown,Higher Education,Married,Managers,40,7,0,9,1
Female,135000,Unknown,Unknown,Married,Unknown,63,7,0,18,1
Female,405000,Working,Secondary / Secondary Special,Unknown,Core Staff,40,5,0,25,1
Female,202500,Unknown,Secondary / Secondary Special,Unknown,Core Staff,40,2,0,18,1
Female,450000,Unknown,Secondary / Secondary Special,Married,Core Staff,40,13,0,9,1
Male,202500,Working,Secondary / Secondary Special,Married,Laborers,51,10,0,8,1
Female,216000,Working,Unknown,Married,Unknown,50,7,0,32,1
Male,360000,Commercial Associate,Higher Education,Unknown,Unknown,40,5,0,50,1
Unknown,256500,Working,Unknown,Unknown,Unknown,40,7,0,22,1
Female,612000,Unknown,Secondary / Secondary Special,Married,Unknown,35,11,0,18,1
Female,135000,Working,Unknown,Married,Managers,40,9,0,18,1
Unknown,112500,Working,Unknown,Married,Unknown,40,7,0,18,1
Unknown,270000,Commercial Associate,Unknown,Single / Not Married,Unknown,39,9,0,15,1
Female,135000,Commercial Associate,Unknown,Unknown,Laborers,56,12,0,18,1
Female,157500,Working,Secondary / Secondary Special,Married,Cooking Staff,35,17,0,18,1
Unknown,157500,Working,Unknown,Single / Not Married,Laborers,61,30,0,18,1
Unknown,90000,Unknown,Secondary / Secondary Special,Single / Not Married,Laborers,33,7,0,19,1
Unknown,108000,State Servant,Secondary / Secondary Special,Unknown,Unknown,39,7,0,16,1
Male,229500,Working,Secondary / Secondary Special,Unknown,Drivers,46,4,0,28,1
Female,157500,Working,Unknown,Married,Unknown,40,9,0,18,1
Female,202500,Unknown,Unknown,Unknown,Sales Staff,49,7,0,30,1
Unknown,135000,Unknown,Unknown,Married,Accountants,40,3,0,18,1
Female,279000,Working,Secondary / Secondary Special,Unknown,Unknown,46,7,0,32,1
Unknown,180000,Commercial Associate,Unknown,Single / Not Married,Security Staff,26,1,0,13,1
Male,157500,Unknown,Secondary / Secondary Special,Unknown,Unknown,40,7,0,6,1
Female,117000,Unknown,Unknown,Unknown,Cooking Staff,29,1,0,7,1
Male,144000,Unknown,Secondary / Secondary Special,Unknown,Laborers,37,3,0,18,1
Unknown,67500,Working,Secondary / Secondary Special,Married,Core Staff,60,24,0,18,1
Unknown,270000,Unknown,Unknown,Married,Unknown,51,9,0,18,1
Unknown,99000,Commercial Associate,Unknown,Unknown,Sales Staff,29,7,0,18,1
Male,90000,Commercial Associate,Incomplete Higher,Unknown,Sales Staff,28,7,0,48,1
Male,315000,Working,Secondary / Secondary Special,Unknown,Managers,40,3,0,29,1
Unknown,157500,Unknown,Secondary / Secondary Special,Separated,Laborers,54,7,0,18,1
Unknown,225000,Unknown,Unknown,Unknown,Unknown,40,9,1,11,1
Female,135000,Unknown,Unknown,Single / Not Married,Core Staff,57,4,0,11,1
Female,180000,Unknown,Unknown,Married,Core Staff,37,7,0,7,1
Unknown,139500,Working,Secondary / Secondary Special,Unknown,Cooking Staff,52,7,0,12,1
Unknown,270000,Working,Secondary / Secondary Special,Married,Low-Skill Laborers,37,7,0,32,1
Unknown,90000,State Servant,Secondary / Secondary Special,Married,Unknown,48,4,0,10,1
Male,202500,Working,Secondary / Secondary Special,Married,Unknown,40,6,0,18,1
Male,90000,Working,Secondary / Secondary Special,Married,Unknown,39,7,0,20,1
Unknown,270000,Working,Secondary / Secondary Special,Unknown,Managers,50,4,0,18,1
Unknown,112500,Commercial Associate,Unknown,Married,Unknown,40,7,0,34,1
Unknown,360000,Unknown,Higher Education,Unknown,Unknown,40,21,0,18,1
Female,261000,Working,Secondary / Secondary Special,Married,Unknown,55,7,0,18,1
Unknown,157500,Unknown,Unknown,Married,Laborers,37,9,0,31,1
Female,382500,Working,Unknown,Widow,Unknown,40,15,0,36,1
Female,94500,Unknown,Unknown,Single / Not Married,Laborers,43,7,0,18,1
Unknown,450000,Unknown,Secondary / Secondary Special,Unknown,Core Staff,41,7,1,32,1
Female,202500,Unknown,Higher Education,Married,Unknown,40,7,0,25,1
Female,157500,Unknown,Unknown,Married,Unknown,40,7,0,15,1
Unknown,202500,Unknown,Higher Education,Civil Marriage,Core Staff,42,15,0,18,1
Female,315000,Working,Secondary / Secondary Special,Unknown,Managers,54,7,0,35,1
Male,225000,Working,Secondary / Secondary Special,Unknown,Laborers,31,9,0,18,1
Female,306000,State Servant,Higher Education,Married,Medicine Staff,40,7,2,11,1
Female,135000,Unknown,Unknown,Unknown,Unknown,40,12,0,26,1
Male,112500,Working,Secondary / Secondary Special,Civil Marriage,Security Staff,49,1,0,43,1
Female,112500,Working,Incomplete Higher,Single / Not Married,Laborers,23,7,0,18,1
Female,135000,Working,Incomplete Higher,Married,Core Staff,39,7,0,9,1
Female,351000,State Servant,Unknown,Unknown,Medicine Staff,40,12,0,7,1
Female,121500,Commercial Associate,Higher Education,Unknown,Accountants,31,1,0,18,1
Male,180000,Working,Secondary / Secondary Special,Unknown,Core Staff,45,11,0,37,1
Unknown,254700,Commercial Associate,Secondary / Secondary Special,Married,Laborers,40,7,0,21,1
Unknown,157500,Working,Secondary / Secondary Special,Unknown,Unknown,40,7,0,44,1
Unknown,202500,Unknown,Unknown,Married,Laborers,25,5,0,2,1
Unknown,180000,Unknown,Unknown,Married,Laborers,40,5,0,18,1
Male,135000,Working,Unknown,Single / Not Married,Laborers,40,4,0,7,1
Female,270000,Working,Unknown,Married,Private Service Staff,55,11,0,45,1
Female,355500,Commercial Associate,Secondary / Secondary Special,Married,Core Staff,42,7,0,23,1
Female,180000,Commercial Associate,Incomplete Higher,Married,Sales Staff,40,7,0,18,1
Male,382500,Unknown,Higher Education,Unknown,It Staff,40,5,0,30,1
Unknown,202500,Unknown,Unknown,Unknown,Cleaning Staff,55,6,0,7,1
Unknown,225000,Commercial Associate,Unknown,Married,Private Service Staff,39,10,0,18,1
Female,108000,Commercial Associate,Unknown,Single / Not Married,Sales Staff,40,7,5,4,0
Unknown,168750,Unknown,Secondary / Secondary Special,Married,Unknown,44,5,3,18,1
Unknown,180000,Commercial Associate,Higher Education,Civil Marriage,Unknown,48,7,0,18,1
Male,216000,Commercial Associate,Unknown,Married,Laborers,40,6,0,5,1
Unknown,103500,Unknown,Higher Education,Unknown,Laborers,28,7,0,18,1
Unknown,225000,Commercial Associate,Higher Education,Married,Managers,40,7,1,18,1
Unknown,202500,Working,Secondary / Secondary Special,Unknown,Unknown,49,7,0,6,1
Male,315000,Commercial Associate,Unknown,Unknown,Laborers,32,6,1,18,1
Female,112500,Working,Secondary / Secondary Special,Single / Not Married,Unknown,40,5,0,18,1
Female,135000,Working,Higher Education,Unknown,Sales Staff,40,7,0,4,1
Female,270000,Working,Unknown,Married,Medicine Staff,40,4,0,52,1
Male,135000,Unknown,Unknown,Unknown,Laborers,48,13,0,18,1
Unknown,157500,Working,Higher Education,Separated,Unknown,30,7,0,18,1
Female,112500,Working,Unknown,Single / Not Married,Laborers,28,7,0,18,1
Unknown,243000,State Servant,Unknown,Unknown,Core Staff,40,7,0,26,1
Female,202500,Unknown,Unknown,Married,Unknown,59,3,0,18,1
Unknown,229500,Unknown,Secondary / Secondary Special,Unknown,Drivers,46,7,0,24,1
Female,225000,Working,Unknown,Widow,Accountants,40,7,0,18,1
Female,135000,Unknown,Higher Education,Civil Marriage,Core Staff,27,1,0,18,1
Unknown,72000,Working,Unknown,Married,Unknown,40,7,0,18,1
Unknown,427500,State Servant,Higher Education,Married,Core Staff,49,15,0,18,1
Female,202500,State Servant,Unknown,Single / Not Married,Cooking Staff,53,7,0,10,1
Female,135000,Unknown,Secondary / Secondary Special,Married,Accountants,40,7,0,14,1
Male,184500,State Servant,Unknown,Married,Managers,39,1,0,1,1
Female,112500,Unknown,Secondary / Secondary Special,Single / Not Married,Core Staff,40,11,0,13,1
Unknown,135000,Working,Secondary / Secondary Special,Married,Unknown,40,7,0,40,1
Unknown,270000,Unknown,Incomplete Higher,Married,Unknown,33,7,0,18,1
Unknown,135000,Unknown,Higher Education,Single / Not Married,Unknown,55,11,0,7,1
Unknown,720000,Unknown,Higher Education,Widow,Core Staff,42,15,0,18,1
Male,112500,Unknown,Unknown,Married,Laborers,42,5,0,7,1
Unknown,135000,Working,Secondary / Secondary Special,Married,Unknown,44,7,0,4,1
Unknown,247500,Working,Higher Education,Married,Sales Staff,40,2,0,20,1
Female,135000,State Servant,Unknown,Married,Accountants,50,13,0,20,1
Unknown,202500,Commercial Associate,Unknown,Married,Unknown,40,9,1,18,1
Female,180000,Unknown,Incomplete Higher,Married,High Skill Tech Staff,40,21,0,18,1
Male,202500,Working,Unknown,Married,Laborers,44,11,0,18,1
Unknown,112500,Working,Secondary / Secondary Special,Unknown,Sales Staff,37,7,0,5,1
Female,157500,Unknown,Unknown,Widow,Unknown,60,7,0,18,1
Male,292500,Working,Unknown,Married,Unknown,43,7,0,16,1
Female,135000,Unknown,Unknown,Married,Unknown,40,26,0,18,1
Unknown,270000,State Servant,Unknown,Married,Accountants,40,7,6,18,1
Unknown,99000,Unknown,Secondary / Secondary Special,Unknown,Unknown,38,7,0,42,1
Female,360000,Unknown,Higher Education,Unknown,Core Staff,40,6,0,15,1
Unknown,202500,Unknown,Secondary / Secondary Special,Married,Drivers,53,7,0,18,1
Unknown,144000,Unknown,Secondary / Secondary Special,Married,Laborers,46,2,0,18,1
Unknown,180000,Commercial Associate,Secondary / Secondary Special,Unknown,Drivers,40,9,1,10,1
Unknown,216000,Working,Secondary / Secondary Special,Unknown,Unknown,40,10,0,40,1
Unknown,180000,Working,Unknown,Married,Sales Staff,40,7,0,47,1
Male,90000,Working,Unknown,Married,Unknown,37,7,0,16,1
Female,351000,Unknown,Secondary / Secondary Special,Unknown,Unknown,40,12,0,7,1
Male,225000,Working,Secondary / Secondary Special,Single / Not Married,Managers,44,4,0,24,1
Unknown,157500,State Servant,Higher Education,Married,Managers,40,11,0,18,1
Male,180000,Working,Unknown,Unknown,Managers,45,9,0,18,1
Male,157500,Working,Unknown,Married,Unknown,35,8,0,3,1
Unknown,67500,Working,Secondary / Secondary Special,Married,Unknown,62,7,0,1,1
Unknown,112500,Working,Unknown,Married,Drivers,42,7,0,12,1
Male,292500,Commercial Associate,Higher Education,Single / Not Married,Sales Staff,40,4,0,29,1
Unknown,90000,Working,Unknown,Married,High Skill Tech Staff,36,11,0,32,1
Female,157500,State Servant,Secondary / Secondary Special,Single / Not Married,Waiters/Barmen Staff,35,7,0,18,1
Unknown,112500,Commercial Associate,Higher Education,Married,Core Staff,30,7,0,15,1
Unknown,135000,Unknown,Higher Education,Civil Marriage,Unknown,38,18,0,18,1
Male,315000,Working,Higher Education,Married,Unknown,24,4,0,4,1
Unknown,315000,Commercial Associate,Unknown,Unknown,Unknown,38,13,0,32,1
Unknown,216000,Working,Higher Education,Single / Not Married,Unknown,29,7,0,17,1
Female,112500,Working,Secondary / Secondary Special,Unknown,Unknown,40,7,0,3,1
Female,225000,Unknown,Unknown,Civil Marriage,Unknown,31,5,0,18,1
Female,135000,Unknown,Unknown,Married,Unknown,51,6,1,16,1
Male,450000,Working,Unknown,Single / Not Married,High Skill Tech Staff,40,10,1,51,1
Female,135000,Unknown,Unknown,Single / Not Married,Unknown,25,4,0,18,1
Unknown,135000,Working,Secondary / Secondary Special,Married,Managers,40,9,0,27,1
Female,360000,Commercial Associate,Secondary / Secondary Special,Unknown,Unknown,40,7,0,16,1
Unknown,103500,Commercial Associate,Unknown,Unknown,Unknown,40,7,0,2,1
Unknown,135000,Working,Secondary / Secondary Special,Unknown,Laborers,40,3,0,18,1
Female,315000,Working,Higher Education,Unknown,Unknown,38,7,0,33,1
Unknown,360000,Working,Unknown,Unknown,Drivers,40,9,0,18,1
Female,126000,Working,Unknown,Married,Unknown,40,7,0,18,1
Female,90000,Unknown,Unknown,Married,Core Staff,52,3,0,53,1
Unknown,157500,Unknown,Unknown,Married,Unknown,42,11,0,14,1
Unknown,112500,Unknown,Secondary / Secondary Special,Unknown,Core Staff,40,7,0,12,1
Female,99000,Unknown,Unknown,Unknown,Unknown,31,7,0,15,1
Female,292500,Working,Secondary / Secondary Special,Married,Unknown,40,7,0,18,1
Unknown,112500,Working,Secondary / Secondary Special,Unknown,Unknown,35,1,0,24,1
Unknown,135000,Unknown,Secondary / Secondary Special,Married,Unknown,40,7,0,30,1
Unknown,157500,Unknown,Unknown,Married,Laborers,48,6,0,9,1
Unknown,166500,Working,Unknown,Unknown,Unknown,40,21,0,18,1
Female,126000,Working,Unknown,Married,Unknown,42,1,0,18,1
Female,256500,Unknown,Higher Education,Separated,Managers,40,3,0,5,1
Unknown,135000,Working,Secondary / Secondary Special,Separated,Laborers,39,7,0,5,1
Female,360000,State Servant,Higher Education,Separated,Core Staff,53,6,0,18,1
Female,337500,Working,Secondary / Secondary Special,Unknown,Unknown,36,10,0,17,1
Female,135000,Commercial Associate,Unknown,Unknown,Unknown,40,10,0,18,1
Male,202500,Working,Higher Education,Married,Drivers,49,9,4,18,1
Male,180000,Working,Lower Secondary,Unknown,Unknown,45,12,0,7,1
Female,297000,Unknown,Secondary / Secondary Special,Single / Not Married,Unknown,40,9,0,18,1
Male,112500,Working,Unknown,Married,Drivers,30,6,0,24,1
Male,292500,Working,Unknown,Unknown,Unknown,52,7,3,18,1
Unknown,157500,State Servant,Unknown,Married,Managers,45,8,0,18,1
Unknown,135000,Commercial Associate,Secondary / Secondary Special,Married,Sales Staff,41,7,0,6,1
Female,99000,Unknown,Unknown,Unknown,Medicine Staff,27,3,0,24,1
Female,81000,Working,Secondary / Secondary Special,Unknown,Cleaning Staff,44,18,0,33,1
Female,157500,Unknown,Unknown,Married,Unknown,40,7,0,18,1
Female,117000,Working,Unknown,Unknown,Unknown,40,8,0,18,1
Unknown,216000,Commercial Associate,Higher Education,Unknown,Laborers,53,7,0,5,1
Unknown,90000,Unknown,Secondary / Secondary Special,Married,Laborers,40,8,0,51,1
Unknown,216000,Working,Secondary / Secondary Special,Unknown,Laborers,40,7,0,18,1
Male,360000,Working,Unknown,Married,High Skill Tech Staff,59,6,0,8,1
Unknown,270000,Unknown,Secondary / Secondary Special,Widow,Cooking Staff,52,2,0,6,1
Female,180000,Working,Higher Education,Unknown,Unknown,38,7,0,18,1
Male,135000,Working,Unknown,Married,Unknown,42,9,1,60,1
Unknown,112500,Working,Secondary / Secondary Special,Married,Unknown,41,7,1,18,1
Female,108000,Unknown,Secondary / Secondary Special,Married,Laborers,40,7,0,12,1
Male,450000,Commercial Associate,Higher Education,Unknown,Unknown,38,2,0,18,1
Male,247500,Working,Unknown,Married,Managers,40,7,0,18,1
Male,202500,Commercial Associate,Secondary / Secondary Special,Unknown,High Skill Tech Staff,30,7,0,18,1
Unknown,126000,Unknown,Unknown,Unknown,Laborers,40,8,0,23,1
Unknown,135000,Working,Secondary / Secondary Special,Unknown,Laborers,40,3,0,18,1
Male,315000,Commercial Associate,Unknown,Married,Managers,31,2,0,18,1
Unknown,171000,Unknown,Secondary / Secondary Special,Married,Unknown,28,7,3,24,1
Female,67500,Working,Secondary / Secondary Special,Unknown,Medicine Staff,43,1,0,18,1
Male,225000,Commercial Associate,Unknown,Single / Not Married,Core Staff,26,5,0,4,1
Female,225000,Working,Unknown,Single / Not Married,Unknown,34,8,0,8,1
Female,270000,Working,Higher Education,Married,Managers,49,16,0,17,1
Male,326250,Unknown,Unknown,Unknown,Managers,33,1,0,23,1
Female,76500,Unknown,Higher Education,Unknown,Sales Staff,40,7,0,3,1
Male,292500,Unknown,Secondary / Secondary Special,Married,Drivers,28,7,2,18,1
Unknown,202500,Unknown,Higher Education,Married,Unknown,36,4,0,22,1
Female,157500,State Servant,Unknown,Unknown,Core Staff,40,7,0,53,1
Male,360000,Unknown,Secondary / Secondary Special,Married,Unknown,40,4,0,18,1
Female,103500,Working,Secondary / Secondary Special,Married,Sales Staff,33,4,0,18,1
Unknown,315000,Unknown,Secondary / Secondary Special,Unknown,Unknown,45,3,0,18,1
Unknown,76500,Working,Secondary / Secondary Special,Married,Sales Staff,28,3,3,15,1
Unknown,180000,Unknown,Higher Education,Unknown,Unknown,40,7,0,40,1
Unknown,112500,Working,Higher Education,Unknown,Core Staff,38,7,0,18,1
Female,198000,Commercial Associate,Secondary / Secondary Special,Civil Marriage,Laborers,52,7,0,54,1
Female,135000,Unknown,Secondary / Secondary Special,Unknown,Unknown,40,7,0,18,1
Female,202500,Unknown,Unknown,Unknown,Unknown,40,7,0,18,1
Unknown,90000,Unknown,Secondary / Secondary Special,Married,Unknown,40,7,0,16,1
Male,135000,Unknown,Secondary / Secondary Special,Unknown,Drivers,51,4,0,2,1
Female,292500,Commercial Associate,Unknown,Civil Marriage,Laborers,40,7,0,25,1
Unknown,135000,Commercial Associate,Secondary / Secondary Special,Unknown,Laborers,29,7,0,18,1
Unknown,180000,Unknown,Unknown,Unknown,Laborers,40,7,0,31,1
Female,121500,Unknown,Secondary / Secondary Special,Unknown,Laborers,40,12,0,18,1
Unknown,180000,Unknown,Secondary / Secondary Special,Unknown,Unknown,40,7,0,18,1
Male,157500,Unknown,Secondary / Secondary Special,Unknown,Unknown,38,9,4,18,1
Female,157500,State Servant,Unknown,Unknown,Security Staff,39,12,0,18,1
Female,234000,Commercial Associate,Secondary / Secondary Special,Unknown,Unknown,30,5,0,28,1
Unknown,405000,Unknown,Higher Education,Married,Drivers,40,7,0,15,1
Female,157500,Unknown,Secondary / Secondary Special,Unknown,Unknown,40,7,0,21,1
Unknown,135000,Commercial Associate,Unknown,Married,Unknown,40,7,0,59,1
Unknown,202500,Unknown,Secondary / Secondary Special,Married,Unknown,57,5,0,18,1
Female,315000,Commercial Associate,Unknown,Unknown,Unknown,54,5,0,17,1
Female,292500,Unknown,Incomplete Higher,Single / Not Married,Unknown,38,1,0,50,1
Unknown,261000,Unknown,Unknown,Unknown,High Skill Tech Staff,55,6,0,18,1
Unknown,157500,Working,Secondary / Secondary Special,Unknown,Unknown,40,7,0,8,1
Unknown,180000,Working,Secondary / Secondary Special,Civil Marriage,Unknown,40,8,0,7,1
Female,157500,Commercial Associate,Unknown,Unknown,Unknown,39,7,0,27,1
Male,292500,Commercial Associate,Secondary / Secondary Special,Unknown,Laborers,40,3,0,9,1
Unknown,135000,Unknown,Unknown,Unknown,Unknown,40,7,0,18,1
Unknown,270000,Unknown,Unknown,Married,Laborers,40,13,0,18,1
Unknown,315000,Unknown,Unknown,Unknown,Unknown,40,2,3,37,1
Unknown,216000,Working,Secondary / Secondary Special,Separated,Cleaning Staff,40,7,0,18,1
Male,90000,Unknown,Unknown,Married,Unknown,51,7,0,3,1
Female,225000,Unknown,Unknown,Civil Marriage,Sales Staff,35,4,0,18,1
Unknown,103500,Working,Secondary / Secondary Special,Married,Unknown,40,9,0,18,1
Unknown,135000,Working,Unknown,Married,Unknown,43,7,1,18,1
Unknown,112500,Unknown,Higher Education,Married,Drivers,44,7,0,18,1
Unknown,382500,Working,Unknown,Married,Sales Staff,45,9,0,18,1
Female,90000,Unknown,Secondary / Secondary Special,Unknown,Unknown,40,7,0,10,1
Female,67500,Unknown,Unknown,Unknown,Unknown,28,7,0,19,1
Unknown,135000,Working,Secondary / Secondary Special,Unknown,Waiters/Barmen Staff,40,7,0,9,1
Unknown,315000,Working,Unknown,Married,Unknown,51,7,0,18,1
Male,225000,Working,Secondary / Secondary Special,Unknown,Laborers,31,9,0,18,1
Female,225000,Working,Unknown,Single / Not Married,Core Staff,49,7,2,13,1
Unknown,67500,Working,Secondary / Secondary Special,Married,Unknown,40,7,0,18,1
Unknown,90000,Unknown,Secondary / Secondary Special,Married,Unknown,34,4,0,18,1
Male,112500,Commercial Associate,Secondary / Secondary Special,Unknown,Unknown,27,6,0,4,1
Male,292500,Unknown,Higher Education,Unknown,Managers,40,10,0,18,1
Unknown,180000,Unknown,Secondary / Secondary Special,Married,Unknown,37,6,0,18,1
Unknown,360000,Unknown,Higher Education,Unknown,Unknown,40,7,0,33,1
Male,112500,Unknown,Secondary / Secondary Special,Unknown,Security Staff,44,5,0,7,1
Female,202500,Unknown,Unknown,Married,Unknown,45,2,2,18,1
Unknown,360000,Commercial Associate,Higher Education,Married,Drivers,40,9,0,18,1
Female,157500,Unknown,Unknown,Married,Low-Skill Laborers,43,7,0,13,1
Female,144000,Unknown,Secondary / Secondary Special,Unknown,Laborers,40,6,0,31,1
Unknown,135000,Working,Higher Education,Unknown,Unknown,40,4,0,18,1
Unknown,135000,Working,Secondary / Secondary Special,Married,Unknown,40,7,0,40,1
Unknown,157500,Commercial Associate,Secondary / Secondary Special,Single / Not Married,Laborers,27,6,0,20,1
Unknown,450000,Commercial Associate,Higher Education,Married,Accountants,28,8,0,18,1
Unknown,225000,Unknown,Unknown,Unknown,Laborers,29,7,0,25,1
Female,202500,Unknown,Secondary / Secondary Special,Unknown,Unknown,40,11,0,7,1
Male,270000,Working,Unknown,Unknown,Unknown,40,11,0,34,1
Unknown,198000,Commercial Associate,Unknown,Civil Marriage,Laborers,52,27,0,36,1
Unknown,135000,Working,Secondary / Secondary Special,Unknown,Laborers,28,7,0,17,1
Female,135000,Working,Unknown,Married,Unknown,40,7,0,18,1
Female,90000,Working,Higher Education,Single / Not Married,Core Staff,42,4,0,37,1
Female,180000,Working,Secondary / Secondary Special,Single / Not Married,Core Staff,40,26,0,41,1
Male,225000,Commercial Associate,Unknown,Unknown,Drivers,49,6,0,18,1
Male,261000,Unknown,Incomplete Higher,Unknown,Unknown,40,7,0,16,1
Unknown,135000,Unknown,Unknown,Unknown,Laborers,44,7,0,18,1
Unknown,90000,Unknown,Unknown,Unknown,Cooking Staff,52,26,0,56,1
Unknown,112500,Working,Unknown,Married,Unknown,40,8,0,26,1
Unknown,180000,State Servant,Unknown,Unknown,Unknown,33,4,1,18,1
Female,157500,Unknown,Unknown,Unknown,Sales Staff,48,7,0,18,1
Female,193500,Commercial Associate,Secondary / Secondary Special,Unknown,Unknown,43,5,0,18,1
Male,261000,Unknown,Unknown,Unknown,Unknown,44,7,0,18,1
Female,90000,Commercial Associate,Secondary / Secondary Special,Unknown,Unknown,30,3,3,18,1
Unknown,135000,Unknown,Secondary / Secondary Special,Married,Laborers,40,22,0,18,1
Male,135000,Working,Secondary / Secondary Special,Unknown,High Skill Tech Staff,29,7,0,9,1
Female,67500,State Servant,Secondary / Secondary Special,Married,Core Staff,42,7,0,18,1
Female,135000,Unknown,Secondary / Secondary Special,Unknown,Unknown,67,9,0,14,1
Female,112500,Commercial Associate,Unknown,Married,High Skill Tech Staff,40,5,2,51,1
Unknown,157500,Commercial Associate,Secondary / Secondary Special,Married,Unknown,25,7,0,24,1
Female,128543,Commercial Associate,Unknown,Single / Not Married,Sales Staff,26,7,1,17,1
Unknown,112500,Unknown,Higher Education,Unknown,Security Staff,40,7,0,57,1
Female,157500,Unknown,Secondary / Secondary Special,Single / Not Married,Unknown,49,7,0,18,1
Female,153000,Working,Higher Education,Unknown,Sales Staff,40,3,0,18,1
Female,171000,Working,Secondary / Secondary Special,Unknown,Sales Staff,43,7,0,13,1
Unknown,157500,Working,Secondary / Secondary Special,Married,Accountants,40,8,0,59,1
Male,225000,Commercial Associate,Unknown,Single / Not Married,Unknown,26,5,0,18,1
Unknown,279000,Working,Unknown,Unknown,Managers,45,11,0,34,1
Unknown,76500,Unknown,Secondary / Secondary Special,Married,Sales Staff,28,7,0,9,1
Male,225000,Unknown,Higher Education,Single / Not Married,Core Staff,40,7,0,18,1
Female,180000,Working,Secondary / Secondary Special,Unknown,Unknown,40,6,4,9,1
Unknown,135000,Commercial Associate,Unknown,Unknown,Core Staff,29,6,0,19,1
Unknown,202500,Unknown,Unknown,Unknown,Unknown,40,7,0,18,1
Female,58500,Working,Secondary / Secondary Special,Unknown,Laborers,41,7,0,18,1
Unknown,180000,Working,Incomplete Higher,Single / Not Married,Laborers,25,2,0,13,1
Male,270000,Working,Secondary / Secondary Special,Unknown,Managers,40,9,0,13,1
Male,157500,Commercial Associate,Higher Education,Civil Marriage,Unknown,40,4,0,6,1
Unknown,315000,Working,Unknown,Separated,Unknown,45,3,0,26,1
Female,112500,Working,Unknown,Unknown,Core Staff,39,4,0,12,1
Unknown,135000,Working,Unknown,Married,Unknown,37,5,0,18,1
Unknown,135000,Working,Secondary / Secondary Special,Civil Marriage,Laborers,40,7,0,18,1
Female,179100,Unknown,Secondary / Secondary Special,Married,Cooking Staff,37,6,0,31,1
Female,112500,Unknown,Secondary / Secondary Special,Unknown,Accountants,41,7,0,18,1
Female,247500,State Servant,Unknown,Single / Not Married,Unknown,40,7,0,18,1
Female,225000,Commercial Associate,Secondary / Secondary Special,Married,Unknown,39,7,0,5,1
Female,270000,Commercial Associate,Unknown,Unknown,Sales Staff,42,7,0,18,1
Female,126000,Unknown,Incomplete Higher,Married,Unknown,32,7,0,18,1
Unknown,157500,Working,Secondary / Secondary Special,Married,Laborers,40,1,0,6,1
Unknown,144000,Unknown,Higher Education,Unknown,Unknown,40,2,0,58,1
Male,135000,Working,Secondary / Secondary Special,Unknown,Unknown,40,10,0,12,1
Female,126000,Working,Secondary / Secondary Special,Separated,Cleaning Staff,40,7,0,18,1
Male,148500,Working,Unknown,Unknown,Laborers,40,7,0,25,1
Female,157500,Working,Unknown,Unknown,Laborers,40,7,3,18,1
Male,135000,Unknown,Secondary / Secondary Special,Married,Sales Staff,29,7,0,18,1
Female,193500,Unknown,Secondary / Secondary Special,Married,Unknown,47,3,0,18,1
Unknown,157500,Unknown,Unknown,Married,Sales Staff,40,1,0,18,1
Male,180000,Unknown,Unknown,Married,Laborers,54,9,0,27,1
Unknown,292500,Commercial Associate,Higher Education,Married,Sales Staff,52,14,0,15,1
Unknown,180000,Working,Higher Education,Unknown,Unknown,30,7,0,18,1
Male,225000,Working,Higher Education,Unknown,Unknown,37,7,0,32,1
Female,135000,Commercial Associate,Unknown,Married,Laborers,40,7,0,18,1
Female,315000,Commercial Associate,Secondary / Secondary Special,Unknown,Unknown,50,7,0,5,1
Unknown,180000,Unknown,Unknown,Separated,Unknown,39,6,0,18,1
Male,292500,Unknown,Unknown,Unknown,Unknown,32,8,0,11,1
Unknown,315000,Working,Higher Education,Separated,Unknown,40,7,0,12,1
Female,135000,Commercial Associate,Unknown,Unknown,Core Staff,50,29,0,18,1
Unknown,157500,Working,Secondary / Secondary Special,Unknown,Unknown,40,7,0,18,1
Male,135000,Unknown,Secondary / Secondary Special,Married,Unknown,29,3,0,18,1
Male,180000,Working,Secondary / Secondary Special,Single / Not Married,Unknown,40,5,0,18,1
Unknown,225000,Working,Secondary / Secondary Special,Widow,Unknown,53,7,2,18,1
Unknown,225000,Unknown,Higher Education,Married,Unknown,36,7,0,18,1
Female,135000,Commercial Associate,Secondary / Secondary Special,Unknown,Unknown,43,7,0,18,1
Unknown,270000,Working,Higher Education,Married,Accountants,40,7,0,57,1
Unknown,67500,Working,Higher Education,Unknown,Unknown,33,4,0,49,1
Female,166500,Working,Higher Education,Married,Core Staff,40,7,0,23,1
Female,135000,Unknown,Secondary / Secondary Special,Married,Unknown,53,7,1,16,1
Female,135000,Working,Secondary / Secondary Special,Married,Core Staff,53,35,0,19,1
Unknown,112500,Working,Unknown,Unknown,Unknown,44,7,0,44,1
Female,103500,Working,Unknown,Unknown,Unknown,33,4,0,18,1
Male,157500,Unknown,Unknown,Unknown,Core Staff,40,4,0,18,1
Female,288000,Commercial Associate,Unknown,Widow,Private Service Staff,45,1,0,18,1
Female,135000,Working,Secondary / Secondary Special,Married,Unknown,40,4,0,18,1
Female,90000,Unknown,Unknown,Unknown,Unknown,41,7,0,60,1
Female,202500,Commercial Associate,Unknown,Unknown,Unknown,35,10,0,54,1
Female,112500,Working,Unknown,Civil Marriage,Cleaning Staff,40,7,0,6,1
Unknown,256500,Unknown,Secondary / Secondary Special,Married,Laborers,40,7,0,43,1
Male,391500,Commercial Associate,Unknown,Single / Not Married,Unknown,60,7,0,21,1
Male,225000,Working,Incomplete Higher,Unknown,Laborers,33,5,0,18,1
Unknown,157500,Working,Higher Education,Unknown,Sales Staff,31,7,0,9,1
Male,126000,Working,Unknown,Married,Security Staff,53,10,0,40,1
Male,157500,Unknown,Secondary / Secondary Special,Married,Sales Staff,35,2,0,9,1
Female,225000,Commercial Associate,Unknown,Single / Not Married,Unknown,40,5,2,18,1
Unknown,157500,Commercial Associate,Unknown,Married,Sales Staff,40,7,0,18,1
Female,270000,Unknown,Secondary / Secondary Special,Civil Marriage,Unknown,40,7,0,18,1
Unknown,112500,Working,Unknown,Married,Laborers,36,7,0,6,1
Male,315000,Working,Unknown,Separated,Managers,45,7,0,36,1
Male,135000,Working,Unknown,Unknown,Laborers,39,2,0,44,1
Unknown,112500,Working,Unknown,Unknown,Laborers,49,2,0,18,1
Male,225000,Working,Higher Education,Unknown,Laborers,46,9,0,29,1
Unknown,270000,Commercial Associate,Unknown,Married,Managers,53,21,0,18,1
Unknown,315000,Unknown,Secondary / Secondary Special,Married,Laborers,43,7,0,11,1
Female,130500,State Servant,Secondary / Secondary Special,Married,Core Staff,40,10,0,18,1
Unknown,216000,Working,Secondary / Secondary Special,Separated,Cleaning Staff,40,7,0,18,1
Female,247500,Commercial Associate,Unknown,Single / Not Married,Unknown,40,4,3,18,1
Female,90000,Working,Higher Education,Unknown,Unknown,60,5,0,18,1
Female,112500,Working,Secondary / Secondary Special,Married,Unknown,40,7,0,13,1
Male,171000,Unknown,Unknown,Married,Unknown,37,4,0,19,1
Unknown,180000,Working,Incomplete Higher,Married,Laborers,40,13,0,18,1
Female,180000,Unknown,Secondary / Secondary Special,Unknown,Medicine Staff,40,4,0,18,1
Female,225000,State Servant,Higher Education,Married,Medicine Staff,41,7,0,45,1
Unknown,112500,Commercial Associate,Secondary / Secondary Special,Single / Not Married,Unknown,50,7,0,4,1
Unknown,112500,Working,Secondary / Secondary Special,Unknown,Sales Staff,40,1,0,18,1
Unknown,225000,Commercial Associate,Higher Education,Single / Not Married,Unknown,47,2,0,18,1
Unknown,337500,Commercial Associate,Unknown,Unknown,Sales Staff,41,4,0,18,1
Male,270000,Working,Unknown,Civil Marriage,Cooking Staff,40,2,0,18,1
Female,76500,Working,Unknown,Married,Cooking Staff,49,7,0,13,1
Female,252000,Unknown,Higher Education,Unknown,Core Staff,44,7,0,17,1
Male,234000,Working,Secondary / Secondary Special,Married,Laborers,43,9,0,40,1
Male,90000,Working,Secondary / Secondary Special,Married,Unknown,34,5,0,36,1
Female,157500,Commercial Associate,Higher Education,Unknown,Unknown,34,4,18,6,0
Unknown,135000,Commercial Associate,Unknown,Unknown,Unknown,28,7,0,2,1
Unknown,135000,Working,Unknown,Unknown,Waiters/Barmen Staff,40,7,0,19,1
Unknown,112500,Working,Secondary / Secondary Special,Civil Marriage,Unknown,39,4,0,12,1
Unknown,180000,Unknown,Secondary / Secondary Special,Civil Marriage,Laborers,26,7,0,8,1
Female,67500,Unknown,Higher Education,Married,Unknown,39,7,0,5,1
Unknown,292500,Unknown,Secondary / Secondary Special,Married,Unknown,58,24,0,8,1
Unknown,112500,Unknown,Unknown,Married,Sales Staff,40,3,0,3,1
Female,252000,Working,Unknown,Married,Unknown,40,4,0,8,1
Female,157500,Unknown,Higher Education,Married,Core Staff,36,3,0,18,1
Female,225000,Unknown,Unknown,Married,Core Staff,34,7,0,7,1
Unknown,229500,Unknown,Secondary / Secondary Special,Unknown,Drivers,46,7,0,24,1
Female,450000,Unknown,Secondary / Secondary Special,Unknown,Unknown,40,2,0,8,1
Unknown,180000,Unknown,Secondary / Secondary Special,Single / Not Married,Medicine Staff,37,7,0,18,1
Female,85500,Commercial Associate,Higher Education,Married,High Skill Tech Staff,38,13,0,30,1
Male,306000,Unknown,Secondary / Secondary Special,Married,Laborers,54,2,0,18,1
Unknown,189000,Commercial Associate,Unknown,Unknown,High Skill Tech Staff,40,2,0,18,1
Male,180000,Unknown,Unknown,Unknown,Security Staff,40,7,0,18,1
Female,225000,Commercial Associate,Secondary / Secondary Special,Single / Not Married,High Skill Tech Staff,40,4,0,10,1
Unknown,225000,Working,Higher Education,Civil Marriage,Core Staff,32,3,0,18,1
Unknown,112500,State Servant,Secondary / Secondary Special,Married,High Skill Tech Staff,60,7,0,18,1
Unknown,202500,Working,Higher Education,Unknown,Unknown,53,7,0,18,1
Female,391500,Unknown,Higher Education,Married,Managers,48,7,0,18,1
Unknown,225000,Working,Unknown,Unknown,Unknown,53,7,0,39,1
Female,292500,Commercial Associate,Higher Education,Married,Unknown,51,10,0,18,1
Female,225000,Unknown,Higher Education,Unknown,Core Staff,41,7,0,9,1
Female,112500,Commercial Associate,Higher Education,Married,Accountants,40,15,0,13,1
Female,90000,Unknown,Secondary / Secondary Special,Unknown,Medicine Staff,39,7,0,18,1
Female,135000,Working,Higher Education,Married,Accountants,31,7,0,18,1
Male,135000,Working,Unknown,Civil Marriage,Laborers,24,2,0,11,1
Unknown,270000,Unknown,Secondary / Secondary Special,Married,Unknown,49,7,0,18,1
Male,135000,Working,Unknown,Married,Laborers,29,7,0,26,1
Unknown,135000,Unknown,Unknown,Unknown,Unknown,50,11,0,15,1
Female,202500,Working,Unknown,Single / Not Married,Medicine Staff,57,7,0,39,1
Female,432000,Unknown,Incomplete Higher,Married,Managers,35,4,0,32,1
Unknown,360000,Commercial Associate,Secondary / Secondary Special,Single / Not Married,Accountants,40,7,0,9,1
Unknown,247500,Working,Secondary / Secondary Special,Unknown,Drivers,40,7,0,10,1
Female,292500,Unknown,Unknown,Married,Laborers,40,7,0,18,1
Female,202500,Unknown,Unknown,Unknown,Sales Staff,40,7,0,22,1
Unknown,171000,Commercial Associate,Secondary / Secondary Special,Married,Managers,43,7,0,18,1
Female,90000,Unknown,Secondary / Secondary Special,Married,Unknown,40,7,0,21,1
Unknown,135000,Working,Secondary / Secondary Special,Married,Unknown,40,7,0,12,1
Unknown,202500,Working,Unknown,Unknown,Unknown,51,10,0,5,1
Female,126000,State Servant,Secondary / Secondary Special,Married,Medicine Staff,40,7,0,22,1
Unknown,157500,Working,Unknown,Unknown,Unknown,43,1,0,18,1
Unknown,270000,Commercial Associate,Higher Education,Unknown,Managers,40,7,0,50,1
Unknown,216000,Working,Unknown,Married,Unknown,36,7,0,18,1
Male,157500,Unknown,Secondary / Secondary Special,Married,Laborers,40,7,0,12,1
Female,67500,Unknown,Secondary / Secondary Special,Unknown,Unknown,40,1,1,18,1
Unknown,675000,State Servant,Higher Education,Unknown,High Skill Tech Staff,40,7,0,40,1
Male,270000,Working,Secondary / Secondary Special,Unknown,Drivers,42,4,0,3,1
Male,180000,Unknown,Higher Education,Single / Not Married,Unknown,40,3,0,18,1
Female,135000,Working,Secondary / Secondary Special,Married,Cleaning Staff,40,19,0,21,1
Female,90000,Unknown,Higher Education,Married,Unknown,40,6,0,18,1
Unknown,90000,Working,Unknown,Married,Sales Staff,40,7,0,18,1
Female,76500,Working,Secondary / Secondary Special,Married,Medicine Staff,40,25,0,18,1
Female,315000,Working,Unknown,Unknown,Unknown,40,7,0,18,1
Male,112500,Unknown,Secondary / Secondary Special,Married,Unknown,24,7,0,18,1
Female,112500,Unknown,Unknown,Married,Core Staff,27,7,0,18,1
Male,202500,Working,Secondary / Secondary Special,Married,Unknown,37,7,0,4,1
Female,171000,Working,Higher Education,Married,High Skill Tech Staff,51,11,0,9,1
Female,112500,Unknown,Unknown,Married,Unknown,34,7,0,48,1
Female,67500,Unknown,Secondary / Secondary Special,Unknown,Cooking Staff,40,1,0,18,1
Male,126000,Unknown,Unknown,Married,Unknown,29,2,0,5,1
Female,292500,Commercial Associate,Unknown,Married,Sales Staff,40,10,0,49,1
Female,117000,Unknown,Unknown,Unknown,Sales Staff,32,7,0,6,1
Female,112500,Working,Unknown,Single / Not Married,Unknown,45,6,0,44,1
Female,180000,Unknown,Secondary / Secondary Special,Unknown,Unknown,57,11,0,42,1
Female,76500,State Servant,Unknown,Unknown,Medicine Staff,40,2,0,2,1
Female,112500,Working,Unknown,Married,Unknown,40,7,0,29,1
Male,216000,Working,Unknown,Married,Laborers,40,3,0,18,1
Female,157500,State Servant,Secondary / Secondary Special,Unknown,Unknown,51,20,0,3,1
Female,112500,Working,Incomplete Higher,Single / Not Married,Unknown,40,1,0,18,1
Male,112500,Working,Secondary / Secondary Special,Married,Unknown,44,7,0,19,1
Unknown,99000,Working,Secondary / Secondary Special,Married,Managers,40,7,0,12,1
Female,180000,Unknown,Secondary / Secondary Special,Unknown,Laborers,36,1,0,46,1
Female,135000,Commercial Associate,Unknown,Married,Cooking Staff,31,7,0,18,1
Unknown,67500,State Servant,Higher Education,Unknown,High Skill Tech Staff,38,7,0,18,1
Unknown,202500,Unknown,Unknown,Unknown,Sales Staff,40,2,0,18,1
Unknown,360000,Commercial Associate,Unknown,Unknown,Managers,40,7,0,18,1
Unknown,234000,Working,Secondary / Secondary Special,Unknown,Cleaning Staff,40,7,0,7,1
Female,121500,Unknown,Secondary / Secondary Special,Unknown,Unknown,40,7,0,32,1
Female,103500,State Servant,Secondary / Secondary Special,Unknown,Cooking Staff,40,7,0,18,1
Unknown,450000,Unknown,Higher Education,Single / Not Married,Core Staff,40,9,0,8,1
Unknown,180000,Unknown,Secondary / Secondary Special,Married,Laborers,40,17,0,8,1
Unknown,112500,Unknown,Secondary / Secondary Special,Married,Laborers,40,2,0,40,1
Male,225000,Commercial Associate,Secondary / Secondary Special,Unknown,Unknown,40,7,0,34,1
Unknown,450000,Working,Secondary / Secondary Special,Civil Marriage,Managers,48,9,0,18,1
Unknown,135000,Commercial Associate,Unknown,Unknown,Unknown,40,7,0,18,1
Female,166500,State Servant,Secondary / Secondary Special,Married,Managers,45,13,0,18,1
Unknown,157500,Unknown,Unknown,Civil Marriage,Managers,42,3,0,18,1
Female,225000,Working,Higher Education,Unknown,Unknown,40,7,0,14,1
Unknown,180000,Unknown,Incomplete Higher,Single / Not Married,Sales Staff,40,17,0,18,1
Male,315000,Unknown,Secondary / Secondary Special,Civil Marriage,Unknown,50,12,0,8,1
Male,202500,Unknown,Unknown,Married,Unknown,40,14,1,15,1
Female,270000,Unknown,Secondary / Secondary Special,Separated,Unknown,51,6,0,5,1
Male,180000,Unknown,Secondary / Secondary Special,Married,Unknown,47,9,0,20,1
Unknown,157500,Unknown,Unknown,Married,Unknown,40,4,0,12,1
Female,270000,Working,Unknown,Civil Marriage,Core Staff,35,2,0,10,1
Female,135000,Unknown,Unknown,Unknown,Laborers,52,32,0,18,1
Female,292500,Unknown,Higher Education,Single / Not Married,Unknown,47,7,0,28,1
Male,157500,Unknown,Secondary / Secondary Special,Unknown,Unknown,40,2,0,19,1
Female,135000,Unknown,Unknown,Married,Sales Staff,42,6,1,4,1
Unknown,171000,Unknown,Secondary / Secondary Special,Unknown,Cleaning Staff,40,7,0,6,1
Unknown,162000,Working,Unknown,Married,Unknown,42,7,0,18,1
Unknown,117000,Working,Secondary / Secondary Special,Married,Sales Staff,37,7,1,46,1
Unknown,157500,Commercial Associate,Secondary / Secondary Special,Single / Not Married,Waiters/Barmen Staff,40,8,0,18,1
Female,81000,Unknown,Unknown,Married,Unknown,54,7,0,18,1
Female,202500,Working,Unknown,Married,High Skill Tech Staff,40,9,0,10,1
Male,238500,Unknown,Secondary / Secondary Special,Single / Not Married,Security Staff,25,1,0,17,1
Male,180000,Working,Unknown,Single / Not Married,Drivers,41,4,1,10,1
Unknown,180000,Unknown,Unknown,Single / Not Married,Laborers,40,7,0,52,1
Unknown,126000,Working,Secondary / Secondary Special,Married,Unknown,40,5,0,20,1
Unknown,225000,Commercial Associate,Unknown,Married,Laborers,40,7,1,8,1
Male,176175,Commercial Associate,Unknown,Married,Core Staff,40,2,0,17,1
Female,225000,Commercial Associate,Higher Education,Single / Not Married,Laborers,50,5,0,27,1
Female,157500,Unknown,Higher Education,Married,Managers,40,21,0,8,1
Female,90000,Working,Unknown,Unknown,Cooking Staff,45,7,0,12,1
Male,157500,Working,Secondary / Secondary Special,Married,Laborers,60,10,0,18,1
Male,247500,Commercial Associate,Unknown,Married,Drivers,49,7,0,11,1
Unknown,225000,Unknown,Secondary / Secondary Special,Married,Managers,41,7,0,48,1
Unknown,225000,Working,Incomplete Higher,Married,Unknown,44,21,0,18,1
Female,202500,Commercial Associate,Secondary / Secondary Special,Married,Accountants,40,7,0,4,1
Female,157500,Working,Unknown,Married,High Skill Tech Staff,36,6,0,58,1
Female,112500,Unknown,Unknown,Single / Not Married,Unknown,25,7,0,18,1
Unknown,315000,Commercial Associate,Secondary / Secondary Special,Single / Not Married,Cleaning Staff,40,7,0,18,1
Female,135000,Unknown,Secondary / Secondary Special,Married,Laborers,28,9,0,16,1
Female,112500,Working,Secondary / Secondary Special,Unknown,Unknown,56,6,0,18,1
Female,67500,Working,Unknown,Unknown,Unknown,55,7,0,18,1
Unknown,315000,Commercial Associate,Secondary / Secondary Special,Separated,Private Service Staff,40,7,0,18,1
Female,225000,Commercial Associate,Higher Education,Married,Unknown,39,10,0,17,1
Unknown,270000,State Servant,Unknown,Married,Secretaries,40,13,0,21,1
Unknown,180000,Working,Secondary / Secondary Special,Unknown,Laborers,40,5,0,7,1
Female,540000,Commercial Associate,Higher Education,Married,Unknown,40,7,0,9,1
Male,180000,Unknown,Unknown,Unknown,Laborers,35,6,0,29,1
Male,202500,Commercial Associate,Secondary / Secondary Special,Married,Unknown,41,7,0,18,1
Male,180000,Working,Higher Education,Married,Unknown,40,7,0,18,1
Unknown,202500,Commercial Associate,Higher Education,Single / Not Married,Unknown,40,7,0,18,1
Female,225000,Unknown,Secondary / Secondary Special,Married,Medicine Staff,40,1,0,2,1
Male,157500,Working,Unknown,Married,Security Staff,40,2,0,18,1
Male,202500,Unknown,Unknown,Married,Unknown,38,4,16,18,0
Male,148500,Unknown,Unknown,Unknown,Laborers,44,7,0,18,1
Female,225000,Working,Unknown,Single / Not Married,Laborers,40,15,0,52,1
Unknown,180000,Unknown,Higher Education,Unknown,Drivers,41,2,0,17,1
Unknown,360000,Commercial Associate,Higher Education,Married,Unknown,41,7,0,17,1
Female,135000,Unknown,Unknown,Unknown,Unknown,37,8,0,18,1
Unknown,112500,Unknown,Higher Education,Married,Managers,40,7,0,18,1
Unknown,238500,Working,Higher Education,Married,Drivers,40,6,0,38,1
Female,157500,Working,Higher Education,Civil Marriage,Unknown,23,7,0,18,1
Unknown,220500,Unknown,Unknown,Unknown,Unknown,48,2,0,36,1
Unknown,202500,Working,Higher Education,Married,Unknown,31,7,0,18,1
Female,292500,Unknown,Unknown,Civil Marriage,Laborers,52,7,0,18,1
Male,225000,Working,Unknown,Unknown,Unknown,33,1,0,18,1
Female,306000,State Servant,Higher Education,Married,Medicine Staff,40,7,2,11,1
Male,247500,Unknown,Unknown,Unknown,Sales Staff,26,1,0,11,1
Male,121500,Commercial Associate,Secondary / Secondary Special,Married,Laborers,44,1,0,16,1
Unknown,225000,Working,Secondary / Secondary Special,Civil Marriage,Laborers,40,2,0,18,1
Unknown,135000,Commercial Associate,Unknown,Married,Laborers,50,7,0,9,1
Female,90000,Working,Higher Education,Single / Not Married,Accountants,34,2,0,1,1
Male,135000,Commercial Associate,Secondary / Secondary Special,Married,Managers,53,10,0,54,1
Unknown,157500,Unknown,Secondary / Secondary Special,Married,Laborers,40,5,0,26,1
Female,270000,Unknown,Secondary / Secondary Special,Married,Laborers,55,30,0,22,1
Unknown,315000,Working,Secondary / Secondary Special,Married,Private Service Staff,50,31,0,18,1
Female,67500,Working,Secondary / Secondary Special,Married,Core Staff,54,7,2,18,1
Unknown,315000,Commercial Associate,Higher Education,Married,Unknown,45,1,0,18,1
Unknown,238500,Working,Unknown,Unknown,Unknown,32,6,0,34,1
Unknown,108000,Working,Unknown,Unknown,Core Staff,40,17,0,7,1
Male,225000,Working,Unknown,Married,Unknown,26,7,0,18,1
Male,301500,Unknown,Secondary / Secondary Special,Unknown,Unknown,25,3,0,2,1
Female,135000,Commercial Associate,Unknown,Unknown,Unknown,40,3,0,45,1
Female,112500,Working,Secondary / Secondary Special,Unknown,Sales Staff,50,8,0,18,1
Female,67500,Unknown,Secondary / Secondary Special,Married,Sales Staff,40,3,0,8,1
Female,135000,Working,Secondary / Secondary Special,Married,Core Staff,40,7,0,12,1
Unknown,90000,Unknown,Unknown,Unknown,Unknown,53,7,0,3,1
Female,135000,Working,Higher Education,Married,Sales Staff,40,1,1,20,1
Female,135000,Working,Unknown,Unknown,Laborers,40,3,0,12,1
Female,123750,Unknown,Secondary / Secondary Special,Married,Cleaning Staff,46,2,0,43,1
Female,99000,Working,Unknown,Unknown,Cooking Staff,40,15,0,18,1
Male,157500,Working,Secondary / Secondary Special,Unknown,Unknown,38,8,0,7,1
Female,135000,Working,Unknown,Unknown,Unknown,41,7,0,18,1
Female,202500,Unknown,Unknown,Married,Unknown,32,7,0,18,1
Female,337500,State Servant,Unknown,Separated,Core Staff,29,5,0,18,1
Unknown,202500,Working,Unknown,Married,Laborers,41,3,0,16,1
Female,202500,Unknown,Secondary / Secondary Special,Single / Not Married,Laborers,40,8,1,18,1
Unknown,225000,Working,Secondary / Secondary Special,Married,Laborers,58,33,0,8,1
Female,270000,Unknown,Secondary / Secondary Special,Separated,Unknown,40,7,0,18,1
Female,180000,State Servant,Unknown,Married,Unknown,31,7,0,18,1
Female,180000,Unknown,Unknown,Married,Cooking Staff,39,7,0,18,1
Unknown,193500,Working,Unknown,Unknown,Core Staff,29,7,0,18,1
Unknown,112500,Unknown,Unknown,Unknown,Unknown,40,5,0,18,1
Female,103500,Unknown,Incomplete Higher,Married,Unknown,33,13,0,18,1
Unknown,135000,Working,Unknown,Unknown,Unknown,40,6,0,22,1
Male,337500,Commercial Associate,Unknown,Married,Low-Skill Laborers,27,1,0,18,1
Unknown,292500,Unknown,Secondary / Secondary Special,Married,Sales Staff,40,4,5,18,1
Male,112500,Unknown,Secondary / Secondary Special,Married,Laborers,43,9,0,60,1
Female,162000,Unknown,Secondary / Secondary Special,Civil Marriage,Managers,58,2,0,36,1
Unknown,360000,Commercial Associate,Higher Education,Civil Marriage,Sales Staff,41,7,0,18,1
Unknown,121500,Commercial Associate,Unknown,Unknown,Sales Staff,50,5,0,10,1
Unknown,112500,Working,Secondary / Secondary Special,Civil Marriage,Security Staff,40,1,1,16,1
Unknown,301500,Working,Unknown,Married,Laborers,40,3,0,5,1
Male,202500,Unknown,Unknown,Married,Laborers,49,2,0,21,1
Male,292500,State Servant,Secondary / Secondary Special,Married,Unknown,32,7,0,18,1
Female,225000,Unknown,Secondary / Secondary Special,Single / Not Married,Unknown,34,7,9,18,1
Male,450000,Unknown,Secondary / Secondary Special,Married,Managers,43,8,0,18,1
Unknown,247500,Unknown,Unknown,Single / Not Married,Sales Staff,42,7,0,6,1
Male,76500,Unknown,Secondary / Secondary Special,Unknown,Drivers,29,7,0,3,1
Unknown,301500,Unknown,Secondary / Secondary Special,Married,Laborers,40,3,0,2,1
Unknown,225000,Unknown,Unknown,Unknown,Accountants,40,11,0,12,1
Male,225000,Working,Higher Education,Married,Laborers,30,7,0,18,1
Female,180000,Working,Secondary / Secondary Special,Unknown,Sales Staff,54,8,0,44,1
Male,270000,Unknown,Unknown,Married,Unknown,34,9,0,18,1
Female,202500,Unknown,Secondary / Secondary Special,Married,High Skill Tech Staff,40,23,0,18,1
Female,180000,Commercial Associate,Higher Education,Unknown,Core Staff,51,20,0,18,1
Female,126000,Working,Unknown,Married,Laborers,40,7,0,18,1
Unknown,72000,Working,Unknown,Civil Marriage,Private Service Staff,32,7,0,22,1
Female,292500,Unknown,Unknown,Unknown,Sales Staff,39,7,0,18,1
Female,112500,Commercial Associate,Secondary / Secondary Special,Married,Unknown,35,3,0,6,1
Female,180000,Unknown,Unknown,Widow,Core Staff,40,7,0,18,1
Unknown,126000,Unknown,Secondary / Secondary Special,Unknown,Laborers,40,7,0,18,1
Female,144000,Working,Secondary / Secondary Special,Unknown,Cleaning Staff,44,7,0,18,1
Female,126000,Commercial Associate,Unknown,Unknown,Unknown,34,5,0,18,1
Female,157500,Working,Secondary / Secondary Special,Unknown,Unknown,40,7,0,18,1
Female,270000,Commercial Associate,Higher Education,Unknown,Accountants,49,2,2,25,1
Unknown,360000,Commercial Associate,Unknown,Married,Managers,40,11,0,15,1
Female,67500,Commercial Associate,Higher Education,Married,Unknown,40,5,0,7,1
Unknown,211500,Working,Unknown,Married,Unknown,40,7,0,18,1
Female,112500,Working,Unknown,Unknown,Unknown,43,7,0,39,1
Unknown,157500,Unknown,Unknown,Single / Not Married,Unknown,40,3,0,8,1
Female,144000,Working,Unknown,Widow,Unknown,40,7,0,5,1
Unknown,67500,State Servant,Secondary / Secondary Special,Married,Core Staff,40,6,0,18,1
Unknown,225000,Unknown,Higher Education,Separated,Sales Staff,42,3,0,17,1
Unknown,144000,Working,Unknown,Unknown,High Skill Tech Staff,52,7,0,18,1
Male,247500,Working,Unknown,Unknown,Unknown,39,7,0,5,1
Female,202500,Commercial Associate,Unknown,Unknown,Managers,36,7,0,18,1
Female,180000,Commercial Associate,Unknown,Married,Unknown,47,4,0,18,1
Unknown,225000,Unknown,Unknown,Unknown,Managers,40,7,0,18,1
Unknown,112500,Working,Secondary / Secondary Special,Married,Cooking Staff,40,7,7,4,0
Male,144000,Working,Secondary / Secondary Special,Married,Laborers,37,3,0,18,1
Unknown,198000,Commercial Associate,Secondary / Secondary Special,Unknown,Laborers,52,27,0,18,1
Male,90000,Working,Unknown,Married,Unknown,40,5,0,18,1
Unknown,315000,Unknown,Incomplete Higher,Single / Not Married,Unknown,25,4,0,28,1
Unknown,270000,Working,Unknown,Unknown,Managers,35,3,0,29,1
Female,148500,Working,Secondary / Secondary Special,Single / Not Married,High Skill Tech Staff,40,8,0,18,1
Female,135000,Commercial Associate,Unknown,Separated,Private Service Staff,30,7,0,4,1
Unknown,202500,Commercial Associate,Secondary / Secondary Special,Married,Unknown,45,7,0,6,1
Male,247500,Unknown,Secondary / Secondary Special,Married,Unknown,40,8,0,18,1
Unknown,157500,Commercial Associate,Higher Education,Married,Unknown,40,14,3,13,1
Unknown,135000,Working,Secondary / Secondary Special,Unknown,Laborers,40,7,0,58,1
Female,297000,Commercial Associate,Secondary / Secondary Special,Single / Not Married,Laborers,43,7,1,18,1
Unknown,135000,Commercial Associate,Unknown,Unknown,Unknown,28,7,0,2,1
Female,72000,Unknown,Secondary / Secondary Special,Married,Unknown,35,7,1,21,1
Female,202500,Unknown,Secondary / Secondary Special,Married,Cleaning Staff,40,3,0,5,1
Unknown,225000,State Servant,Higher Education,Married,Unknown,35,7,0,11,1
Male,90000,Working,Secondary / Secondary Special,Civil Marriage,Unknown,42,7,0,35,1
Male,157500,Commercial Associate,Secondary / Secondary Special,Single / Not Married,Laborers,27,6,0,39,1
Female,360000,Unknown,Secondary / Secondary Special,Married,Unknown,47,8,0,18,1
Unknown,135000,Unknown,Higher Education,Unknown,Laborers,40,8,0,18,1
Unknown,90000,Working,Secondary / Secondary Special,Married,Sales Staff,40,10,0,18,1
Unknown,270000,Unknown,Higher Education,Unknown,Managers,40,2,0,15,1
Female,225000,Unknown,Higher Education,Married,Unknown,38,7,0,18,1
Male,225000,Commercial Associate,Unknown,Unknown,Managers,29,6,0,18,1
Unknown,427500,Unknown,Secondary / Secondary Special,Civil Marriage,Managers,55,4,0,18,1
Female,135000,Unknown,Unknown,Unknown,Accountants,36,7,0,5,1
Female,153000,Working,Higher Education,Unknown,Sales Staff,40,3,0,18,1
Male,225000,Working,Unknown,Civil Marriage,Drivers,49,3,0,18,1
Male,225000,Unknown,Secondary / Secondary Special,Married,Drivers,50,10,0,19,1
Male,247500,Unknown,Higher Education,Single / Not Married,Unknown,28,3,0,18,1
Unknown,427500,Working,Higher Education,Unknown,Managers,40,5,1,47,1
Female,247500,Unknown,Unknown,Unknown,Laborers,40,9,0,18,1
Male,270000,Unknown,Unknown,Single / Not Married,Unknown,32,12,0,27,1
Unknown,112500,Working,Secondary / Secondary Special,Unknown,Laborers,40,10,0,25,1
Female,315000,Commercial Associate,Higher Education,Married,Sales Staff,45,5,0,18,1
Female,225000,Working,Secondary / Secondary Special,Unknown,Managers,41,3,0,51,1
Female,270000,Commercial Associate,Academic Degree,Married,Sales Staff,34,3,2,32,1
Male,215100,Commercial Associate,Secondary / Secondary Special,Unknown,Unknown,40,4,12,18,1
Male,112500,Unknown,Secondary / Secondary Special,Unknown,Unknown,44,7,0,18,1
Male,180000,Unknown,Secondary / Secondary Special,Married,Unknown,54,13,0,36,1
Male,247500,Unknown,Secondary / Secondary Special,Unknown,Managers,40,10,1,28,1
Female,180000,Working,Secondary / Secondary Special,Married,Managers,40,7,0,21,1
Female,445500,Commercial Associate,Higher Education,Married,Managers,35,2,0,18,1
Unknown,157500,Unknown,Secondary / Secondary Special,Single / Not Married,Unknown,52,1,0,18,1
Unknown,202500,Working,Higher Education,Widow,Unknown,33,5,0,26,1
Male,225000,Unknown,Unknown,Married,Unknown,40,7,0,18,1
Male,225000,Unknown,Unknown,Unknown,Laborers,40,7,0,22,1
Female,193500,Unknown,Secondary / Secondary Special,Married,Laborers,50,7,0,18,1
Female,180000,State Servant,Unknown,Unknown,Unknown,34,9,0,18,1
Female,225000,Unknown,Higher Education,Unknown,Unknown,33,1,1,10,1
Male,117000,Commercial Associate,Secondary / Secondary Special,Civil Marriage,Laborers,40,7,0,18,1
Unknown,162000,Commercial Associate,Unknown,Unknown,Core Staff,40,12,0,23,1
Female,90000,Unknown,Unknown,Unknown,Unknown,26,7,0,18,1
Unknown,90000,State Servant,Unknown,Married,Core Staff,40,2,0,3,1
Unknown,112500,Working,Higher Education,Unknown,Core Staff,38,7,0,18,1
Female,202500,Working,Unknown,Married,Medicine Staff,40,7,0,38,1
Female,180000,Unknown,Higher Education,Unknown,Unknown,53,7,0,18,1
Unknown,103500,Working,Secondary / Secondary Special,Separated,Cooking Staff,44,7,0,27,1
Unknown,76500,Unknown,Secondary / Secondary Special,Widow,Unknown,54,9,1,48,1
Male,225000,Unknown,Unknown,Married,Drivers,31,7,0,18,1
Unknown,171000,Unknown,Unknown,Unknown,Accountants,55,7,0,16,1
Unknown,135000,Commercial Associate,Higher Education,Married,Unknown,40,4,0,18,1
Unknown,189000,Commercial Associate,Secondary / Secondary Special,Married,Laborers,58,1,0,18,1
Female,112500,Commercial Associate,Secondary / Secondary Special,Unknown,Unknown,27,7,0,10,1
Male,180000,Unknown,Incomplete Higher,Single / Not Married,Unknown,27,1,0,6,1
Male,315000,Working,Secondary / Secondary Special,Unknown,Managers,50,7,1,8,1
Female,252000,Working,Unknown,Married,Medicine Staff,40,4,0,18,1
Female,157500,Working,Higher Education,Unknown,High Skill Tech Staff,52,10,0,18,1
Female,225000,Unknown,Unknown,Unknown,Laborers,40,9,0,34,1
Male,225000,Unknown,Unknown,Single / Not Married,High Skill Tech Staff,42,1,0,18,1
Female,382500,Working,Secondary / Secondary Special,Married,Unknown,40,5,0,2,1
Unknown,135000,Commercial Associate,Secondary / Secondary Special,Unknown,Security Staff,64,2,0,50,1
Female,247500,Unknown,Incomplete Higher,Unknown,Sales Staff,39,7,0,3,1
Unknown,135000,Working,Unknown,Unknown,Unknown,38,7,0,23,1
Unknown,247500,Working,Unknown,Married,Unknown,40,8,4,18,1
Male,180000,Working,Unknown,Married,Drivers,35,7,0,18,1
Unknown,450000,Working,Secondary / Secondary Special,Unknown,Unknown,41,7,1,38,1
Female,180000,Unknown,Unknown,Married,Managers,43,7,0,18,1
Female,135000,Unknown,Unknown,Married,Core Staff,25,3,2,18,1
Female,103500,Working,Unknown,Single / Not Married,Unknown,40,2,0,4,1
Unknown,180000,Unknown,Unknown,Unknown,Cooking Staff,40,7,0,23,1
Unknown,225000,Unknown,Unknown,Married,Laborers,34,7,0,25,1
Unknown,225000,Unknown,Unknown,Unknown,Security Staff,42,13,1,6,1
Female,180000,Working,Higher Education,Unknown,Unknown,40,7,0,10,1
Female,108000,Unknown,Unknown,Unknown,Accountants,38,3,0,18,1
Male,90000,Working,Unknown,Unknown,Managers,49,7,0,18,1
Unknown,675000,State Servant,Higher Education,Unknown,High Skill Tech Staff,40,7,0,40,1
Unknown,391500,Unknown,Secondary / Secondary Special,Married,Core Staff,47,20,0,9,1
Female,112500,Working,Secondary / Secondary Special,Unknown,Unknown,40,7,0,16,1
Male,90000,Unknown,Secondary / Secondary Special,Unknown,Unknown,40,7,0,3,1
Unknown,112500,Unknown,Unknown,Married,Core Staff,38,7,0,18,1
Unknown,157500,Working,Unknown,Civil Marriage,Sales Staff,40,7,0,18,1
Unknown,247500,Unknown,Secondary / Secondary Special,Married,Security Staff,40,5,0,25,1
Unknown,315000,Working,Unknown,Unknown,Unknown,49,7,0,6,1
Male,180000,Unknown,Secondary / Secondary Special,Married,Drivers,40,3,0,12,1
Female,225000,Unknown,Incomplete Higher,Married,Accountants,28,7,0,18,1
Female,450000,Working,Unknown,Unknown,Cleaning Staff,65,7,0,4,1
Unknown,225000,Unknown,Secondary / Secondary Special,Married,Unknown,40,10,0,18,1
Female,450000,Working,Secondary / Secondary Special,Married,Laborers,40,7,0,12,1
Female,130500,Unknown,Unknown,Unknown,Core Staff,40,10,0,58,1
Unknown,135000,Unknown,Secondary / Secondary Special,Unknown,Unknown,40,5,0,29,1
Unknown,225000,Working,Unknown,Unknown,Drivers,52,7,1,18,1
Male,216000,Working,Secondary / Secondary Special,Married,Laborers,40,7,0,18,1
Male,112500,Working,Secondary / Secondary Special,Unknown,Unknown,43,5,0,28,1
Female,112500,Commercial Associate,Unknown,Married,Accountants,40,8,0,5,1
Female,180000,Unknown,Higher Education,Single / Not Married,Medicine Staff,49,11,0,13,1
Unknown,94500,Working,Unknown,Separated,Unknown,40,7,0,46,1
Female,202500,Working,Unknown,Separated,Unknown,40,11,0,7,1
Female,166500,Commercial Associate,Unknown,Single / Not Married,Core Staff,35,7,0,6,1
Unknown,202500,Unknown,Secondary / Secondary Special,Married,Unknown,63,7,1,9,1
Female,90000,Unknown,Unknown,Married,Cleaning Staff,40,7,0,16,1
Unknown,202500,State Servant,Unknown,Married,Unknown,40,7,0,18,1
Female,81000,Working,Secondary / Secondary Special,Unknown,Unknown,49,7,0,51,1
Unknown,202500,Working,Unknown,Unknown,Unknown,40,7,0,12,1
Male,252000,Working,Secondary / Secondary Special,Married,Core Staff,40,22,0,1,1
Unknown,360000,Unknown,Unknown,Unknown,Core Staff,40,7,0,18,1
Male,360000,Working,Unknown,Civil Marriage,Unknown,33,7,0,16,1
Male,135000,Unknown,Unknown,Civil Marriage,Unknown,24,2,0,11,1
Unknown,157500,Unknown,Secondary / Secondary Special,Unknown,Drivers,27,7,0,6,1
Female,270000,Unknown,Secondary / Secondary Special,Unknown,Sales Staff,40,7,0,18,1
Male,135000,Working,Incomplete Higher,Single / Not Married,Unknown,27,7,0,14,1
Male,135000,Unknown,Incomplete Higher,Unknown,Laborers,40,2,0,17,1
Female,180000,Commercial Associate,Unknown,Married,Unknown,40,7,0,18,1
Female,292500,Commercial Associate,Secondary / Secondary Special,Married,Unknown,40,7,0,10,1
Female,135000,Working,Incomplete Higher,Single / Not Married,Unknown,40,7,0,18,1
Unknown,202500,Commercial Associate,Unknown,Unknown,Sales Staff,28,7,0,18,1
Unknown,310500,Unknown,Higher Education,Married,It Staff,40,9,0,18,1
Male,270000,Working,Secondary / Secondary Special,Married,Unknown,37,12,0,22,1
Unknown,135000,Working,Secondary / Secondary Special,Unknown,Cleaning Staff,53,7,0,18,1
Female,270000,Unknown,Higher Education,Unknown,Unknown,40,9,0,19,1
Female,117000,Unknown,Secondary / Secondary Special,Unknown,Unknown,40,2,0,18,1
Female,135000,Unknown,Higher Education,Unknown,Accountants,40,7,0,31,1
Unknown,157500,Commercial Associate,Unknown,Unknown,Unknown,40,4,0,53,1
Male,180000,Unknown,Unknown,Unknown,Security Staff,40,7,0,18,1
Unknown,157500,Working,Higher Education,Married,Unknown,31,3,0,18,1
Female,360000,Working,Higher Education,Married,Managers,35,12,1,24,1
Male,360000,Working,Unknown,Civil Marriage,Unknown,33,7,0,16,1
Male,225000,Unknown,Higher Education,Unknown,Unknown,40,7,0,18,1
Unknown,166500,Unknown,Secondary / Secondary Special,Civil Marriage,Sales Staff,41,9,0,18,1
Unknown,261000,Unknown,Unknown,Married,Laborers,44,15,0,24,1
Unknown,225000,Commercial Associate,Higher Education,Unknown,Unknown,42,4,0,48,1
Female,238500,Commercial Associate,Secondary / Secondary Special,Unknown,Unknown,47,4,0,28,1
Female,135000,Unknown,Unknown,Unknown,Laborers,28,7,0,18,1
Female,112500,Unknown,Higher Education,Unknown,Unknown,40,6,0,18,1
Male,157500,Commercial Associate,Secondary / Secondary Special,Married,Sales Staff,25,7,1,5,1
Female,166500,Working,Higher Education,Unknown,Unknown,31,2,0,57,1
Male,180000,Unknown,Incomplete Higher,Married,Unknown,33,10,0,18,1
Unknown,360000,Working,Unknown,Unknown,Unknown,40,3,0,10,1
Unknown,157500,State Servant,Secondary / Secondary Special,Unknown,Laborers,40,7,0,13,1
Male,270000,Unknown,Unknown,Married,Unknown,40,5,0,14,1
Female,171000,Unknown,Higher Education,Married,Accountants,40,6,0,20,1
Unknown,270000,Unknown,Unknown,Civil Marriage,Medicine Staff,35,7,0,8,1
Female,135000,Working,Secondary / Secondary Special,Unknown,Unknown,29,7,0,3,1
Male,225000,Unknown,Secondary / Secondary Special,Married,Laborers,52,7,0,8,1
Female,157500,Working,Unknown,Unknown,Unknown,50,7,0,18,1
Female,225000,Working,Secondary / Secondary Special,Separated,Unknown,32,10,0,61,1
Unknown,270000,Unknown,Secondary / Secondary Special,Unknown,Laborers,40,26,0,18,1
Male,450000,Unknown,Unknown,Unknown,Unknown,48,9,0,21,1
Female,157500,State Servant,Secondary / Secondary Special,Unknown,Core Staff,40,7,1,17,1
Male,157500,Working,Unknown,Married,Private Service Staff,39,8,0,23,1
Unknown,157500,Unknown,Secondary / Secondary Special,Married,Unknown,40,12,0,18,1
Unknown,180000,Working,Higher Education,Married,Unknown,35,7,0,12,1
Unknown,135000,Working,Unknown,Married,Laborers,32,7,0,10,1
Unknown,157500,Unknown,Secondary / Secondary Special,Married,Unknown,59,7,1,31,1
Unknown,54000,Working,Higher Education,Unknown,Cleaning Staff,31,13,0,18,1
Female,90000,Working,Secondary / Secondary Special,Married,Unknown,40,8,0,36,1
Female,135000,Unknown,Secondary / Secondary Special,Married,Unknown,40,5,0,18,1
Female,157500,Unknown,Unknown,Married,Managers,42,7,0,18,1
Unknown,135000,Unknown,Secondary / Secondary Special,Unknown,Laborers,40,7,3,16,1
Unknown,216000,Working,Higher Education,Single / Not Married,Core Staff,29,5,0,18,1
Female,180000,Unknown,Unknown,Married,Cooking Staff,40,3,0,18,1
Unknown,90000,Working,Secondary / Secondary Special,Unknown,Unknown,40,4,0,12,1
Unknown,360000,Unknown,Secondary / Secondary Special,Unknown,Unknown,40,2,0,41,1
Unknown,247500,Working,Secondary / Secondary Special,Unknown,Managers,40,19,0,18,1
Unknown,180000,Working,Unknown,Married,Unknown,32,7,0,10,1
Unknown,171000,Commercial Associate,Higher Education,Unknown,Managers,35,7,0,18,1
Female,315000,Working,Unknown,Married,Medicine Staff,40,7,0,20,1
Unknown,94500,Working,Unknown,Married,Unknown,46,5,0,9,1
Unknown,112500,Working,Unknown,Civil Marriage,Security Staff,49,7,0,18,1
Male,135000,Unknown,Secondary / Secondary Special,Married,Unknown,49,2,0,18,1
Male,225000,Commercial Associate,Unknown,Married,Sales Staff,30,7,0,3,1
Unknown,112500,Working,Unknown,Civil Marriage,Core Staff,40,4,0,30,1
Male,247500,Unknown,Higher Education,Unknown,Unknown,40,7,0,55,1
Female,112500,Working,Unknown,Married,Unknown,26,7,0,18,1
Unknown,157500,Working,Higher Education,Single / Not Married,Laborers,61,30,0,18,1
Female,180000,Unknown,Unknown,Widow,Unknown,40,7,0,41,1
Female,112500,Unknown,Unknown,Married,Unknown,34,7,0,2,1
Unknown,126000,Working,Unknown,Unknown,Unknown,40,1,0,41,1
Female,270000,Working,Unknown,Married,Unknown,40,4,0,18,1
Female,144000,Unknown,Secondary / Secondary Special,Unknown,Hr Staff,40,4,0,18,1
Female,202500,Working,Higher Education,Single / Not Married,Laborers,50,7,1,13,1
Unknown,202500,Working,Unknown,Unknown,Unknown,40,1,0,35,1
Female,117000,Working,Higher Education,Married,Unknown,52,2,0,3,1
Male,135000,Working,Unknown,Unknown,Sales Staff,29,7,0,10,1
Unknown,112500,Working,Unknown,Married,Sales Staff,44,7,0,29,1
Unknown,126000,Unknown,Unknown,Unknown,Core Staff,29,7,0,18,1
Female,112500,Unknown,Unknown,Separated,Laborers,40,26,1,18,1
Female,112500,Working,Secondary / Secondary Special,Widow,Unknown,40,2,0,41,1
Unknown,112500,State Servant,Unknown,Married,Unknown,51,18,0,18,1
Unknown,450000,State Servant,Unknown,Married,Core Staff,40,7,0,35,1
Unknown,180000,Unknown,Secondary / Secondary Special,Married,Drivers,40,4,0,43,1
Unknown,135000,Working,Unknown,Unknown,Medicine Staff,50,7,2,56,1
Unknown,202500,Unknown,Unknown,Married,Unknown,40,7,0,3,1
Female,90000,Commercial Associate,Unknown,Married,Laborers,40,8,0,18,1
Male,76500,Working,Secondary / Secondary Special,Married,Unknown,29,2,0,39,1
Male,292500,Unknown,Higher Education,Married,Unknown,36,8,0,17,1
Unknown,180000,Unknown,Secondary / Secondary Special,Married,Unknown,40,10,0,47,1
Female,180000,Working,Secondary / Secondary Special,Single / Not Married,Cleaning Staff,63,7,0,4,1
Female,130500,Unknown,Secondary / Secondary Special,Married,Sales Staff,40,10,0,23,1
Unknown,315000,Unknown,Unknown,Unknown,Unknown,32,5,0,18,1
Female,135000,Unknown,Unknown,Unknown,Unknown,40,7,0,15,1
Male,180000,Unknown,Secondary / Secondary Special,Unknown,Unknown,40,4,0,36,1
Female,270000,Unknown,Secondary / Secondary Special,Unknown,Unknown,40,2,0,18,1
Female,193500,Unknown,Secondary / Secondary Special,Married,Unknown,40,7,0,18,1
Female,225000,Commercial Associate,Unknown,Married,Managers,47,7,0,25,1
Female,112500,Working,Unknown,Unknown,Unknown,40,5,0,11,1
Male,180000,Working,Unknown,Married,Laborers,30,3,0,27,1
Unknown,135000,Commercial Associate,Higher Education,Unknown,Unknown,41,7,0,18,1
Unknown,140400,Working,Unknown,Married,Unknown,40,9,0,21,1
Female,112500,Working,Secondary / Secondary Special,Unknown,Accountants,40,12,0,60,1
Unknown,328500,Unknown,Secondary / Secondary Special,Married,Unknown,40,6,0,18,1
Female,135000,Commercial Associate,Higher Education,Unknown,Unknown,43,2,0,18,1
Unknown,207000,Unknown,Secondary / Secondary Special,Married,Managers,36,5,0,18,1
Female,112500,Working,Secondary / Secondary Special,Civil Marriage,Unknown,38,7,0,32,1
Female,234135,Unknown,Higher Education,Married,Managers,35,7,0,22,1
Unknown,90000,Working,Unknown,Civil Marriage,Low-Skill Laborers,40,7,0,8,1
Female,90000,Unknown,Secondary / Secondary Special,Married,High Skill Tech Staff,28,7,0,18,1
Unknown,99000,Unknown,Unknown,Unknown,Unknown,49,15,0,3,1
Unknown,180000,Working,Unknown,Unknown,Accountants,40,13,0,18,1
Female,157500,Unknown,Unknown,Married,Unknown,40,7,0,17,1
Female,225000,Working,Higher Education,Widow,Sales Staff,57,16,0,46,1
Female,103500,Unknown,Incomplete Higher,Married,Laborers,40,13,0,3,1
Unknown,157500,Working,Higher Education,Married,High Skill Tech Staff,60,7,0,17,1
Female,135000,Working,Unknown,Married,Unknown,53,33,0,18,1
Unknown,180000,Working,Secondary / Secondary Special,Unknown,Security Staff,56,8,0,18,1
Female,126000,Unknown,Incomplete Higher,Unknown,Core Staff,32,7,0,18,1
Male,202500,Commercial Associate,Secondary / Secondary Special,Married,Unknown,45,7,0,18,1
Unknown,112500,Working,Secondary / Secondary Special,Unknown,Unknown,40,7,0,22,1
Female,90000,State Servant,Secondary / Secondary Special,Separated,Medicine Staff,29,7,0,6,1
Female,225000,Commercial Associate,Secondary / Secondary Special,Married,Managers,35,7,0,7,1
Unknown,202500,Unknown,Secondary / Secondary Special,Unknown,High Skill Tech Staff,40,7,0,18,1
Male,90000,Working,Secondary / Secondary Special,Unknown,Unknown,38,16,0,1,1
Female,157500,Unknown,Secondary / Secondary Special,Unknown,Sales Staff,40,6,0,23,1
Unknown,121500,Working,Secondary / Secondary Special,Married,Drivers,44,3,0,16,1
Unknown,180000,Working,Secondary / Secondary Special,Unknown,Sales Staff,40,7,1,10,1
Male,112500,Working,Unknown,Civil Marriage,Laborers,40,7,0,3,1
Male,180000,Unknown,Secondary / Secondary Special,Unknown,Unknown,40,8,0,18,1
Male,135000,Unknown,Secondary / Secondary Special,Unknown,Unknown,55,7,0,18,1
Unknown,135000,Working,Secondary / Secondary Special,Married,Unknown,45,25,0,5,1
Unknown,135000,State Servant,Secondary / Secondary Special,Married,High Skill Tech Staff,40,11,0,18,1
Unknown,157500,Unknown,Secondary / Secondary Special,Single / Not Married,Unknown,24,7,0,41,1
Male,198000,Commercial Associate,Unknown,Civil Marriage,Managers,45,7,3,22,1
Female,157500,Commercial Associate,Unknown,Single / Not Married,Unknown,40,7,40,1,0
Female,171000,Unknown,Secondary / Secondary Special,Unknown,Unknown,34,7,0,18,1
Female,135000,Unknown,Unknown,Unknown,Unknown,40,26,0,49,1
Male,360000,Working,Incomplete Higher,Married,Unknown,28,7,0,16,1
Female,112500,Working,Higher Education,Married,Unknown,40,5,0,18,1
Female,243000,State Servant,Unknown,Unknown,Unknown,47,7,0,18,1
Unknown,157500,Working,Higher Education,Unknown,Unknown,36,7,0,18,1
Unknown,193500,Unknown,Unknown,Married,Core Staff,31,4,0,18,1
Unknown,225000,Unknown,Secondary / Secondary Special,Single / Not Married,Managers,28,7,9,45,1
Unknown,180000,Working,Higher Education,Married,High Skill Tech Staff,40,7,0,17,1
Female,162000,Working,Secondary / Secondary Special,Separated,Unknown,40,7,0,50,1
Male,171000,Working,Secondary / Secondary Special,Married,Unknown,38,7,0,44,1
Unknown,67500,Working,Higher Education,Married,High Skill Tech Staff,40,2,0,18,1
Female,270000,Unknown,Higher Education,Unknown,Secretaries,43,7,0,14,1
Male,153000,Working,Higher Education,Separated,Managers,55,21,3,54,1
Unknown,135000,Commercial Associate,Secondary / Secondary Special,Single / Not Married,Unknown,40,21,0,18,1
Female,90000,Working,Higher Education,Married,Laborers,40,7,0,39,1
Female,225000,Unknown,Unknown,Married,Managers,49,26,0,18,1
Male,540000,Commercial Associate,Unknown,Unknown,Sales Staff,40,5,0,18,1
Male,135000,Commercial Associate,Higher Education,Married,Managers,50,2,0,6,1
Female,40500,State Servant,Secondary / Secondary Special,Married,Unknown,36,7,0,9,1
Unknown,135000,Commercial Associate,Secondary / Secondary Special,Married,Cooking Staff,40,7,0,18,1
Female,135000,Working,Unknown,Unknown,Unknown,28,9,0,18,1
Female,135000,Working,Secondary / Secondary Special,Unknown,Secretaries,63,12,0,18,1
Unknown,90000,Unknown,Secondary / Secondary Special,Unknown,Medicine Staff,55,1,0,29,1
Female,112500,Unknown,Unknown,Civil Marriage,Laborers,40,7,0,18,1
Male,202500,Commercial Associate,Unknown,Married,Drivers,43,5,0,38,1
Unknown,247500,Unknown,Secondary / Secondary Special,Married,Unknown,41,7,0,20,1
Female,90000,Working,Unknown,Unknown,Unknown,24,1,2,8,1
Unknown,247500,Unknown,Secondary / Secondary Special,Single / Not Married,Laborers,46,19,0,18,1
Unknown,292500,Working,Incomplete Higher,Married,Sales Staff,35,12,0,18,1
Unknown,90000,State Servant,Unknown,Married,Medicine Staff,40,23,0,18,1
Unknown,315000,Unknown,Secondary / Secondary Special,Married,Unknown,60,5,0,12,1
Male,135000,Working,Unknown,Unknown,Unknown,40,12,0,18,1
Female,67500,Working,Secondary / Secondary Special,Married,Laborers,40,20,0,49,1
Female,270000,Unknown,Unknown,Married,Unknown,61,35,5,8,1
Female,112500,Working,Incomplete Higher,Unknown,Laborers,23,5,0,2,1
Male,225000,Working,Unknown,Married,Sales Staff,29,3,0,7,1
Unknown,130500,Working,Secondary / Secondary Special,Unknown,Unknown,51,11,0,48,1
Male,157500,Unknown,Unknown,Unknown,Drivers,40,5,0,4,1
Unknown,157500,Unknown,Unknown,Unknown,Accountants,40,1,0,3,1
Unknown,135000,Working,Unknown,Married,Core Staff,31,5,0,18,1
Male,103500,Unknown,Secondary / Secondary Special,Married,Laborers,39,1,0,33,1
Female,391500,Unknown,Secondary / Secondary Special,Married,Core Staff,47,20,0,51,1
Male,180000,Unknown,Unknown,Married,Unknown,27,7,0,33,1
Male,225000,Working,Secondary / Secondary Special,Married,Unknown,30,7,0,28,1
Unknown,112500,Unknown,Unknown,Married,Cooking Staff,39,21,0,18,1
Unknown,140400,Working,Secondary / Secondary Special,Married,Core Staff,34,9,1,11,1
Male,180000,Working,Unknown,Married,Drivers,37,3,0,11,1
Female,180000,Commercial Associate,Secondary / Secondary Special,Married,Unknown,29,3,0,19,1
Male,157500,Working,Unknown,Unknown,Unknown,25,2,0,7,1
Unknown,193500,Working,Unknown,Single / Not Married,Laborers,40,6,0,13,1
Female,81000,Unknown,Unknown,Unknown,Laborers,42,7,0,18,1
Unknown,130500,Unknown,Unknown,Unknown,Core Staff,38,7,0,5,1
Male,99000,State Servant,Unknown,Unknown,Unknown,61,7,0,18,1
Female,225000,Working,Higher Education,Single / Not Married,Unknown,36,17,0,18,1
Male,202500,Unknown,Incomplete Higher,Married,Unknown,40,2,0,18,1
Male,450000,Working,Secondary / Secondary Special,Unknown,Unknown,40,7,0,39,1
Female,90000,Unknown,Unknown,Married,Medicine Staff,40,7,0,19,1
Unknown,135000,Unknown,Unknown,Married,Accountants,49,7,0,21,1
Male,252000,Unknown,Unknown,Married,Laborers,42,15,0,10,1
Unknown,90000,Working,Unknown,Unknown,Laborers,45,11,0,18,1
Male,225000,Commercial Associate,Secondary / Secondary Special,Single / Not Married,Unknown,50,7,0,18,1
Female,247500,Commercial Associate,Higher Education,Married,High Skill Tech Staff,41,7,0,18,1
Unknown,180000,Unknown,Secondary / Secondary Special,Single / Not Married,Managers,52,5,0,26,1
Male,135000,Working,Secondary / Secondary Special,Married,Unknown,41,7,0,47,1
Female,112500,Working,Secondary / Secondary Special,Single / Not Married,Unknown,40,5,0,18,1
Unknown,157500,Working,Secondary / Secondary Special,Separated,Unknown,37,7,0,18,1
Unknown,180000,Unknown,Unknown,Civil Marriage,High Skill Tech Staff,46,8,0,20,1
Unknown,135000,Unknown,Higher Education,Unknown,Unknown,32,7,0,18,1
Unknown,180000,Commercial Associate,Unknown,Unknown,Unknown,36,7,0,18,1
Unknown,252000,Unknown,Higher Education,Unknown,Unknown,40,7,0,12,1
Male,225000,Working,Unknown,Married,Unknown,42,7,0,18,1
Male,171000,Unknown,Secondary / Secondary Special,Married,Unknown,50,14,0,16,1
Unknown,157500,Pensioner,Secondary / Secondary Special,Unknown,Drivers,31,2,0,18,1
Female,225000,Commercial Associate,Unknown,Single / Not Married,Unknown,47,2,0,18,1
Female,180000,State Servant,Secondary / Secondary Special,Married,Medicine Staff,40,11,0,42,1
Female,112500,Unknown,Unknown,Civil Marriage,Accountants,44,13,0,18,1
Female,180000,Working,Unknown,Married,Unknown,40,7,0,25,1
Male,180000,Working,Lower Secondary,Unknown,Unknown,40,7,0,29,1
Male,315000,Commercial Associate,Unknown,Married,Managers,31,2,0,18,1
Female,135000,Working,Secondary / Secondary Special,Married,Cooking Staff,40,7,0,18,1
Male,144000,Unknown,Unknown,Married,Unknown,29,7,0,29,1
Female,180000,Working,Secondary / Secondary Special,Separated,Unknown,43,7,0,13,1
Unknown,90000,Working,Secondary / Secondary Special,Married,Sales Staff,35,6,0,18,1
Female,405000,Working,Unknown,Unknown,Accountants,39,11,0,54,1
Male,180000,Unknown,Higher Education,Unknown,Unknown,33,7,0,18,1
Unknown,135000,Working,Secondary / Secondary Special,Single / Not Married,Laborers,40,7,0,12,1
Male,157500,Working,Unknown,Civil Marriage,Unknown,37,7,0,18,1
Male,225000,Commercial Associate,Unknown,Married,Unknown,40,7,0,18,1
Female,103500,State Servant,Secondary / Secondary Special,Civil Marriage,Cooking Staff,31,2,3,18,1
Female,315000,Unknown,Unknown,Married,Unknown,40,7,0,18,1
Unknown,135000,State Servant,Unknown,Single / Not Married,High Skill Tech Staff,40,7,0,9,1
Female,405000,State Servant,Unknown,Married,Core Staff,40,13,0,18,1
Unknown,225000,State Servant,Unknown,Civil Marriage,Unknown,40,24,0,37,1
Female,90000,Commercial Associate,Unknown,Married,Unknown,46,16,0,18,1
Unknown,315000,Working,Unknown,Married,Medicine Staff,36,7,0,30,1
Male,382500,Working,Unknown,Married,Laborers,40,7,0,15,1
Female,180000,Unknown,Secondary / Secondary Special,Married,Cooking Staff,53,7,0,18,1
Unknown,180000,Working,Secondary / Secondary Special,Unknown,Drivers,40,2,0,14,1
Female,112500,Working,Unknown,Married,Sales Staff,40,7,0,18,1
Male,292500,Commercial Associate,Secondary / Secondary Special,Unknown,Unknown,40,9,0,3,1
Male,90000,Working,Secondary / Secondary Special,Unknown,Unknown,25,3,0,18,1
Male,157500,Commercial Associate,Unknown,Unknown,Unknown,43,7,0,8,1
Female,112500,Working,Higher Education,Unknown,Sales Staff,36,7,0,18,1
Unknown,180000,Unknown,Secondary / Secondary Special,Civil Marriage,Sales Staff,30,5,0,45,1
Unknown,67500,Unknown,Unknown,Unknown,Unknown,42,7,0,41,1
Male,112500,Working,Secondary / Secondary Special,Married,Unknown,44,5,0,7,1
Unknown,292500,Working,Unknown,Unknown,Unknown,39,7,0,21,1
Female,216000,Working,Unknown,Single / Not Married,Core Staff,40,7,0,17,1
Male,247500,Unknown,Unknown,Unknown,Sales Staff,26,1,0,11,1
Unknown,81000,Commercial Associate,Secondary / Secondary Special,Married,Unknown,47,7,0,18,1
Unknown,270000,Commercial Associate,Secondary / Secondary Special,Unknown,Drivers,40,3,0,18,1
Male,225000,Unknown,Secondary / Secondary Special,Married,Laborers,38,7,0,17,1
Male,139500,Working,Unknown,Married,Laborers,27,7,0,27,1
Unknown,135000,Working,Unknown,Unknown,Core Staff,39,7,0,10,1
Female,130500,Working,Unknown,Married,Sales Staff,43,10,0,18,1
Unknown,157500,Working,Higher Education,Separated,Laborers,30,7,0,4,1
Female,306000,Commercial Associate,Higher Education,Married,Unknown,40,4,0,28,1
Female,135000,Unknown,Secondary / Secondary Special,Married,Cleaning Staff,50,15,0,18,1
Male,238500,Unknown,Higher Education,Married,Laborers,34,7,0,6,1
Unknown,337500,Unknown,Unknown,Married,Managers,29,5,0,16,1
Female,144000,Working,Unknown,Unknown,Unknown,42,5,0,18,1
Female,450000,Unknown,Secondary / Secondary Special,Married,Laborers,52,2,0,10,1
Unknown,135000,Unknown,Higher Education,Unknown,Core Staff,36,7,0,18,1
Female,157500,Commercial Associate,Higher Education,Unknown,Laborers,34,7,0,28,1
Female,225000,Commercial Associate,Secondary / Secondary Special,Unknown,Unknown,63,7,0,38,1
Unknown,135000,Working,Higher Education,Unknown,Accountants,34,2,0,20,1
Male,202500,Working,Unknown,Unknown,Unknown,40,7,0,18,1
Female,180000,State Servant,Secondary / Secondary Special,Married,Unknown,55,7,0,30,1
Male,292500,Working,Secondary / Secondary Special,Married,Laborers,33,5,0,18,1
Male,225000,Unknown,Higher Education,Unknown,Core Staff,38,18,0,10,1
Unknown,112500,Commercial Associate,Unknown,Single / Not Married,High Skill Tech Staff,49,7,1,29,1
Female,225000,Unknown,Higher Education,Married,Unknown,40,11,0,18,1
Unknown,112500,Unknown,Secondary / Secondary Special,Married,Unknown,40,4,0,19,1
Female,121500,Commercial Associate,Secondary / Secondary Special,Married,Unknown,31,8,0,28,1
Unknown,225000,Commercial Associate,Secondary / Secondary Special,Married,Realty Agents,39,7,0,5,1
Female,157500,Working,Secondary / Secondary Special,Unknown,Unknown,28,7,0,18,1
Female,202500,Working,Unknown,Unknown,Unknown,40,19,0,18,1
Unknown,634500,Unknown,Higher Education,Unknown,Managers,48,7,2,18,1
Male,202500,Commercial Associate,Higher Education,Unknown,Laborers,41,7,0,40,1
Female,157500,Unknown,Unknown,Married,Core Staff,40,7,0,14,1
Unknown,202500,Unknown,Higher Education,Married,Drivers,29,5,0,18,1
Female,360000,Unknown,Secondary / Secondary Special,Single / Not Married,Sales Staff,38,10,0,26,1
Female,202500,Unknown,Secondary / Secondary Special,Unknown,Core Staff,49,7,0,18,1
Unknown,91530,Working,Unknown,Unknown,Managers,60,5,0,18,1
Unknown,180000,Unknown,Unknown,Unknown,Managers,47,7,0,8,1
Unknown,270000,Working,Unknown,Married,Unknown,40,7,0,18,1
Female,157500,Unknown,Unknown,Married,Unknown,40,16,0,53,1
Unknown,315000,Commercial Associate,Unknown,Single / Not Married,Cleaning Staff,56,4,0,20,1
Unknown,360000,Unknown,Secondary / Secondary Special,Unknown,Medicine Staff,30,2,0,11,1
Unknown,157500,State Servant,Secondary / Secondary Special,Unknown,Unknown,40,7,0,45,1
Female,225000,Commercial Associate,Higher Education,Separated,Unknown,34,4,0,19,1
Female,202500,Working,Unknown,Married,Unknown,55,7,0,18,1
Unknown,202500,Unknown,Secondary / Secondary Special,Married,Core Staff,40,7,0,14,1
Unknown,99000,Working,Secondary / Secondary Special,Single / Not Married,Unknown,49,15,2,18,1
Unknown,135000,Unknown,Secondary / Secondary Special,Unknown,Laborers,43,10,0,18,1
Male,135000,Working,Secondary / Secondary Special,Married,Unknown,40,7,0,59,1
Unknown,117000,Commercial Associate,Secondary / Secondary Special,Civil Marriage,Private Service Staff,34,13,0,28,1
Female,202500,Unknown,Secondary / Secondary Special,Married,Laborers,53,7,0,18,1
Male,495000,Unknown,Higher Education,Married,Managers,47,7,0,18,1
Female,292500,Unknown,Higher Education,Civil Marriage,Laborers,40,7,0,22,1
Unknown,202500,State Servant,Higher Education,Unknown,Core Staff,40,7,1,15,1
Unknown,135000,Commercial Associate,Unknown,Unknown,Laborers,30,7,0,24,1
Male,247500,Unknown,Secondary / Secondary Special,Married,Laborers,48,2,14,17,1
Unknown,135000,Working,Higher Education,Unknown,Managers,40,4,0,3,1
Unknown,157500,Unknown,Higher Education,Married,Unknown,34,12,0,18,1
Female,225000,Unknown,Higher Education,Married,Medicine Staff,41,7,0,24,1
Male,85500,State Servant,Secondary / Secondary Special,Unknown,Unknown,46,24,0,17,1
Female,90000,State Servant,Higher Education,Unknown,Core Staff,36,2,0,18,1
Unknown,202500,Working,Unknown,Single / Not Married,Unknown,40,7,0,18,1
Unknown,675000,Commercial Associate,Unknown,Single / Not Married,Security Staff,40,3,0,10,1
Female,180000,Unknown,Higher Education,Civil Marriage,Sales Staff,40,7,0,36,1
Female,157500,Unknown,Unknown,Unknown,Medicine Staff,40,33,0,18,1
Female,180000,Commercial Associate,Secondary / Secondary Special,Unknown,Unknown,33,9,0,18,1
Male,225000,Unknown,Secondary / Secondary Special,Married,Drivers,50,10,0,19,1
Unknown,207000,Unknown,Higher Education,Unknown,Unknown,41,7,0,18,1
Male,157500,Unknown,Unknown,Unknown,Unknown,40,5,0,18,1
Unknown,180000,Working,Unknown,Married,Drivers,40,4,2,18,1
Unknown,315000,Working,Unknown,Married,Unknown,37,8,1,24,1
Female,225000,Commercial Associate,Unknown,Unknown,Realty Agents,40,7,0,18,1
Unknown,202500,Commercial Associate,Unknown,Unknown,Accountants,51,20,1,13,1
Male,225000,Unknown,Higher Education,Married,Unknown,40,7,0,18,1
Female,67500,Working,Unknown,Separated,Accountants,31,7,0,23,1
Unknown,225000,Unknown,Unknown,Unknown,Sales Staff,30,7,0,18,1
Unknown,135000,Working,Unknown,Unknown,Laborers,47,7,0,33,1
Unknown,202500,Unknown,Secondary / Secondary Special,Married,Security Staff,40,8,0,24,1
Unknown,225000,Unknown,Unknown,Married,Laborers,40,4,0,48,1
Female,157500,Unknown,Unknown,Unknown,Core Staff,46,7,0,43,1
Unknown,90000,Working,Secondary / Secondary Special,Unknown,Unknown,50,7,0,6,1
Female,90000,Unknown,Secondary / Secondary Special,Unknown,Unknown,39,7,0,11,1
Male,405000,Unknown,Unknown,Married,Drivers,40,2,0,26,1
Female,112500,Working,Unknown,Single / Not Married,High Skill Tech Staff,31,7,0,18,1
Male,157500,Working,Unknown,Married,Laborers,27,7,0,18,1
Female,60750,Unknown,Higher Education,Unknown,Unknown,30,6,0,18,1
Female,144000,Working,Secondary / Secondary Special,Unknown,Cooking Staff,31,1,0,30,1
Female,202500,Commercial Associate,Secondary / Secondary Special,Unknown,Unknown,40,2,0,18,1
Male,315000,Working,Higher Education,Single / Not Married,Unknown,40,9,0,18,1
Female,157500,Working,Secondary / Secondary Special,Married,Sales Staff,41,7,0,39,1
Male,180000,Working,Higher Education,Unknown,Unknown,43,7,0,36,1
Unknown,180000,Working,Unknown,Single / Not Married,Core Staff,46,16,1,40,1
Unknown,252000,Unknown,Unknown,Unknown,Security Staff,40,7,0,18,1
Female,216000,Working,Secondary / Secondary Special,Unknown,Medicine Staff,40,9,0,10,1
Female,144000,Working,Secondary / Secondary Special,Married,Unknown,37,7,0,18,1
Female,126000,Commercial Associate,Secondary / Secondary Special,Married,Unknown,46,7,0,10,1
Male,121500,Working,Secondary / Secondary Special,Unknown,Unknown,40,7,0,20,1
Female,112500,Unknown,Higher Education,Unknown,Unknown,25,7,0,18,1
Female,108000,Unknown,Unknown,Unknown,Laborers,49,6,0,37,1
Unknown,202500,Commercial Associate,Unknown,Married,Unknown,40,7,1,18,1
Female,189000,State Servant,Secondary / Secondary Special,Unknown,Unknown,48,26,0,18,1
Female,270000,Working,Secondary / Secondary Special,Married,High Skill Tech Staff,36,5,0,18,1
Female,90000,Working,Secondary / Secondary Special,Married,Managers,40,10,0,28,1
Unknown,234000,Working,Unknown,Married,Unknown,40,14,2,33,1
Unknown,72000,Unknown,Higher Education,Married,Accountants,39,6,0,44,1
Unknown,135000,Working,Higher Education,Married,Laborers,40,5,0,18,1
Female,225000,Working,Unknown,Single / Not Married,Core Staff,49,7,2,13,1
Female,328500,Unknown,Secondary / Secondary Special,Married,Realty Agents,40,7,0,11,1
Unknown,112500,Working,Unknown,Unknown,Laborers,56,3,0,1,1
Unknown,112500,Unknown,Secondary / Secondary Special,Unknown,Core Staff,37,19,0,57,1
Female,135000,Unknown,Higher Education,Separated,Hr Staff,40,14,0,18,1
Unknown,157500,Unknown,Unknown,Unknown,High Skill Tech Staff,40,7,0,18,1
Unknown,157500,Unknown,Unknown,Unknown,Laborers,40,7,0,18,1
Female,99000,Unknown,Higher Education,Unknown,Unknown,65,1,0,18,1
Female,180000,Working,Unknown,Married,Laborers,36,7,0,16,1
Unknown,180000,Commercial Associate,Unknown,Married,Unknown,65,17,0,18,1
Male,135000,Working,Secondary / Secondary Special,Married,Unknown,41,7,0,10,1
Unknown,270000,State Servant,Unknown,Married,Unknown,49,3,0,24,1
Female,112500,Unknown,Secondary / Secondary Special,Unknown,High Skill Tech Staff,52,18,0,24,1
Unknown,207000,Unknown,Higher Education,Unknown,Core Staff,41,8,2,18,0
Female,270000,State Servant,Unknown,Married,Waiters/Barmen Staff,56,4,0,5,1
Unknown,211500,Working,Unknown,Married,Unknown,40,7,0,18,1
Female,193500,Working,Secondary / Secondary Special,Unknown,Cooking Staff,40,27,0,18,1
Unknown,162000,Working,Secondary / Secondary Special,Single / Not Married,Laborers,40,7,0,18,1
Unknown,135000,State Servant,Unknown,Married,Unknown,51,6,1,32,1
Unknown,112500,Commercial Associate,Unknown,Unknown,Laborers,63,7,0,18,1
Female,90000,Unknown,Unknown,Unknown,Unknown,41,7,0,60,1
Female,112500,Unknown,Secondary / Secondary Special,Married,High Skill Tech Staff,40,7,0,18,1
Male,112500,Commercial Associate,Unknown,Married,Drivers,57,7,0,18,1
Unknown,202500,State Servant,Unknown,Unknown,Unknown,40,14,0,18,1
Male,270000,Unknown,Unknown,Unknown,Realty Agents,40,5,0,56,1
Female,171000,Unknown,Secondary / Secondary Special,Unknown,Medicine Staff,39,18,0,15,1
Female,157500,Working,Unknown,Unknown,Sales Staff,40,8,0,18,1
Male,202500,Unknown,Secondary / Secondary Special,Married,Unknown,65,7,0,14,1
Male,126000,Working,Secondary / Secondary Special,Unknown,Laborers,40,7,0,2,1
Unknown,112500,Commercial Associate,Secondary / Secondary Special,Married,Sales Staff,51,2,1,18,1
Unknown,94500,Unknown,Secondary / Secondary Special,Single / Not Married,Drivers,40,7,0,18,1
Male,450000,Commercial Associate,Secondary / Secondary Special,Married,Security Staff,40,6,0,4,1
Male,270000,Unknown,Secondary / Secondary Special,Married,Drivers,40,21,0,43,1
Unknown,157500,Working,Secondary / Secondary Special,Unknown,Unknown,53,7,0,5,1
Male,157500,Working,Secondary / Secondary Special,Unknown,Laborers,35,7,1,18,1
Female,270000,Unknown,Unknown,Unknown,Unknown,30,3,0,18,1
Male,157500,Working,Unknown,Married,Unknown,36,12,0,31,1
Female,180000,Unknown,Secondary / Secondary Special,Unknown,Unknown,55,7,0,18,1
Unknown,121500,Working,Unknown,Unknown,Unknown,40,1,0,4,1
Female,157500,Working,Unknown,Unknown,Unknown,40,5,0,18,1
Female,112500,Working,Secondary / Secondary Special,Unknown,Unknown,40,7,0,6,1
Unknown,157500,Unknown,Unknown,Unknown,Unknown,33,5,0,3,1
Unknown,225000,Unknown,Secondary / Secondary Special,Single / Not Married,Laborers,40,3,0,18,1
Female,180000,Unknown,Secondary / Secondary Special,Unknown,Laborers,40,4,0,18,1
Female,315000,State Servant,Secondary / Secondary Special,Civil Marriage,Core Staff,40,7,0,1,1
Female,193500,Commercial Associate,Higher Education,Unknown,Sales Staff,30,2,0,18,1
Female,112500,Unknown,Secondary / Secondary Special,Married,Unknown,36,7,0,18,1
Female,180000,State Servant,Unknown,Married,Core Staff,31,8,0,18,1
Female,270000,Unknown,Secondary / Secondary Special,Unknown,Security Staff,43,3,0,51,1
Male,405000,Unknown,Secondary / Secondary Special,Married,Unknown,35,4,0,18,1
Female,270000,Working,Unknown,Married,Accountants,36,2,0,13,1
Female,135000,Commercial Associate,Higher Education,Married,Unknown,34,12,0,44,1
Male,360000,Working,Incomplete Higher,Married,Unknown,28,7,0,16,1
Unknown,292500,Working,Higher Education,Unknown,Managers,40,7,0,18,1
Female,112500,Working,Unknown,Married,Sales Staff,28,7,0,41,1
Male,157500,Commercial Associate,Unknown,Unknown,Laborers,40,7,0,30,1
Male,148500,Unknown,Unknown,Unknown,Laborers,44,7,0,18,1
Unknown,265500,Unknown,Unknown,Married,Sales Staff,40,7,0,2,1
Unknown,315000,Unknown,Unknown,Separated,Unknown,40,7,0,19,1
Female,360000,Commercial Associate,Unknown,Unknown,Managers,30,6,0,23,1
Female,144000,Unknown,Higher Education,Married,Accountants,40,7,0,18,1
Unknown,135000,Working,Secondary / Secondary Special,Civil Marriage,Sales Staff,40,7,0,55,1
Unknown,193500,Working,Secondary / Secondary Special,Married,Unknown,49,27,0,18,1
Male,135000,Working,Higher Education,Married,Unknown,33,2,0,18,1
Female,135000,Working,Higher Education,Unknown,Core Staff,36,5,0,16,1
Unknown,180000,Unknown,Unknown,Married,Unknown,33,5,0,12,1
Female,112500,Unknown,Secondary / Secondary Special,Married,Core Staff,32,2,0,18,1
Female,157500,Unknown,Incomplete Higher,Unknown,Core Staff,40,18,0,7,1
Unknown,135000,Unknown,Secondary / Secondary Special,Unknown,Laborers,43,10,0,18,1
Female,135000,Working,Unknown,Unknown,Laborers,37,7,0,15,1
Female,94500,Unknown,Higher Education,Single / Not Married,Accountants,40,7,0,16,1
Male,279000,Commercial Associate,Unknown,Married,Laborers,40,12,0,6,1
Female,112500,Unknown,Secondary / Secondary Special,Married,Laborers,42,1,0,18,1
Male,247500,Commercial Associate,Unknown,Married,Laborers,42,2,0,38,1
Male,225000,Unknown,Unknown,Married,Cooking Staff,54,7,0,18,1
Unknown,225000,Commercial Associate,Higher Education,Married,Private Service Staff,39,10,0,7,1
Female,180000,Unknown,Unknown,Married,Managers,40,6,0,40,1
Unknown,202500,Working,Secondary / Secondary Special,Unknown,Managers,28,7,0,37,1
Unknown,216000,Unknown,Unknown,Married,Unknown,40,5,0,18,1
Unknown,112500,Unknown,Secondary / Secondary Special,Married,Cooking Staff,40,9,0,18,1
Unknown,157500,Working,Secondary / Secondary Special,Unknown,Drivers,40,7,0,18,1
Unknown,157500,Unknown,Unknown,Married,Sales Staff,40,1,0,18,1
Female,405000,Unknown,Secondary / Secondary Special,Unknown,Unknown,40,7,0,41,1
Female,157500,Working,Unknown,Civil Marriage,Laborers,56,7,0,18,1
Female,135000,Unknown,Secondary / Secondary Special,Married,Cooking Staff,52,7,0,56,1
Female,135000,Commercial Associate,Higher Education,Married,Hr Staff,41,7,0,18,1
Female,90000,Working,Secondary / Secondary Special,Married,Sales Staff,45,3,0,7,1
Unknown,270000,Commercial Associate,Secondary / Secondary Special,Married,Unknown,47,11,0,52,1
Male,360000,Unknown,Secondary / Secondary Special,Unknown,Unknown,48,7,1,36,1
Unknown,135000,Unknown,Secondary / Secondary Special,Unknown,Unknown,46,7,0,55,1
Unknown,144000,Working,Secondary / Secondary Special,Married,Unknown,33,4,0,24,1
Male,180000,Unknown,Unknown,Unknown,Unknown,41,2,0,20,1
Female,90000,State Servant,Unknown,Married,Medicine Staff,39,7,0,24,1
Male,112500,Working,Secondary / Secondary Special,Unknown,Drivers,40,3,0,18,1
Female,180000,Working,Secondary / Secondary Special,Married,Laborers,41,4,0,18,1
Unknown,112500,Unknown,Secondary / Secondary Special,Unknown,Sales Staff,40,7,1,9,1
Female,157500,Unknown,Higher Education,Single / Not Married,Accountants,33,6,0,18,1
Male,90000,Working,Secondary / Secondary Special,Unknown,Unknown,38,16,0,1,1
Male,135000,Working,Unknown,Unknown,Laborers,40,15,0,18,1
Female,112500,Unknown,Secondary / Secondary Special,Unknown,Medicine Staff,40,33,0,18,1
Unknown,270000,Unknown,Secondary / Secondary Special,Single / Not Married,High Skill Tech Staff,33,7,9,18,1
Female,72000,Working,Secondary / Secondary Special,Unknown,Unknown,30,11,0,18,1
Female,270000,Commercial Associate,Unknown,Married,Core Staff,41,7,0,18,1
Male,207000,Unknown,Unknown,Unknown,Unknown,37,7,0,18,1
Female,135000,Working,Higher Education,Married,Unknown,32,7,0,18,1
Unknown,135000,Commercial Associate,Secondary / Secondary Special,Unknown,Unknown,40,8,0,16,1
Unknown,234000,Unknown,Unknown,Married,Laborers,36,14,0,33,1
Male,225000,Unknown,Secondary / Secondary Special,Married,Laborers,45,4,0,18,1
Unknown,225000,Working,Unknown,Unknown,Unknown,40,7,0,18,1
Unknown,247500,Commercial Associate,Secondary / Secondary Special,Unknown,Laborers,49,1,0,8,1
Unknown,225000,Working,Higher Education,Married,Core Staff,40,9,3,18,1
Unknown,157500,Working,Secondary / Secondary Special,Separated,Unknown,51,7,0,18,1
Unknown,202500,Unknown,Unknown,Unknown,Managers,40,7,0,18,1
Unknown,90000,Unknown,Secondary / Secondary Special,Unknown,Medicine Staff,55,1,0,29,1
Female,112500,Unknown,Secondary / Secondary Special,Married,Laborers,40,22,0,54,1
Unknown,112500,Working,Unknown,Unknown,High Skill Tech Staff,39,7,0,19,1
Male,270000,Unknown,Unknown,Married,Laborers,40,5,0,19,1
Unknown,256500,Commercial Associate,Higher Education,Civil Marriage,Unknown,39,8,0,26,1
Male,450000,Commercial Associate,Secondary / Secondary Special,Unknown,Unknown,50,2,0,17,1
Male,270000,Unknown,Secondary / Secondary Special,Unknown,Unknown,40,7,0,7,1
Female,135000,Commercial Associate,Unknown,Married,Core Staff,34,7,0,20,1
Unknown,225000,Working,Secondary / Secondary Special,Married,Unknown,29,4,0,21,1
Unknown,144000,Unknown,Secondary / Secondary Special,Married,Drivers,34,7,0,52,1
Male,180000,Commercial Associate,Unknown,Married,Unknown,40,5,0,18,1
Female,81000,Unknown,Secondary / Secondary Special,Married,Security Staff,51,7,0,46,1
Unknown,229500,Unknown,Higher Education,Unknown,Core Staff,46,7,0,18,1
Female,360000,Commercial Associate,Unknown,Single / Not Married,Accountants,51,7,0,18,1
Female,81000,Unknown,Secondary / Secondary Special,Married,Unknown,38,8,0,3,1
Male,184500,Unknown,Unknown,Married,Unknown,40,4,0,4,1
Male,135000,Unknown,Unknown,Unknown,Unknown,31,1,0,18,1
Male,180000,Working,Unknown,Unknown,Laborers,40,5,0,23,1
Male,135000,Unknown,Higher Education,Married,Managers,37,9,0,18,1
Unknown,283500,Working,Secondary / Secondary Special,Married,Unknown,40,7,0,18,1
Male,202500,Unknown,Secondary / Secondary Special,Unknown,Core Staff,35,7,2,31,1
Female,180000,Working,Higher Education,Unknown,Secretaries,64,6,0,10,1
Female,270000,Commercial Associate,Unknown,Married,Managers,41,23,0,5,1
Unknown,112500,Working,Secondary / Secondary Special,Single / Not Married,Secretaries,52,8,0,47,1
Female,112500,State Servant,Unknown,Married,Unknown,60,11,0,18,1
Male,360000,Unknown,Unknown,Unknown,Managers,40,15,0,15,1
Unknown,180000,Unknown,Secondary / Secondary Special,Single / Not Married,Laborers,40,7,0,53,1
Unknown,292500,Working,Unknown,Civil Marriage,Unknown,46,7,0,44,1
Female,225000,Working,Incomplete Higher,Married,Accountants,44,21,0,16,1
Unknown,90000,Unknown,Unknown,Married,Laborers,40,7,0,18,1
Male,225000,Unknown,Unknown,Married,Drivers,38,4,0,18,1
Unknown,202500,Unknown,Secondary / Secondary Special,Married,Drivers,42,6,0,18,1
Female,315000,Commercial Associate,Unknown,Married,Managers,35,4,0,32,1
Male,135000,State Servant,Higher Education,Married,Unknown,53,7,4,18,1
Male,112500,Commercial Associate,Unknown,Married,Drivers,37,4,0,27,1
Unknown,135000,Working,Unknown,Unknown,Sales Staff,40,1,0,18,1
Male,202500,Working,Secondary / Secondary Special,Unknown,Laborers,40,7,2,18,1
Unknown,337500,Working,Secondary / Secondary Special,Single / Not Married,Unknown,32,7,0,18,1
Unknown,112500,State Servant,Unknown,Unknown,Security Staff,30,7,0,43,1
Male,225000,Working,Higher Education,Civil Marriage,Unknown,40,7,0,18,1
Female,112500,Working,Unknown,Civil Marriage,Unknown,35,7,0,31,1
Unknown,337500,Unknown,Higher Education,Single / Not Married,Managers,40,2,0,33,1
Unknown,157500,Working,Unknown,Married,Cleaning Staff,58,4,0,18,1
Female,202500,Working,Unknown,Married,Unknown,40,20,0,18,1
Unknown,180000,Unknown,Secondary / Secondary Special,Married,Laborers,30,7,0,18,1
Unknown,157500,Working,Higher Education,Unknown,Unknown,61,1,0,18,1
Unknown,180000,Unknown,Secondary / Secondary Special,Unknown,Unknown,50,7,1,18,1
Female,180000,Working,Higher Education,Unknown,Unknown,40,7,0,6,1
Unknown,180000,Unknown,Unknown,Unknown,Unknown,49,7,0,14,1
Female,315000,Working,Unknown,Single / Not Married,Accountants,29,7,0,14,1
Unknown,135000,Unknown,Unknown,Married,Accountants,40,7,0,4,1
Unknown,225000,Commercial Associate,Secondary / Secondary Special,Single / Not Married,Unknown,26,4,0,11,1
Female,90000,Working,Secondary / Secondary Special,Civil Marriage,Medicine Staff,40,4,0,12,1
Unknown,135000,Commercial Associate,Secondary / Secondary Special,Married,Unknown,38,4,0,18,1
Male,135000,Working,Secondary / Secondary Special,Unknown,Unknown,40,7,0,6,1
Male,157500,Commercial Associate,Unknown,Married,Unknown,58,7,0,18,1
Male,67500,Working,Secondary / Secondary Special,Unknown,Laborers,40,7,0,29,1
Female,225000,State Servant,Secondary / Secondary Special,Married,Unknown,40,7,0,41,1
Female,157500,Commercial Associate,Unknown,Married,Laborers,44,7,0,18,1
Unknown,225000,Unknown,Unknown,Married,Unknown,40,5,1,18,1
Male,360000,Working,Unknown,Unknown,Drivers,44,7,0,46,1
Male,270000,Working,Secondary / Secondary Special,Unknown,Unknown,28,2,0,43,1
Female,252000,Commercial Associate,Unknown,Married,Unknown,42,7,0,22,1
Female,247500,Working,Unknown,Unknown,Managers,51,7,0,53,1
Female,315000,Unknown,Incomplete Higher,Unknown,Sales Staff,40,2,0,18,1
Unknown,189000,Unknown,Secondary / Secondary Special,Unknown,Unknown,40,1,0,38,1
Male,270000,Working,Secondary / Secondary Special,Separated,Laborers,48,7,0,18,1
Female,139500,Unknown,Unknown,Married,Core Staff,40,7,0,7,1
Unknown,157500,Unknown,Higher Education,Unknown,Core Staff,29,7,0,22,1
Unknown,225000,Unknown,Secondary / Secondary Special,Married,Laborers,49,4,0,18,1
Male,292500,Working,Secondary / Secondary Special,Married,Unknown,40,7,0,22,1
Unknown,202500,Unknown,Unknown,Civil Marriage,Unknown,38,5,0,4,1
Female,180000,Working,Unknown,Married,Laborers,37,7,0,18,1
Unknown,85500,Unknown,Secondary / Secondary Special,Civil Marriage,Sales Staff,40,1,0,4,1
Unknown,202500,Unknown,Unknown,Single / Not Married,High Skill Tech Staff,49,28,0,18,1
Female,126000,Working,Incomplete Higher,Married,Unknown,40,7,0,46,1
Female,99000,Commercial Associate,Unknown,Single / Not Married,Core Staff,45,2,0,18,1
Unknown,225000,Unknown,Higher Education,Unknown,Sales Staff,44,7,0,8,1
Unknown,58500,State Servant,Secondary / Secondary Special,Single / Not Married,Core Staff,40,7,0,16,1
Female,112500,Commercial Associate,Secondary / Secondary Special,Unknown,Unknown,37,7,0,26,1
Female,630000,Unknown,Higher Education,Unknown,Unknown,40,5,0,18,1
Unknown,180000,Unknown,Higher Education,Unknown,Drivers,41,2,0,17,1
Unknown,32400,State Servant,Secondary / Secondary Special,Married,Managers,53,16,0,4,1
Female,202500,Working,Secondary / Secondary Special,Married,Sales Staff,40,7,0,31,1
Female,157500,Working,Unknown,Married,Sales Staff,28,7,0,18,1
Unknown,202500,Working,Secondary / Secondary Special,Unknown,Unknown,40,7,0,11,1
Female,117000,Working,Secondary / Secondary Special,Widow,Unknown,40,3,0,18,1
Female,112500,Commercial Associate,Secondary / Secondary Special,Civil Marriage,Sales Staff,42,7,0,18,1
Female,112500,State Servant,Unknown,Married,Medicine Staff,59,3,0,18,1
Female,135000,Unknown,Unknown,Unknown,Unknown,40,30,0,18,1
Unknown,90000,Unknown,Unknown,Unknown,Unknown,40,7,0,18,1
Male,180000,Working,Unknown,Married,Drivers,35,7,0,18,1
Male,157500,Working,Secondary / Secondary Special,Unknown,Unknown,65,8,0,18,1
Unknown,225000,Unknown,Unknown,Unknown,Managers,36,14,0,18,1
Female,112500,State Servant,Unknown,Unknown,Medicine Staff,51,17,0,1,1
Unknown,225000,Working,Higher Education,Unknown,High Skill Tech Staff,35,6,0,18,1
Female,180000,Working,Secondary / Secondary Special,Married,Sales Staff,40,8,0,48,1
Female,112500,Working,Higher Education,Unknown,Core Staff,36,2,0,22,1
Unknown,180000,Unknown,Secondary / Secondary Special,Civil Marriage,Laborers,42,19,0,18,1
Male,427500,Working,Unknown,Unknown,Managers,40,7,0,24,1
Female,270000,Unknown,Secondary / Secondary Special,Married,Laborers,40,13,0,18,1
Unknown,270000,Unknown,Secondary / Secondary Special,Married,Realty Agents,40,5,0,18,1
Female,157500,Unknown,Unknown,Single / Not Married,High Skill Tech Staff,33,7,0,18,1
Male,225000,Working,Secondary / Secondary Special,Unknown,Unknown,49,2,0,38,1
Male,112500,Working,Secondary / Secondary Special,Unknown,Sales Staff,49,8,0,18,1
Female,90000,Working,Secondary / Secondary Special,Unknown,Unknown,40,10,0,18,1
Female,270000,Commercial Associate,Higher Education,Single / Not Married,Hr Staff,40,3,3,9,1
Unknown,216000,Working,Secondary / Secondary Special,Unknown,Unknown,55,2,0,36,1
Female,225000,Commercial Associate,Unknown,Unknown,Unknown,39,7,0,18,1
Male,360000,Unknown,Secondary / Secondary Special,Unknown,Unknown,40,3,0,18,1
Male,225000,Unknown,Secondary / Secondary Special,Married,Unknown,40,2,0,18,1
Female,90000,Working,Unknown,Married,High Skill Tech Staff,32,10,0,18,1
Unknown,135000,Commercial Associate,Secondary / Secondary Special,Married,Sales Staff,40,6,0,7,1
Male,135000,Unknown,Secondary / Secondary Special,Unknown,High Skill Tech Staff,44,8,0,47,1
Unknown,405000,Unknown,Unknown,Married,Unknown,45,7,0,18,1
Unknown,76500,Working,Unknown,Unknown,Sales Staff,45,7,0,44,1
Female,463500,Unknown,Higher Education,Married,Managers,58,12,0,14,1
Unknown,292500,Unknown,Secondary / Secondary Special,Married,Core Staff,34,7,2,16,1
Male,270000,Commercial Associate,Secondary / Secondary Special,Married,Unknown,33,4,0,18,1
Male,112500,Unknown,Unknown,Unknown,Drivers,40,10,0,18,1
Female,157500,Working,Unknown,Unknown,Unknown,35,15,0,18,1
Female,252000,Working,Unknown,Married,Medicine Staff,49,7,0,8,1
Male,153000,Working,Secondary / Secondary Special,Civil Marriage,Laborers,38,6,0,32,1
Female,324000,Unknown,Secondary / Secondary Special,Unknown,High Skill Tech Staff,45,5,1,18,1
Female,157500,Working,Secondary / Secondary Special,Married,Cooking Staff,40,7,0,26,1
Male,135000,Working,Secondary / Secondary Special,Married,Laborers,41,23,0,38,1
Female,87750,Unknown,Unknown,Unknown,Unknown,40,7,0,18,1
Unknown,382500,Commercial Associate,Unknown,Married,Unknown,55,18,0,18,1
Male,180000,Unknown,Secondary / Secondary Special,Unknown,High Skill Tech Staff,44,6,0,18,1
Female,121500,Working,Unknown,Single / Not Married,Sales Staff,33,7,0,18,1
Unknown,292500,Commercial Associate,Secondary / Secondary Special,Married,Laborers,29,3,0,54,1
Male,148500,Working,Unknown,Single / Not Married,Laborers,40,4,0,5,1
Male,360000,Unknown,Incomplete Higher,Unknown,Managers,25,5,2,8,1
Unknown,270000,Unknown,Higher Education,Married,Accountants,42,11,0,40,1
Female,81000,State Servant,Higher Education,Unknown,Core Staff,40,7,0,25,1
Male,202500,Unknown,Unknown,Unknown,Unknown,28,7,0,18,1
Female,202500,Working,Unknown,Unknown,Unknown,49,30,0,11,1
Unknown,360000,Working,Higher Education,Married,Unknown,55,7,0,26,1
Unknown,360000,Unknown,Higher Education,Married,Unknown,40,21,0,11,1
Female,225000,Commercial Associate,Secondary / Secondary Special,Unknown,Unknown,63,7,0,38,1
Male,135000,Working,Unknown,Unknown,Sales Staff,29,7,0,10,1
Male,135000,Commercial Associate,Secondary / Secondary Special,Married,Drivers,53,11,0,18,1
Female,144000,Working,Unknown,Married,Unknown,40,7,0,18,1
Male,135000,Commercial Associate,Higher Education,Unknown,Managers,33,1,0,37,1
Unknown,315000,Unknown,Secondary / Secondary Special,Married,Drivers,49,8,0,18,1
Unknown,211500,Working,Unknown,Unknown,Sales Staff,40,6,0,18,1
Male,112500,Working,Secondary / Secondary Special,Unknown,Unknown,28,3,1,16,1
Female,148500,Unknown,Unknown,Married,Core Staff,40,7,0,9,1
Female,99000,Commercial Associate,Secondary / Secondary Special,Unknown,Security Staff,40,4,0,18,1
Male,180000,Unknown,Secondary / Secondary Special,Civil Marriage,Laborers,36,7,0,18,1
Female,225000,Working,Higher Education,Single / Not Married,Unknown,40,17,0,18,1
Male,292500,Unknown,Unknown,Married,Unknown,60,10,0,52,1
Female,261000,Working,Unknown,Unknown,High Skill Tech Staff,35,5,0,18,1
Unknown,103500,Unknown,Unknown,Married,Cleaning Staff,40,3,0,18,1
Female,135000,Unknown,Unknown,Unknown,Laborers,46,23,0,6,1
Male,225000,Working,Higher Education,Civil Marriage,Unknown,46,7,0,20,1
Female,112500,Working,Secondary / Secondary Special,Married,Accountants,40,7,0,56,1
Female,297000,Unknown,Unknown,Unknown,Unknown,43,9,0,14,1
Male,292500,Unknown,Unknown,Unknown,Drivers,40,4,9,18,1
Female,450000,Commercial Associate,Unknown,Unknown,Managers,40,7,0,30,1
Female,157500,Unknown,Higher Education,Married,Unknown,44,2,0,3,1
Female,180000,Unknown,Secondary / Secondary Special,Married,Private Service Staff,44,9,0,18,1
Unknown,238500,Working,Higher Education,Married,Drivers,40,6,0,38,1
Female,135000,Unknown,Secondary / Secondary Special,Married,Unknown,40,7,0,26,1
Male,202500,Working,Secondary / Secondary Special,Civil Marriage,Unknown,53,2,0,13,1
Female,157500,Unknown,Unknown,Single / Not Married,Sales Staff,45,9,0,18,1
Female,99000,Commercial Associate,Unknown,Widow,Security Staff,60,4,0,18,1
Female,166500,State Servant,Unknown,Married,Medicine Staff,40,7,0,25,1
Unknown,112500,Commercial Associate,Higher Education,Married,Accountants,40,5,0,4,1
Male,112500,Working,Unknown,Unknown,Unknown,44,19,0,18,1
Female,315000,Unknown,Secondary / Secondary Special,Married,Managers,54,7,2,56,1
Female,81000,Commercial Associate,Secondary / Secondary Special,Single / Not Married,Medicine Staff,28,8,0,18,1
Male,675000,Commercial Associate,Higher Education,Married,Core Staff,40,7,0,18,1
Unknown,157500,Unknown,Secondary / Secondary Special,Separated,Sales Staff,51,5,0,18,1
Male,148500,Working,Secondary / Secondary Special,Married,Laborers,52,30,0,3,1
Unknown,270000,State Servant,Secondary / Secondary Special,Unknown,Laborers,47,7,0,18,1
Unknown,292500,Unknown,Unknown,Widow,Unknown,40,9,0,18,1
Female,40500,Unknown,Unknown,Unknown,Unknown,40,7,0,18,1
Unknown,315000,Commercial Associate,Unknown,Married,Unknown,40,11,0,3,1
Unknown,234000,Commercial Associate,Unknown,Married,Sales Staff,40,4,0,18,1
Unknown,360000,Unknown,Secondary / Secondary Special,Unknown,Unknown,40,2,0,41,1
Male,202500,Working,Secondary / Secondary Special,Married,Unknown,40,10,0,6,1
Unknown,265500,Unknown,Secondary / Secondary Special,Married,Sales Staff,40,7,0,23,1
Unknown,247500,Unknown,Unknown,Married,Unknown,38,7,0,20,1
Unknown,157500,Commercial Associate,Secondary / Secondary Special,Married,Unknown,40,7,0,18,1
Female,162000,Unknown,Unknown,Unknown,Unknown,40,7,0,8,1
Male,166500,Working,Unknown,Married,High Skill Tech Staff,33,9,0,2,1
Unknown,157500,Unknown,Secondary / Secondary Special,Unknown,Unknown,40,7,0,18,1
Male,270000,Commercial Associate,Unknown,Married,Managers,57,7,2,18,1
Unknown,72000,Unknown,Secondary / Secondary Special,Unknown,Medicine Staff,43,7,1,3,1
Male,135000,Working,Unknown,Single / Not Married,Laborers,24,7,0,5,1
Male,99000,Unknown,Secondary / Secondary Special,Civil Marriage,Unknown,28,2,0,3,1
Unknown,180000,Working,Unknown,Separated,Drivers,50,5,0,18,1
Female,166500,Working,Incomplete Higher,Unknown,Unknown,37,7,0,17,1
Male,450000,Commercial Associate,Unknown,Unknown,Managers,36,2,0,26,1
Unknown,450000,Commercial Associate,Unknown,Married,Unknown,55,7,0,46,1
Female,211500,Commercial Associate,Higher Education,Married,Laborers,40,13,0,31,1
Unknown,202500,Working,Secondary / Secondary Special,Unknown,High Skill Tech Staff,42,7,0,23,1
Female,112500,Working,Higher Education,Civil Marriage,Core Staff,29,2,0,18,1
Female,157500,Working,Unknown,Married,Laborers,40,6,0,3,1
Female,67500,Unknown,Unknown,Married,Medicine Staff,55,16,0,17,1
Unknown,202500,Working,Higher Education,Unknown,Sales Staff,27,7,0,18,1
Female,247500,Unknown,Unknown,Civil Marriage,Laborers,40,1,0,3,1
Female,135000,Commercial Associate,Secondary / Secondary Special,Civil Marriage,Unknown,44,2,0,7,1
Male,360000,Unknown,Incomplete Higher,Married,Managers,31,6,0,18,1
Male,225000,Commercial Associate,Unknown,Unknown,Managers,29,6,0,18,1
Female,144000,Unknown,Unknown,Unknown,Unknown,50,7,0,24,1
Unknown,337500,Working,Secondary / Secondary Special,Single / Not Married,High Skill Tech Staff,46,7,0,18,1
Unknown,225000,Working,Incomplete Higher,Unknown,Unknown,40,33,0,59,1
Female,202500,Working,Secondary / Secondary Special,Married,Medicine Staff,40,18,0,18,1
Male,202500,Working,Secondary / Secondary Special,Married,Unknown,55,6,0,18,1
Unknown,135000,Unknown,Unknown,Married,Drivers,29,3,2,17,1
Male,225000,Unknown,Secondary / Secondary Special,Unknown,Unknown,46,7,0,17,1
Unknown,234000,Unknown,Unknown,Single / Not Married,Unknown,57,7,0,18,1
Female,126000,Commercial Associate,Unknown,Unknown,Unknown,34,5,0,18,1
Female,108000,Working,Secondary / Secondary Special,Married,Unknown,40,7,0,3,1
Unknown,162000,Commercial Associate,Incomplete Higher,Married,Unknown,27,3,6,18,1
Male,360000,Unknown,Unknown,Unknown,Unknown,46,7,0,15,1
Male,450000,Commercial Associate,Secondary / Secondary Special,Married,Security Staff,40,6,0,4,1
Female,180000,Unknown,Secondary / Secondary Special,Separated,Unknown,43,7,0,18,1
Male,180000,Working,Unknown,Civil Marriage,Managers,40,6,0,18,1
Unknown,126000,Commercial Associate,Unknown,Unknown,Core Staff,63,7,0,18,1
Male,180000,Working,Lower Secondary,Single / Not Married,Laborers,33,7,0,18,1
Female,135000,Unknown,Unknown,Married,Unknown,25,7,2,18,1
Unknown,193500,Commercial Associate,Secondary / Secondary Special,Married,Unknown,40,7,1,18,1
Female,112500,Working,Secondary / Secondary Special,Married,Unknown,32,7,0,18,1
Unknown,126000,Working,Higher Education,Unknown,Unknown,40,3,0,5,1
Male,157500,Unknown,Unknown,Civil Marriage,Unknown,37,7,0,54,1
Female,72000,Working,Unknown,Married,Laborers,40,7,1,18,1
Unknown,180000,Commercial Associate,Secondary / Secondary Special,Married,Unknown,63,44,0,17,1
Unknown,112500,Commercial Associate,Higher Education,Unknown,Accountants,24,2,0,22,1
Female,292500,Unknown,Unknown,Unknown,Sales Staff,40,9,0,41,1
Female,202500,Unknown,Higher Education,Married,Unknown,40,4,0,18,1
Male,247500,Working,Unknown,Married,Laborers,40,10,4,22,1
Male,310500,Unknown,Higher Education,Unknown,Unknown,40,7,0,14,1
Unknown,112500,Working,Unknown,Married,Cooking Staff,39,7,0,27,1
Female,122400,Working,Unknown,Married,Medicine Staff,58,4,0,9,1
Unknown,157500,Unknown,Unknown,Single / Not Married,Waiters/Barmen Staff,35,4,0,2,1
Female,315000,Unknown,Secondary / Secondary Special,Separated,Laborers,40,7,0,18,1
Unknown,180000,Commercial Associate,Unknown,Unknown,Laborers,40,7,0,13,1
Male,135000,Unknown,Unknown,Unknown,Laborers,40,2,0,18,1
Male,112500,Working,Unknown,Civil Marriage,Security Staff,40,16,0,33,1
Female,67500,Working,Secondary / Secondary Special,Separated,Unknown,31,6,0,18,1
Female,292500,Commercial Associate,Secondary / Secondary Special,Civil Marriage,Unknown,40,7,0,5,1
Female,337500,Commercial Associate,Secondary / Secondary Special,Married,Managers,50,5,0,8,1
Female,135000,Unknown,Higher Education,Married,Unknown,37,7,0,18,1
Unknown,157500,State Servant,Higher Education,Married,Unknown,40,7,0,30,1
Female,180000,Unknown,Unknown,Single / Not Married,Unknown,40,11,0,15,1
Unknown,135000,Working,Secondary / Secondary Special,Married,Unknown,40,23,0,18,1
Female,202500,Unknown,Incomplete Higher,Married,Accountants,40,15,0,5,1
Female,360000,Commercial Associate,Incomplete Higher,Married,Managers,45,7,0,12,1
Female,180000,Unknown,Secondary / Secondary Special,Single / Not Married,Unknown,40,7,5,44,1
Female,360000,Commercial Associate,Unknown,Married,Unknown,40,7,0,16,1
Female,270000,Unknown,Secondary / Secondary Special,Married,High Skill Tech Staff,40,5,0,18,1
Female,135000,Working,Unknown,Married,Private Service Staff,40,7,0,18,1
Male,225000,Working,Secondary / Secondary Special,Married,Unknown,40,8,0,16,1
Female,157500,State Servant,Unknown,Married,Unknown,51,20,0,18,1
Female,360000,Commercial Associate,Secondary / Secondary Special,Married,Unknown,51,5,0,18,1
Male,112500,State Servant,Secondary / Secondary Special,Unknown,Drivers,40,7,0,11,1
Female,157500,Working,Secondary / Secondary Special,Unknown,Laborers,40,13,0,18,1
Female,90000,Unknown,Secondary / Secondary Special,Unknown,Medicine Staff,40,5,0,18,1
Unknown,157500,Working,Secondary / Secondary Special,Married,Laborers,39,8,0,39,1
Female,180000,Commercial Associate,Secondary / Secondary Special,Married,Sales Staff,46,7,0,40,1
Unknown,360000,Working,Secondary / Secondary Special,Married,Unknown,40,4,0,19,1
Female,157500,State Servant,Unknown,Unknown,Unknown,40,7,0,18,1
Unknown,157500,Unknown,Higher Education,Married,Core Staff,38,7,0,38,1
Female,180000,Unknown,Unknown,Unknown,Unknown,40,7,0,18,1
Female,117000,Commercial Associate,Unknown,Married,Sales Staff,40,7,1,53,1
Unknown,112500,Unknown,Secondary / Secondary Special,Married,Laborers,29,7,0,27,1
Unknown,270000,Commercial Associate,Academic Degree,Unknown,Sales Staff,34,3,0,18,1
Unknown,270000,Commercial Associate,Secondary / Secondary Special,Married,Managers,41,7,1,31,1
Male,265500,Unknown,Unknown,Single / Not Married,Core Staff,29,2,0,18,1
Female,256500,State Servant,Unknown,Married,Managers,40,4,0,18,1
Unknown,112500,Unknown,Higher Education,Married,High Skill Tech Staff,39,8,0,21,1
Unknown,135000,State Servant,Higher Education,Married,Accountants,50,7,0,18,1
Female,234000,Unknown,Secondary / Secondary Special,Married,Sales Staff,30,5,0,28,1
Unknown,135000,Commercial Associate,Secondary / Secondary Special,Unknown,Unknown,40,7,0,4,1
Male,427500,Unknown,Unknown,Married,Unknown,42,7,0,18,1
Unknown,292500,Working,Higher Education,Unknown,Core Staff,40,7,0,6,1
Unknown,135000,Working,Unknown,Unknown,Medicine Staff,34,7,0,3,1
Unknown,315000,Commercial Associate,Unknown,Married,Core Staff,43,7,0,30,1
Unknown,225000,Working,Unknown,Widow,Unknown,35,2,0,16,1
Male,148500,Commercial Associate,Unknown,Married,Drivers,36,8,0,60,1
Female,292500,Unknown,Unknown,Married,High Skill Tech Staff,40,7,0,18,1
Male,126000,Working,Higher Education,Single / Not Married,Unknown,35,7,0,18,1
Female,256500,Unknown,Secondary / Secondary Special,Married,Core Staff,38,7,0,32,1
Unknown,135000,Working,Higher Education,Unknown,Core Staff,36,10,0,18,1
Unknown,157500,Unknown,Secondary / Secondary Special,Married,Medicine Staff,46,1,0,54,1
Male,270000,Working,Secondary / Secondary Special,Unknown,Unknown,40,9,0,31,1
Female,360000,Unknown,Unknown,Separated,Managers,52,24,0,20,1
Female,171000,State Servant,Unknown,Widow,Unknown,52,8,0,18,1
Unknown,180000,Unknown,Secondary / Secondary Special,Married,Unknown,51,7,0,16,1
Male,270000,Working,Incomplete Higher,Married,Laborers,40,10,0,43,1
Female,333000,Commercial Associate,Unknown,Married,Managers,32,5,0,18,1
Unknown,180000,Unknown,Higher Education,Civil Marriage,Unknown,40,2,0,20,1
Unknown,144000,Unknown,Secondary / Secondary Special,Married,Unknown,55,7,0,9,1
Male,135000,Working,Higher Education,Civil Marriage,Unknown,53,7,0,20,1
Unknown,135000,Working,Higher Education,Married,Sales Staff,43,5,0,18,1
Female,225000,Working,Higher Education,Single / Not Married,Accountants,52,7,0,13,1
Female,67500,Unknown,Secondary / Secondary Special,Unknown,Sales Staff,42,9,0,18,1
Unknown,135000,Working,Secondary / Secondary Special,Married,Managers,40,7,0,40,1
Female,423000,Commercial Associate,Unknown,Separated,Private Service Staff,40,7,0,18,1
Female,90000,Working,Unknown,Single / Not Married,Laborers,28,9,0,9,1
Unknown,387000,Commercial Associate,Secondary / Secondary Special,Married,Unknown,55,14,0,46,1
Unknown,315000,Unknown,Unknown,Married,Unknown,40,1,0,12,1
Unknown,180000,Working,Unknown,Unknown,High Skill Tech Staff,56,1,0,18,1
Unknown,292500,Commercial Associate,Secondary / Secondary Special,Unknown,Unknown,40,4,0,12,1
Unknown,135000,Working,Secondary / Secondary Special,Widow,Managers,40,3,0,32,1
Female,126000,Unknown,Unknown,Unknown,Unknown,40,15,0,28,1
Female,225000,Working,Unknown,Unknown,Managers,40,9,0,15,1
Female,166500,Working,Unknown,Unknown,Unknown,30,12,2,22,1
Unknown,315000,State Servant,Higher Education,Married,Unknown,40,6,0,24,1
Female,67500,Unknown,Secondary / Secondary Special,Married,Unknown,55,16,0,18,1
Female,103500,Working,Unknown,Married,Accountants,33,5,0,14,1
Unknown,247500,Working,Incomplete Higher,Single / Not Married,Unknown,24,7,0,8,1
Male,180000,Unknown,Secondary / Secondary Special,Unknown,Unknown,38,13,0,20,1
Female,225000,Working,Unknown,Married,Laborers,40,2,0,18,1
Male,441000,Commercial Associate,Higher Education,Separated,Managers,40,7,0,12,1
Male,135000,Working,Secondary / Secondary Special,Unknown,Unknown,40,5,1,18,1
Male,135000,Unknown,Unknown,Married,Unknown,33,10,0,20,1
Female,225000,Unknown,Higher Education,Separated,Core Staff,40,7,0,2,1
Male,157500,Working,Secondary / Secondary Special,Married,Private Service Staff,39,8,0,37,1
Unknown,225000,Working,Unknown,Married,Unknown,40,7,0,18,1
Unknown,99000,Commercial Associate,Unknown,Single / Not Married,Unknown,40,7,0,41,1
Unknown,157500,Working,Secondary / Secondary Special,Unknown,Unknown,36,9,0,17,1
Unknown,126000,Commercial Associate,Unknown,Separated,Unknown,45,9,0,31,1
Male,180000,Commercial Associate,Unknown,Married,Unknown,44,6,0,26,1
Unknown,405000,Unknown,Higher Education,Unknown,Unknown,36,2,0,25,1
Female,202500,Working,Incomplete Higher,Unknown,Unknown,40,7,0,3,1
Male,261000,Commercial Associate,Unknown,Married,Sales Staff,40,8,0,18,1
Female,157500,Working,Higher Education,Married,Accountants,61,1,0,27,1
Female,184500,Working,Unknown,Unknown,Laborers,32,14,0,5,1
Male,360000,Commercial Associate,Unknown,Married,High Skill Tech Staff,27,5,0,4,1
Male,234000,Working,Incomplete Higher,Married,Drivers,40,7,0,38,1
Male,157500,Working,Unknown,Unknown,Unknown,36,3,0,25,1
Unknown,90000,State Servant,Secondary / Secondary Special,Married,Unknown,54,7,0,30,1
Female,135000,Unknown,Secondary / Secondary Special,Civil Marriage,Unknown,40,4,0,18,1
Male,180000,State Servant,Lower Secondary,Married,Unknown,45,11,0,41,1
Female,112500,Commercial Associate,Unknown,Civil Marriage,Unknown,40,4,0,3,1
Unknown,73350,Unknown,Unknown,Unknown,Unknown,40,20,0,4,1
Male,202500,Unknown,Unknown,Unknown,Laborers,35,2,0,35,1
Female,81000,Unknown,Secondary / Secondary Special,Single / Not Married,Private Service Staff,40,2,0,51,1
Male,157500,Commercial Associate,Unknown,Married,Unknown,40,7,0,2,1
Female,135000,Working,Secondary / Secondary Special,Married,Waiters/Barmen Staff,44,7,0,18,1
Female,225000,Unknown,Higher Education,Married,Unknown,35,5,1,18,1
Male,180000,Working,Unknown,Unknown,Security Staff,55,7,0,24,1
Male,157500,Working,Secondary / Secondary Special,Married,Laborers,54,9,0,2,1
Female,153000,Unknown,Unknown,Unknown,Unknown,34,7,0,17,1
Female,112500,Commercial Associate,Unknown,Unknown,Unknown,40,5,0,18,1
Female,58500,Working,Higher Education,Unknown,Core Staff,39,17,0,45,1
Unknown,135000,Unknown,Secondary / Secondary Special,Separated,Laborers,35,2,0,4,1
Male,135000,Unknown,Secondary / Secondary Special,Married,Security Staff,64,2,0,54,1
Unknown,292500,Commercial Associate,Unknown,Unknown,Core Staff,29,7,0,12,1
Male,180000,Unknown,Higher Education,Unknown,Laborers,40,5,0,34,1
Unknown,261000,Unknown,Unknown,Unknown,Core Staff,40,8,0,31,1
Unknown,135000,Working,Secondary / Secondary Special,Unknown,Unknown,33,7,0,4,1
Male,202500,Unknown,Incomplete Higher,Married,Unknown,40,2,0,18,1
Unknown,180000,Unknown,Unknown,Married,Unknown,40,2,0,19,1
Female,112500,Unknown,Higher Education,Unknown,Unknown,25,7,0,18,1
Unknown,112500,Unknown,Secondary / Secondary Special,Married,Unknown,40,7,0,7,1
Male,135000,Working,Secondary / Secondary Special,Single / Not Married,Cooking Staff,26,3,0,14,1
Unknown,180000,State Servant,Higher Education,Married,Unknown,40,21,0,18,1
Female,157500,Working,Secondary / Secondary Special,Unknown,Laborers,48,7,0,18,1
Unknown,157500,Unknown,Unknown,Married,Managers,40,7,0,7,1
Male,144000,Unknown,Secondary / Secondary Special,Married,Drivers,60,9,0,18,1
Female,112500,Working,Secondary / Secondary Special,Married,Unknown,43,7,0,43,1
Female,180000,Unknown,Secondary / Secondary Special,Married,Sales Staff,40,4,0,18,1
Unknown,180000,Commercial Associate,Secondary / Secondary Special,Married,Managers,40,7,0,18,1
Unknown,256500,Commercial Associate,Unknown,Unknown,Hr Staff,40,8,0,18,1
Male,405000,Unknown,Higher Education,Married,Managers,29,7,0,33,1
Female,126000,Working,Unknown,Separated,Cleaning Staff,60,7,0,18,1
Female,175500,Unknown,Unknown,Civil Marriage,High Skill Tech Staff,40,20,0,18,1
Male,315000,Commercial Associate,Unknown,Unknown,Unknown,38,13,0,18,1
Male,157500,Commercial Associate,Unknown,Single / Not Married,Unknown,40,1,0,18,1
Female,45000,Working,Unknown,Unknown,Unknown,40,3,0,29,1
Unknown,180000,Commercial Associate,Unknown,Married,Security Staff,40,10,1,18,1
Male,180000,Unknown,Unknown,Unknown,Drivers,54,15,0,18,1
Female,180000,Unknown,Lower Secondary,Unknown,Unknown,47,7,0,18,1
Unknown,225000,Unknown,Unknown,Unknown,Unknown,40,4,7,18,1
Male,112500,Working,Unknown,Married,Laborers,40,7,0,23,1
Unknown,90000,Unknown,Unknown,Married,Core Staff,40,7,0,11,1
Female,135000,Working,Secondary / Secondary Special,Unknown,Medicine Staff,29,4,0,18,1
Unknown,112500,Unknown,Secondary / Secondary Special,Married,Laborers,40,22,0,15,1
Unknown,225000,Unknown,Unknown,Married,Sales Staff,40,9,0,18,1
Unknown,225000,Unknown,Secondary / Secondary Special,Unknown,Managers,40,7,0,40,1
Unknown,112500,Working,Secondary / Secondary Special,Married,High Skill Tech Staff,51,2,0,18,1
Unknown,270000,Unknown,Higher Education,Single / Not Married,Private Service Staff,39,9,0,18,1
Female,135000,Unknown,Secondary / Secondary Special,Unknown,Managers,40,7,0,18,1
Female,90000,Unknown,Unknown,Unknown,Unknown,41,5,0,18,1
Female,135000,Unknown,Unknown,Unknown,High Skill Tech Staff,38,6,0,18,1
Female,225000,Working,Secondary / Secondary Special,Unknown,Unknown,40,3,0,45,1
Unknown,270000,Working,Secondary / Secondary Special,Married,Unknown,40,2,2,18,1
Female,112500,Working,Unknown,Unknown,Unknown,38,7,0,18,1
Unknown,126000,Working,Unknown,Married,Cleaning Staff,32,4,0,10,1
Female,180000,Unknown,Unknown,Single / Not Married,Medicine Staff,37,11,0,4,1
Unknown,189000,Commercial Associate,Unknown,Unknown,High Skill Tech Staff,40,2,0,18,1
Unknown,90000,Unknown,Unknown,Unknown,Low-Skill Laborers,42,5,0,18,1
Female,247500,Working,Unknown,Single / Not Married,Laborers,40,7,0,18,1
Female,180000,Working,Secondary / Secondary Special,Separated,Unknown,38,8,0,4,1
Male,135000,Working,Unknown,Married,Drivers,51,14,0,10,1
Male,270000,Unknown,Secondary / Secondary Special,Married,Laborers,40,7,0,3,1
Unknown,675000,Commercial Associate,Higher Education,Unknown,Core Staff,40,9,0,33,1
Female,202500,Unknown,Higher Education,Married,High Skill Tech Staff,40,2,0,10,1
Unknown,139500,Working,Secondary / Secondary Special,Separated,Unknown,40,7,0,4,1
Male,225000,Commercial Associate,Higher Education,Married,Unknown,42,7,0,18,1
Female,270000,Unknown,Secondary / Secondary Special,Separated,Unknown,51,6,0,5,1
Female,180000,Unknown,Higher Education,Married,Core Staff,40,8,0,18,1
Male,270000,State Servant,Unknown,Single / Not Married,Core Staff,27,6,0,18,1
Female,157500,Unknown,Secondary / Secondary Special,Married,Laborers,39,7,0,6,1
Female,157500,Working,Unknown,Unknown,Unknown,37,9,0,9,1
Female,135000,Commercial Associate,Unknown,Married,Laborers,29,1,0,18,1
Female,202500,Unknown,Secondary / Secondary Special,Widow,Core Staff,40,7,0,23,1
Unknown,135000,Working,Secondary / Secondary Special,Married,Laborers,40,3,4,7,1
Female,315000,Commercial Associate,Higher Education,Unknown,Managers,40,10,0,10,1
Unknown,112500,Working,Secondary / Secondary Special,Single / Not Married,Unknown,32,7,0,18,1
Female,360000,Unknown,Secondary / Secondary Special,Married,Accountants,40,7,0,44,1
Male,225000,Unknown,Higher Education,Unknown,Unknown,46,9,0,31,1
Male,157500,Unknown,Unknown,Married,Unknown,43,7,0,18,1
Unknown,225000,Working,Secondary / Secondary Special,Unknown,Laborers,40,7,0,10,1
Female,157500,Working,Secondary / Secondary Special,Married,Unknown,31,4,1,9,1
Female,202500,Unknown,Secondary / Secondary Special,Separated,Cleaning Staff,60,22,0,26,1
Male,180000,Working,Higher Education,Married,Unknown,31,6,0,36,1
Female,198000,Commercial Associate,Secondary / Secondary Special,Unknown,Laborers,40,27,1,4,1
Female,180000,Unknown,Unknown,Unknown,Unknown,55,11,0,30,1
Male,157500,Unknown,Secondary / Secondary Special,Married,Unknown,40,7,0,45,1
Female,270000,Commercial Associate,Unknown,Married,Managers,41,23,0,18,1
Unknown,180000,Working,Unknown,Single / Not Married,Private Service Staff,37,7,0,18,1
Unknown,166500,Commercial Associate,Secondary / Secondary Special,Unknown,Unknown,40,7,0,18,1
Unknown,144000,Working,Unknown,Married,Unknown,47,14,0,18,1
Female,270000,Working,Unknown,Unknown,Sales Staff,46,7,0,8,1
Female,126000,Working,Secondary / Secondary Special,Unknown,High Skill Tech Staff,63,7,0,48,1
Male,202500,Working,Unknown,Married,Laborers,38,7,0,18,1
Unknown,180000,Unknown,Secondary / Secondary Special,Married,Drivers,59,5,0,19,1
Female,315000,Unknown,Higher Education,Married,Managers,40,4,0,21,1
Unknown,247500,Unknown,Unknown,Single / Not Married,Unknown,24,7,0,18,1
Unknown,450000,Commercial Associate,Unknown,Married,Managers,34,6,0,18,1
Unknown,225000,State Servant,Higher Education,Married,Managers,40,7,0,39,1
Unknown,180000,Unknown,Secondary / Secondary Special,Married,Laborers,48,7,0,47,1
Male,148500,Working,Secondary / Secondary Special,Unknown,Laborers,40,15,0,18,1
Unknown,382500,Unknown,Higher Education,Married,Laborers,29,7,0,4,1
Female,112500,Unknown,Unknown,Widow,Medicine Staff,42,7,0,60,1
Female,157500,Working,Unknown,Single / Not Married,Unknown,40,30,0,18,1
Female,90000,Working,Unknown,Single / Not Married,Sales Staff,24,1,0,18,1
Female,225000,Unknown,Unknown,Married,Medicine Staff,40,14,0,47,1
Unknown,202500,Commercial Associate,Secondary / Secondary Special,Married,Drivers,40,7,0,18,1
Female,103500,Unknown,Secondary / Secondary Special,Unknown,It Staff,29,7,0,12,1
Male,270000,Unknown,Unknown,Married,Unknown,42,6,0,25,1
Female,180000,State Servant,Secondary / Secondary Special,Single / Not Married,Unknown,37,7,0,4,1
Male,112500,Unknown,Unknown,Unknown,High Skill Tech Staff,36,4,2,18,1
Male,144000,Unknown,Unknown,Married,Drivers,40,1,2,12,1
Unknown,157500,Unknown,Secondary / Secondary Special,Civil Marriage,Unknown,28,7,0,12,1
Female,135000,Working,Incomplete Higher,Single / Not Married,Unknown,40,2,0,7,1
Male,225000,Unknown,Secondary / Secondary Special,Unknown,Drivers,40,1,0,18,1
Unknown,360000,Unknown,Secondary / Secondary Special,Single / Not Married,Unknown,40,21,0,18,1
Female,135000,Working,Unknown,Civil Marriage,Laborers,40,7,0,18,1
Male,292500,Unknown,Unknown,Married,Low-Skill Laborers,49,7,0,21,1
Female,135000,Working,Secondary / Secondary Special,Married,Secretaries,31,7,0,35,1
Unknown,225000,Unknown,Secondary / Secondary Special,Unknown,Unknown,48,2,0,21,1
Male,180000,Working,Unknown,Married,Unknown,40,4,0,13,1
Unknown,157500,Working,Unknown,Married,Laborers,30,7,0,38,1
Female,135000,Working,Secondary / Secondary Special,Unknown,Cooking Staff,40,7,1,18,1
Unknown,112500,Unknown,Secondary / Secondary Special,Unknown,Unknown,40,29,4,18,1
Unknown,180000,Unknown,Unknown,Unknown,Unknown,49,7,0,14,1
Unknown,225000,Unknown,Secondary / Secondary Special,Unknown,Drivers,52,7,1,18,1
Female,144000,Working,Secondary / Secondary Special,Married,Unknown,31,7,0,18,1
Unknown,225000,Working,Secondary / Secondary Special,Unknown,Sales Staff,43,7,0,21,1
Female,90000,Working,Unknown,Unknown,Laborers,53,7,0,38,1
Unknown,72000,Unknown,Unknown,Married,Laborers,30,11,0,18,1
Unknown,270000,Working,Secondary / Secondary Special,Civil Marriage,Unknown,40,7,0,18,1
Unknown,112500,Working,Secondary / Secondary Special,Married,Unknown,40,7,0,6,1
Female,540000,Unknown,Unknown,Unknown,Managers,38,7,0,18,1
Female,144000,Unknown,Secondary / Secondary Special,Married,High Skill Tech Staff,52,12,0,18,1
Male,261000,Working,Incomplete Higher,Married,Managers,44,5,1,30,1
Unknown,301500,Working,Unknown,Married,Laborers,25,7,0,9,1
Male,225000,Unknown,Unknown,Unknown,Sales Staff,30,7,0,8,1
Male,234000,Working,Unknown,Unknown,Laborers,54,3,0,18,1
Female,67500,Unknown,Secondary / Secondary Special,Married,Medicine Staff,43,24,1,10,1
Unknown,234000,Working,Unknown,Single / Not Married,Unknown,30,7,2,18,1
Male,225000,Working,Higher Education,Married,Unknown,40,7,0,18,1
Male,157500,Working,Unknown,Civil Marriage,Unknown,33,7,0,6,1
Unknown,180000,Unknown,Lower Secondary,Unknown,Unknown,40,7,0,18,1
Male,180000,Unknown,Unknown,Unknown,Sales Staff,40,4,0,5,1
Female,135000,Unknown,Secondary / Secondary Special,Unknown,Accountants,60,15,0,18,1
Female,180000,Commercial Associate,Secondary / Secondary Special,Unknown,Unknown,34,4,0,18,1
Unknown,216000,Unknown,Higher Education,Widow,Unknown,36,7,0,43,1
Unknown,225000,Commercial Associate,Unknown,Unknown,Unknown,40,4,0,25,1
Female,67500,Working,Secondary / Secondary Special,Unknown,Unknown,40,1,0,18,1
Female,135000,Commercial Associate,Higher Education,Widow,Unknown,37,7,0,8,1
Unknown,270000,Unknown,Secondary / Secondary Special,Married,Managers,40,7,0,22,1
Unknown,225000,State Servant,Secondary / Secondary Special,Single / Not Married,Unknown,46,16,0,50,1
Unknown,315000,Commercial Associate,Secondary / Secondary Special,Unknown,Drivers,47,7,0,16,1
Unknown,216000,Unknown,Secondary / Secondary Special,Unknown,Laborers,40,3,0,2,1
Unknown,180000,Working,Secondary / Secondary Special,Married,Managers,40,7,0,18,1
Unknown,112500,Working,Secondary / Secondary Special,Married,Core Staff,40,7,0,5,1
Female,225000,Working,Higher Education,Unknown,Core Staff,44,9,0,18,1
Male,112500,Working,Secondary / Secondary Special,Married,Sales Staff,33,7,0,30,1
Female,126000,Working,Unknown,Unknown,Cooking Staff,47,8,2,18,1
Female,225000,Commercial Associate,Secondary / Secondary Special,Civil Marriage,Unknown,54,7,0,5,1
Female,157500,Working,Higher Education,Unknown,Managers,48,7,0,18,1
Male,382500,Working,Unknown,Married,Unknown,40,7,0,18,1
Female,180000,Unknown,Secondary / Secondary Special,Married,Unknown,48,7,0,29,1
Female,270000,Commercial Associate,Secondary / Secondary Special,Unknown,Sales Staff,40,7,0,2,1
Female,450000,Commercial Associate,Secondary / Secondary Special,Married,Unknown,48,2,0,9,1
Male,225000,Working,Higher Education,Civil Marriage,Laborers,46,9,0,10,1
Female,94500,Working,Unknown,Single / Not Married,Accountants,37,7,0,7,1
Male,382500,Working,Unknown,Married,Unknown,40,7,0,18,1
Female,90000,Unknown,Unknown,Unknown,Unknown,26,7,0,18,1
Male,360000,Working,Secondary / Secondary Special,Married,Drivers,38,4,0,18,1
Female,90000,Commercial Associate,Unknown,Unknown,Sales Staff,30,3,3,18,1
Female,445500,Commercial Associate,Higher Education,Unknown,Unknown,40,2,0,17,1
Male,225000,Working,Secondary / Secondary Special,Married,Unknown,45,19,0,13,1
Female,225000,State Servant,Secondary / Secondary Special,Married,Unknown,34,1,0,1,1
Female,135000,Commercial Associate,Unknown,Unknown,Unknown,40,10,0,18,1
Female,157500,Unknown,Secondary / Secondary Special,Married,Laborers,43,7,0,10,1
Female,337500,Unknown,Unknown,Unknown,Core Staff,40,7,0,47,1
Unknown,144000,Working,Secondary / Secondary Special,Married,Unknown,43,7,0,23,1
Unknown,247500,Unknown,Higher Education,Married,Security Staff,47,5,0,3,1
Female,112500,Unknown,Secondary / Secondary Special,Married,Unknown,31,1,0,18,1
Unknown,360000,Unknown,Lower Secondary,Married,Laborers,35,3,0,18,1
Female,63000,Working,Secondary / Secondary Special,Unknown,Unknown,37,3,0,15,1
Female,166500,Unknown,Unknown,Widow,Cleaning Staff,56,7,0,18,1
Male,135000,Commercial Associate,Secondary / Secondary Special,Married,Laborers,40,7,0,40,1
Female,135000,Working,Unknown,Unknown,Sales Staff,40,1,0,17,1
Unknown,135000,Working,Secondary / Secondary Special,Married,Laborers,40,9,0,18,1
Female,157500,State Servant,Secondary / Secondary Special,Separated,Unknown,40,12,0,8,1
Unknown,180000,Unknown,Unknown,Married,Unknown,40,7,0,18,1
Female,180000,Commercial Associate,Secondary / Secondary Special,Married,Unknown,40,6,0,18,1
Male,315000,Unknown,Secondary / Secondary Special,Married,Laborers,50,15,0,41,1
Female,216000,Unknown,Higher Education,Married,Sales Staff,33,7,0,18,1
Female,67500,Working,Secondary / Secondary Special,Unknown,Unknown,40,6,0,11,1
Unknown,202500,Unknown,Unknown,Unknown,Managers,33,7,0,31,1
Unknown,180000,Working,Secondary / Secondary Special,Married,Laborers,40,7,0,18,1
Male,315000,Unknown,Higher Education,Unknown,Managers,44,7,0,18,1
Male,180000,Working,Secondary / Secondary Special,Married,Laborers,40,7,0,21,1
Male,360000,Unknown,Unknown,Single / Not Married,Drivers,40,2,0,7,1
Female,157500,State Servant,Unknown,Married,Core Staff,32,3,0,18,1
Unknown,247500,Commercial Associate,Secondary / Secondary Special,Married,Security Staff,52,5,0,18,1
Female,112500,Unknown,Secondary / Secondary Special,Unknown,Core Staff,42,6,0,18,1
Unknown,184500,Commercial Associate,Secondary / Secondary Special,Married,Laborers,37,7,0,32,1
Female,360000,Working,Secondary / Secondary Special,Unknown,Unknown,51,7,0,18,1
Female,360000,Working,Higher Education,Widow,Unknown,40,12,0,19,1
Male,112500,Working,Secondary / Secondary Special,Married,Laborers,36,3,0,12,1
Unknown,135000,Unknown,Unknown,Married,Unknown,40,7,0,9,1
Female,90000,Unknown,Secondary / Secondary Special,Married,Medicine Staff,39,7,0,40,1
Male,135000,Working,Secondary / Secondary Special,Married,Unknown,40,4,2,9,1
Unknown,135000,Commercial Associate,Unknown,Unknown,Unknown,41,7,0,9,1
Female,270000,Working,Secondary / Secondary Special,Married,Private Service Staff,40,7,0,5,1
Female,225000,Unknown,Unknown,Civil Marriage,Sales Staff,40,1,0,31,1
Female,90000,Working,Unknown,Married,Unknown,40,4,0,10,1
Female,135000,Unknown,Unknown,Widow,Sales Staff,55,7,0,23,1
Female,69372,Unknown,Unknown,Married,Laborers,44,7,0,17,1
Unknown,202500,Unknown,Higher Education,Unknown,Core Staff,36,4,0,18,1
Female,157500,State Servant,Secondary / Secondary Special,Single / Not Married,Unknown,40,7,0,2,1
Female,315000,Unknown,Unknown,Unknown,Core Staff,40,7,0,29,1
Unknown,202500,Commercial Associate,Secondary / Secondary Special,Single / Not Married,Unknown,40,9,0,51,1
Female,315000,Unknown,Unknown,Separated,Accountants,49,7,0,18,1
Female,247500,Working,Unknown,Married,Unknown,40,7,0,22,1
Female,90000,Working,Secondary / Secondary Special,Unknown,Unknown,33,8,0,3,1
Unknown,225000,Working,Secondary / Secondary Special,Unknown,Core Staff,40,7,0,28,1
Female,157500,Unknown,Unknown,Civil Marriage,Cooking Staff,41,7,0,16,1
Unknown,157500,Working,Unknown,Widow,Unknown,43,5,0,18,1
Female,67500,Commercial Associate,Unknown,Unknown,Accountants,40,7,0,20,1
Male,135000,Unknown,Secondary / Secondary Special,Unknown,Unknown,29,8,0,18,1
Unknown,247500,Working,Secondary / Secondary Special,Unknown,Core Staff,40,11,1,18,1
Unknown,202500,Unknown,Secondary / Secondary Special,Married,Unknown,32,8,0,22,1
Female,112500,Working,Secondary / Secondary Special,Civil Marriage,Cooking Staff,38,7,0,2,1
Unknown,180000,Working,Secondary / Secondary Special,Unknown,Security Staff,32,7,1,13,1
Female,225000,Commercial Associate,Higher Education,Married,Sales Staff,36,7,0,10,1
Unknown,81000,Working,Unknown,Married,Security Staff,40,7,0,18,1
Female,292500,Working,Higher Education,Married,High Skill Tech Staff,52,7,0,18,1
Unknown,247500,Commercial Associate,Secondary / Secondary Special,Unknown,Laborers,49,1,0,8,1
Female,135000,Working,Secondary / Secondary Special,Married,Laborers,44,16,0,18,1
Male,270000,Working,Secondary / Secondary Special,Unknown,Laborers,40,7,0,18,1
Male,247500,State Servant,Secondary / Secondary Special,Married,Unknown,33,7,0,21,1
Female,130500,Unknown,Unknown,Married,Unknown,50,10,0,41,1
Unknown,157500,Unknown,Unknown,Married,Unknown,40,7,0,18,1
Female,157500,Unknown,Unknown,Unknown,Core Staff,35,7,0,18,1
Male,135000,Working,Unknown,Married,Managers,33,7,0,9,1
Female,144000,Working,Secondary / Secondary Special,Unknown,Unknown,40,6,2,17,1
Male,225000,Unknown,Secondary / Secondary Special,Unknown,Unknown,45,7,3,18,1
Unknown,157500,Working,Lower Secondary,Married,Unknown,40,4,0,34,1
Female,202500,Working,Secondary / Secondary Special,Unknown,High Skill Tech Staff,54,7,0,18,1
Male,225000,Commercial Associate,Higher Education,Single / Not Married,Sales Staff,44,7,0,18,1
Female,202500,Working,Secondary / Secondary Special,Married,Laborers,55,7,1,9,1
Unknown,180000,Working,Higher Education,Married,Laborers,40,7,0,19,1
Unknown,292500,Unknown,Unknown,Married,High Skill Tech Staff,43,7,0,9,1
Female,126000,Unknown,Higher Education,Unknown,Core Staff,40,7,0,18,1
Unknown,135000,Unknown,Higher Education,Unknown,Unknown,40,13,0,18,1
Unknown,67500,Working,Unknown,Married,Unknown,43,7,0,18,1
Male,202500,Unknown,Unknown,Unknown,Laborers,40,7,0,31,1
Male,315000,Working,Unknown,Married,Unknown,41,7,0,34,1
Unknown,112500,Working,Secondary / Secondary Special,Unknown,Unknown,29,7,0,45,1
Unknown,360000,Working,Unknown,Unknown,Managers,52,24,0,18,1
Unknown,225000,Commercial Associate,Unknown,Single / Not Married,Unknown,40,26,7,11,1
Female,103500,Commercial Associate,Unknown,Married,Laborers,51,2,0,18,1
Female,225000,Working,Secondary / Secondary Special,Unknown,Unknown,37,8,0,4,1
Unknown,180000,Unknown,Secondary / Secondary Special,Unknown,Sales Staff,40,19,0,18,1
Female,121500,Unknown,Unknown,Unknown,Sales Staff,40,11,0,18,1
Female,112500,Working,Secondary / Secondary Special,Unknown,Unknown,40,7,0,3,1
Female,112500,Working,Unknown,Unknown,Cooking Staff,40,7,1,1,0
Female,144000,Working,Secondary / Secondary Special,Married,Cooking Staff,40,6,0,1,1
Male,225000,Working,Unknown,Unknown,Unknown,40,2,0,24,1
Male,166500,Commercial Associate,Incomplete Higher,Single / Not Married,Laborers,29,7,0,18,1
Unknown,202500,Working,Secondary / Secondary Special,Married,Sales Staff,40,7,0,51,1
Male,135000,Working,Unknown,Unknown,Laborers,37,5,0,7,1
Male,270000,Working,Secondary / Secondary Special,Unknown,Drivers,42,4,0,3,1
Female,135000,Unknown,Unknown,Married,Sales Staff,32,6,0,17,1
Unknown,81000,Working,Higher Education,Married,Sales Staff,40,9,0,1,1
Male,360000,Commercial Associate,Unknown,Unknown,Drivers,43,1,0,34,1
Female,270000,Working,Unknown,Unknown,Unknown,33,6,4,27,1
Male,176400,Commercial Associate,Higher Education,Married,Sales Staff,27,1,0,4,1
Male,135000,Unknown,Secondary / Secondary Special,Civil Marriage,Drivers,40,7,0,23,1
Female,135000,Working,Unknown,Unknown,High Skill Tech Staff,40,7,0,18,1
Unknown,112500,Unknown,Secondary / Secondary Special,Unknown,Drivers,40,5,0,18,1
Unknown,225000,Working,Unknown,Separated,Unknown,48,4,0,8,1
Male,112500,Commercial Associate,Higher Education,Married,Security Staff,56,7,0,18,0
Male,450000,Commercial Associate,Unknown,Married,Unknown,40,2,0,18,1
Unknown,135000,Unknown,Secondary / Secondary Special,Married,Laborers,40,22,0,18,1
Female,112500,Unknown,Secondary / Secondary Special,Unknown,Medicine Staff,40,33,0,18,1
Female,122400,Working,Secondary / Secondary Special,Married,Medicine Staff,40,7,0,18,1
Female,247500,Working,Secondary / Secondary Special,Separated,Unknown,38,7,2,6,1
Male,225000,Unknown,Unknown,Single / Not Married,Laborers,40,7,1,18,1
Female,247500,Unknown,Secondary / Secondary Special,Married,Sales Staff,41,4,0,35,1
Unknown,360000,Working,Unknown,Unknown,Managers,52,24,0,18,1
Female,270000,Commercial Associate,Higher Education,Unknown,Unknown,30,3,3,8,1
Male,121500,Unknown,Unknown,Married,Managers,48,7,0,39,1
Unknown,81000,State Servant,Higher Education,Unknown,Unknown,54,19,0,8,1
Male,382500,Working,Unknown,Unknown,Managers,40,8,0,12,1
Female,99000,State Servant,Secondary / Secondary Special,Married,Unknown,40,13,0,39,1
Male,225000,Unknown,Secondary / Secondary Special,Unknown,Drivers,40,1,0,18,1
Unknown,94500,Working,Secondary / Secondary Special,Married,Unknown,46,7,0,9,1
Female,297000,Commercial Associate,Unknown,Unknown,Unknown,40,7,0,1,1
Unknown,103500,Unknown,Unknown,Married,Unknown,40,7,0,14,1
Male,135000,Unknown,Secondary / Secondary Special,Married,Laborers,40,8,0,15,1
Unknown,112500,Unknown,Secondary / Secondary Special,Married,Unknown,40,10,0,46,1
Female,144000,Working,Secondary / Secondary Special,Married,Cooking Staff,40,6,0,1,1
Female,225000,Unknown,Higher Education,Single / Not Married,Unknown,57,7,0,7,1
Female,112500,Working,Secondary / Secondary Special,Unknown,Unknown,25,2,0,18,1
Female,180000,Unknown,Higher Education,Civil Marriage,Sales Staff,40,7,0,36,1
Female,54000,Working,Secondary / Secondary Special,Separated,Cooking Staff,40,7,0,18,1
Unknown,675000,Unknown,Secondary / Secondary Special,Married,Drivers,39,19,0,18,1
Female,135000,Commercial Associate,Unknown,Unknown,Core Staff,50,29,0,18,1
Male,270000,Unknown,Unknown,Married,Unknown,46,8,0,21,1
Male,180000,Working,Higher Education,Married,Laborers,33,14,0,12,1
Unknown,450000,Unknown,Unknown,Unknown,Unknown,40,9,0,18,1
Female,135000,Unknown,Secondary / Secondary Special,Married,Unknown,40,7,0,18,1
Male,202500,Commercial Associate,Unknown,Unknown,Unknown,40,7,0,18,1
Male,247500,Working,Secondary / Secondary Special,Single / Not Married,Managers,34,7,0,18,1
Unknown,157500,Commercial Associate,Secondary / Secondary Special,Separated,Sales Staff,40,7,0,18,1
Unknown,103500,State Servant,Unknown,Unknown,Core Staff,49,24,0,14,1
Unknown,324000,State Servant,Unknown,Married,Managers,37,14,0,56,1
Female,180000,Unknown,Secondary / Secondary Special,Civil Marriage,Unknown,55,10,10,18,1
Female,135000,Working,Secondary / Secondary Special,Unknown,Laborers,40,2,0,18,1
Unknown,135000,Working,Secondary / Secondary Special,Married,Low-Skill Laborers,40,7,0,21,1
Unknown,202500,Working,Unknown,Married,Unknown,40,3,0,18,1
Male,67500,Unknown,Secondary / Secondary Special,Married,Unknown,62,6,0,18,1
Female,292500,Working,Incomplete Higher,Married,Sales Staff,40,7,0,21,1
Unknown,112500,Working,Unknown,Unknown,Sales Staff,43,7,0,5,1
Unknown,202500,Commercial Associate,Secondary / Secondary Special,Married,Unknown,52,7,0,18,1
Male,225000,Working,Secondary / Secondary Special,Unknown,Drivers,41,7,3,58,1
Unknown,180000,Commercial Associate,Unknown,Separated,Unknown,40,7,0,14,1
Female,90000,Working,Secondary / Secondary Special,Unknown,Unknown,48,9,0,18,1
Male,135000,Commercial Associate,Secondary / Secondary Special,Unknown,Unknown,40,4,0,2,1
Unknown,450000,Unknown,Higher Education,Single / Not Married,Sales Staff,40,2,0,18,1
Male,202500,Unknown,Secondary / Secondary Special,Unknown,Unknown,39,7,0,18,1
Unknown,157500,Working,Unknown,Married,Unknown,40,1,0,28,1
Unknown,225000,Working,Unknown,Married,Laborers,38,2,0,18,1
Unknown,292500,Unknown,Unknown,Married,Unknown,39,7,0,11,1
Male,247500,Commercial Associate,Secondary / Secondary Special,Unknown,Drivers,40,7,0,18,1
Female,225000,Commercial Associate,Secondary / Secondary Special,Single / Not Married,High Skill Tech Staff,40,4,0,10,1
Male,180000,Unknown,Unknown,Separated,Laborers,40,7,0,4,1
Female,157500,Working,Unknown,Married,Unknown,40,7,0,39,1
Female,103500,Unknown,Incomplete Higher,Married,Unknown,33,13,0,18,1
Female,112500,Unknown,Incomplete Higher,Unknown,Sales Staff,40,7,0,10,1
Unknown,103500,Commercial Associate,Secondary / Secondary Special,Unknown,Unknown,40,2,0,2,1
Unknown,67500,Working,Secondary / Secondary Special,Married,Unknown,40,20,0,2,1
Female,108000,Working,Unknown,Married,Low-Skill Laborers,55,7,0,18,1
Unknown,450000,Unknown,Unknown,Single / Not Married,Unknown,40,6,0,53,1
Unknown,112500,Unknown,Unknown,Unknown,Laborers,45,5,0,18,1
Unknown,391500,Working,Secondary / Secondary Special,Unknown,Core Staff,40,7,0,18,1
Male,202500,Unknown,Secondary / Secondary Special,Married,Unknown,65,7,0,14,1
Female,270000,Working,Secondary / Secondary Special,Unknown,Unknown,40,7,0,11,1
Unknown,202500,Working,Unknown,Married,Unknown,33,10,0,6,1
Unknown,180000,Working,Unknown,Civil Marriage,Unknown,42,7,0,35,1
Male,126000,Working,Unknown,Single / Not Married,Core Staff,35,6,0,18,1
Male,180000,Working,Higher Education,Unknown,Managers,39,5,0,30,1
Male,81000,Working,Secondary / Secondary Special,Unknown,Laborers,34,7,0,1,1
Female,67500,Unknown,Secondary / Secondary Special,Married,Unknown,55,16,0,18,1
Female,157500,Unknown,Secondary / Secondary Special,Married,Cooking Staff,47,7,0,11,1
Male,180000,Commercial Associate,Unknown,Unknown,High Skill Tech Staff,40,7,0,46,1
Male,270000,Commercial Associate,Unknown,Married,Unknown,36,7,5,27,1
Unknown,135000,Working,Unknown,Unknown,Unknown,40,18,0,36,1
Unknown,360000,Unknown,Unknown,Married,Laborers,35,7,0,18,1
Unknown,67500,Unknown,Secondary / Secondary Special,Married,Low-Skill Laborers,55,7,0,18,1
Unknown,225000,Working,Secondary / Secondary Special,Married,Sales Staff,57,7,0,18,1
Female,157500,Unknown,Unknown,Unknown,Unknown,40,1,0,8,1
Unknown,117000,Working,Unknown,Single / Not Married,Low-Skill Laborers,41,11,0,17,1
Female,90000,Unknown,Secondary / Secondary Special,Civil Marriage,Unknown,40,4,0,9,1
Male,99000,Unknown,Secondary / Secondary Special,Unknown,Drivers,46,9,0,39,1
Female,135000,State Servant,Higher Education,Single / Not Married,Unknown,40,7,0,18,1
Male,135000,Working,Unknown,Unknown,Unknown,40,22,0,18,1
Female,315000,Unknown,Unknown,Unknown,Unknown,40,7,0,31,1
Female,292500,Unknown,Unknown,Single / Not Married,Managers,48,5,0,18,1
Male,180000,Working,Unknown,Married,Unknown,41,4,0,8,1
Unknown,256500,Commercial Associate,Secondary / Secondary Special,Unknown,Core Staff,40,7,1,34,1
Female,144000,Unknown,Higher Education,Civil Marriage,Unknown,40,1,0,18,1
Unknown,135000,Unknown,Unknown,Married,Sales Staff,40,7,0,21,1
Male,225000,Commercial Associate,Unknown,Unknown,Drivers,40,7,0,18,1
Unknown,202500,Unknown,Secondary / Secondary Special,Unknown,Laborers,40,6,0,18,1
Female,126000,Unknown,Secondary / Secondary Special,Married,Unknown,50,11,0,5,1
Male,135000,Unknown,Secondary / Secondary Special,Separated,Security Staff,40,4,0,18,1
Unknown,126000,Unknown,Secondary / Secondary Special,Unknown,Unknown,40,8,0,18,1
Male,157500,Working,Unknown,Married,Unknown,35,8,0,3,1
Male,252000,Working,Unknown,Married,Unknown,61,5,0,8,1
Female,270000,Unknown,Unknown,Separated,Sales Staff,40,3,0,18,1
Male,225000,State Servant,Unknown,Married,Drivers,42,1,0,20,1
Unknown,157500,Unknown,Unknown,Civil Marriage,Cooking Staff,41,1,0,18,1
Unknown,315000,Unknown,Higher Education,Married,Accountants,40,16,0,18,1
Male,225000,Unknown,Secondary / Secondary Special,Unknown,Laborers,38,7,0,5,1
Unknown,112500,Unknown,Higher Education,Civil Marriage,Unknown,40,7,0,54,1
Female,180000,Working,Higher Education,Married,Laborers,57,20,0,18,1
Female,90000,Working,Secondary / Secondary Special,Married,Unknown,40,7,1,18,1
Female,157500,Commercial Associate,Secondary / Secondary Special,Married,Unknown,43,13,0,18,1
Unknown,135000,Unknown,Unknown,Unknown,Accountants,40,2,0,18,1
Unknown,211500,Working,Secondary / Secondary Special,Unknown,Cleaning Staff,40,1,0,18,1
Female,67500,Unknown,Unknown,Unknown,Sales Staff,40,7,0,18,1
Male,315000,Commercial Associate,Secondary / Secondary Special,Unknown,Unknown,33,3,0,4,1
Unknown,382500,Unknown,Unknown,Unknown,Managers,41,2,2,38,1
Female,157500,Unknown,Secondary / Secondary Special,Married,Unknown,35,7,0,43,1
Female,189000,Commercial Associate,Unknown,Civil Marriage,Unknown,45,7,0,18,1
Male,180000,Unknown,Higher Education,Unknown,Sales Staff,27,3,0,4,1
Unknown,306000,State Servant,Unknown,Married,Unknown,35,7,0,10,1
Female,90000,Unknown,Unknown,Unknown,Core Staff,51,25,0,18,1
Female,202500,Working,Secondary / Secondary Special,Unknown,Core Staff,32,5,0,16,1
Male,157500,Working,Secondary / Secondary Special,Unknown,Laborers,33,11,0,26,1
Unknown,234000,Working,Unknown,Married,Laborers,33,5,0,18,1
Female,90000,State Servant,Secondary / Secondary Special,Unknown,Unknown,36,17,0,41,1
Unknown,112500,Working,Unknown,Separated,Cleaning Staff,54,6,0,18,1
Unknown,180000,Unknown,Unknown,Unknown,Unknown,41,7,0,33,1
Female,112500,Unknown,Secondary / Secondary Special,Married,Unknown,40,10,0,18,1
Female,67500,Working,Secondary / Secondary Special,Separated,Accountants,31,6,0,6,1
Female,225000,Commercial Associate,Secondary / Secondary Special,Married,Core Staff,34,1,0,11,1
Unknown,180000,State Servant,Higher Education,Unknown,Private Service Staff,67,7,0,2,1
Male,360000,Commercial Associate,Higher Education,Married,Managers,41,7,0,17,1
Unknown,135000,Working,Secondary / Secondary Special,Unknown,Laborers,28,7,0,17,1
Male,180000,Commercial Associate,Unknown,Married,Unknown,43,7,0,29,1
Unknown,112500,Working,Unknown,Separated,Laborers,50,26,0,19,1
Unknown,112500,State Servant,Lower Secondary,Married,Unknown,40,16,0,18,1
Unknown,270000,Unknown,Higher Education,Unknown,Core Staff,57,18,0,15,1
Female,387000,Commercial Associate,Secondary / Secondary Special,Married,Unknown,42,7,0,20,1
Female,72000,State Servant,Secondary / Secondary Special,Unknown,Managers,41,7,0,2,1
Unknown,270000,Unknown,Academic Degree,Married,Unknown,34,7,0,18,1
Female,292500,Unknown,Secondary / Secondary Special,Civil Marriage,Unknown,40,7,0,19,1
Male,180000,Commercial Associate,Unknown,Unknown,Unknown,41,7,0,26,1
Unknown,292500,Unknown,Secondary / Secondary Special,Married,Unknown,58,24,0,8,1
Female,157500,Working,Unknown,Married,Core Staff,46,7,0,60,1
Female,270000,Unknown,Secondary / Secondary Special,Married,High Skill Tech Staff,36,7,0,18,1
Male,157500,Unknown,Unknown,Married,Unknown,27,3,0,18,1
Male,315000,Working,Secondary / Secondary Special,Unknown,Drivers,40,7,0,18,1
Unknown,202500,Unknown,Unknown,Married,Core Staff,40,7,0,18,1
Female,315000,Commercial Associate,Higher Education,Married,Accountants,54,7,0,18,1
Female,157500,Unknown,Secondary / Secondary Special,Married,Unknown,37,3,0,10,1
Male,315000,Working,Unknown,Married,Unknown,39,3,0,18,1
Female,72000,Unknown,Secondary / Secondary Special,Married,Sales Staff,40,7,0,4,1
Unknown,90000,Working,Secondary / Secondary Special,Unknown,Laborers,25,3,0,6,1
Unknown,315000,Unknown,Secondary / Secondary Special,Married,Unknown,34,7,0,16,1
Unknown,130500,Unknown,Secondary / Secondary Special,Unknown,Unknown,32,8,0,13,1
Unknown,67500,Unknown,Higher Education,Unknown,Sales Staff,40,2,0,18,1
Unknown,225000,Unknown,Unknown,Unknown,Unknown,40,2,0,18,1
Female,157500,Working,Secondary / Secondary Special,Unknown,Sales Staff,40,7,0,2,1
Unknown,337500,State Servant,Higher Education,Married,Unknown,40,12,0,18,1
Male,112500,Working,Secondary / Secondary Special,Unknown,Laborers,40,1,0,18,1
Female,135000,Working,Secondary / Secondary Special,Widow,Unknown,55,2,0,48,1
Unknown,225000,Working,Unknown,Civil Marriage,Drivers,40,7,0,9,1
Unknown,198000,Unknown,Secondary / Secondary Special,Unknown,Laborers,24,7,0,3,1
Female,157500,State Servant,Secondary / Secondary Special,Single / Not Married,Waiters/Barmen Staff,35,7,0,2,1
Female,67500,Unknown,Secondary / Secondary Special,Unknown,Cleaning Staff,43,7,0,18,1
Unknown,153000,Unknown,Higher Education,Unknown,Accountants,37,7,0,42,1
Unknown,135000,Working,Secondary / Secondary Special,Married,Private Service Staff,45,9,0,5,1
Female,157500,Commercial Associate,Secondary / Secondary Special,Civil Marriage,Unknown,36,7,1,57,1
Unknown,135000,Working,Unknown,Married,Cooking Staff,40,9,0,5,1
Female,90000,State Servant,Higher Education,Unknown,Unknown,27,4,0,18,1
Male,135000,Unknown,Secondary / Secondary Special,Unknown,Laborers,40,12,0,18,1
Female,112500,State Servant,Unknown,Married,High Skill Tech Staff,40,18,0,18,1
Male,135000,Commercial Associate,Secondary / Secondary Special,Married,Laborers,36,1,0,12,1
Male,225000,Unknown,Unknown,Married,Laborers,58,7,0,18,1
Unknown,81000,Working,Secondary / Secondary Special,Married,Managers,54,7,0,1,1
Female,135000,Commercial Associate,Unknown,Civil Marriage,Drivers,47,7,1,38,1
Male,135000,Unknown,Secondary / Secondary Special,Married,Laborers,40,4,0,18,1
Male,315000,Working,Unknown,Married,Drivers,49,7,0,18,1
Unknown,121500,Unknown,Secondary / Secondary Special,Married,Unknown,40,7,0,32,1
Unknown,180000,Commercial Associate,Unknown,Married,Cleaning Staff,58,25,0,58,1
Unknown,405000,State Servant,Unknown,Unknown,Unknown,40,12,0,6,1
Female,225000,Commercial Associate,Unknown,Unknown,Managers,26,5,1,4,1
Male,180000,Working,Unknown,Unknown,Laborers,40,7,0,13,1
Female,270000,Unknown,Unknown,Single / Not Married,Unknown,47,6,0,8,1
Unknown,315000,State Servant,Unknown,Married,Core Staff,38,6,0,18,1
Female,121500,Working,Secondary / Secondary Special,Married,Laborers,41,1,4,3,0
Male,157500,Unknown,Unknown,Married,High Skill Tech Staff,32,5,0,54,1
Male,270000,Unknown,Secondary / Secondary Special,Unknown,Drivers,38,15,0,15,1
Male,121500,Unknown,Unknown,Unknown,Unknown,31,2,0,18,1
Male,180000,Working,Secondary / Secondary Special,Unknown,Laborers,40,7,0,43,1
Female,90000,State Servant,Unknown,Married,Unknown,49,7,0,44,1
Male,270000,Unknown,Incomplete Higher,Unknown,Unknown,25,7,0,18,1
Female,202500,Working,Secondary / Secondary Special,Married,Sales Staff,40,10,0,31,1
Female,112500,Working,Secondary / Secondary Special,Single / Not Married,Unknown,38,5,0,24,1
Female,234000,Working,Secondary / Secondary Special,Unknown,Unknown,40,3,0,21,1
Female,126000,Working,Secondary / Secondary Special,Separated,Unknown,60,4,0,6,1
Unknown,180000,Working,Secondary / Secondary Special,Married,Unknown,41,7,0,56,1
Unknown,225000,Commercial Associate,Unknown,Married,Realty Agents,40,27,2,18,1
Female,274500,Unknown,Unknown,Unknown,Unknown,59,7,0,18,1
Female,117000,Unknown,Unknown,Single / Not Married,Unknown,40,3,0,10,1
Female,225000,Unknown,Unknown,Unknown,Cooking Staff,45,7,0,52,1
Male,135000,Working,Secondary / Secondary Special,Single / Not Married,Laborers,26,2,0,18,1
Female,360000,Unknown,Higher Education,Unknown,Core Staff,31,7,0,9,1
Female,112500,Unknown,Secondary / Secondary Special,Married,Unknown,28,7,2,22,1
Female,180000,Commercial Associate,Unknown,Single / Not Married,Cooking Staff,40,7,0,18,1
Male,225000,Commercial Associate,Unknown,Unknown,Unknown,42,12,0,8,1
Female,243000,Unknown,Higher Education,Married,Unknown,40,7,0,18,1
Unknown,315000,Unknown,Higher Education,Single / Not Married,Core Staff,30,9,0,20,1
Unknown,112500,Unknown,Secondary / Secondary Special,Married,Core Staff,30,6,0,18,1
Female,279000,Working,Higher Education,Unknown,Managers,45,7,0,17,1
Female,675000,Working,Unknown,Unknown,Sales Staff,40,7,0,6,1
Female,135000,Unknown,Secondary / Secondary Special,Single / Not Married,Laborers,38,4,0,18,1
Unknown,146250,Working,Secondary / Secondary Special,Single / Not Married,Unknown,40,2,2,10,1
Unknown,67500,State Servant,Unknown,Married,Medicine Staff,50,8,0,27,1
Unknown,157500,Unknown,Secondary / Secondary Special,Single / Not Married,Unknown,25,7,0,18,1
Unknown,202500,State Servant,Unknown,Married,Unknown,40,5,0,18,1
Female,135000,Unknown,Unknown,Married,Unknown,43,3,0,18,1
Female,121500,Unknown,Unknown,Married,Accountants,40,7,0,19,1
Male,292500,Commercial Associate,Secondary / Secondary Special,Married,Drivers,40,1,0,18,1
Male,202500,Unknown,Higher Education,Married,Unknown,30,7,1,12,1
Female,225000,Unknown,Unknown,Married,Unknown,45,9,0,4,1
Unknown,135000,Unknown,Unknown,Unknown,Drivers,50,10,0,18,1
Unknown,112500,Working,Unknown,Separated,Drivers,56,7,0,6,1
Female,202500,Working,Higher Education,Married,Unknown,52,7,0,18,1
Unknown,90000,Working,Unknown,Unknown,Unknown,40,7,0,18,1
Unknown,337500,Working,Secondary / Secondary Special,Single / Not Married,Unknown,40,9,0,6,1
Unknown,157500,Working,Secondary / Secondary Special,Married,Sales Staff,41,7,0,15,1
Unknown,126000,Working,Secondary / Secondary Special,Unknown,Accountants,40,7,0,18,1
Female,135000,Unknown,Unknown,Married,Unknown,42,7,2,18,1
Male,157500,Unknown,Unknown,Married,Laborers,33,7,0,34,1
Unknown,112500,Working,Unknown,Married,Unknown,40,8,0,26,1
Female,337500,Commercial Associate,Unknown,Unknown,Accountants,40,7,0,18,1
Female,72000,Unknown,Higher Education,Married,Unknown,40,2,0,18,1
Male,378000,Commercial Associate,Secondary / Secondary Special,Unknown,Unknown,51,8,0,18,1
Female,675000,Working,Unknown,Unknown,Unknown,51,1,0,6,1
Female,180000,Unknown,Secondary / Secondary Special,Married,Unknown,40,4,0,44,1
Female,121500,Unknown,Unknown,Married,Laborers,40,7,0,13,1
Female,112500,Working,Secondary / Secondary Special,Separated,Unknown,34,1,0,18,1
Male,135000,Commercial Associate,Secondary / Secondary Special,Unknown,Laborers,26,4,0,18,1
Female,103500,Unknown,Secondary / Secondary Special,Married,Unknown,29,2,0,1,0
Female,81000,Working,Unknown,Unknown,Unknown,49,2,0,18,1
Unknown,139500,Working,Secondary / Secondary Special,Unknown,Security Staff,41,22,0,38,1
Female,157500,Commercial Associate,Unknown,Unknown,High Skill Tech Staff,32,7,0,18,1
Female,67500,State Servant,Higher Education,Unknown,Secretaries,34,7,0,30,1
Female,270000,State Servant,Unknown,Unknown,Unknown,40,1,0,20,1
Female,256500,State Servant,Unknown,Married,Managers,49,4,0,48,1
Unknown,225000,Unknown,Higher Education,Civil Marriage,Unknown,46,9,0,6,1
Unknown,247500,Working,Higher Education,Married,Managers,39,21,0,5,1
Unknown,112500,Working,Secondary / Secondary Special,Unknown,Unknown,28,5,0,18,1
Female,135000,Unknown,Secondary / Secondary Special,Unknown,Cooking Staff,31,4,0,4,1
Female,108000,Unknown,Unknown,Married,Unknown,53,17,0,18,1
Male,315000,Working,Higher Education,Unknown,Unknown,45,7,0,18,1
Female,157500,Working,Unknown,Unknown,Accountants,40,7,0,16,1
Male,382500,Working,Higher Education,Unknown,Laborers,40,7,0,7,1
Female,373500,Unknown,Secondary / Secondary Special,Widow,Accountants,57,5,1,18,1
Male,450000,Working,Unknown,Single / Not Married,High Skill Tech Staff,40,10,1,51,1
Unknown,225000,Unknown,Unknown,Married,Unknown,40,5,1,18,1
Female,90000,Unknown,Unknown,Married,Unknown,40,9,0,9,1
Female,202500,Unknown,Secondary / Secondary Special,Married,Medicine Staff,40,7,0,30,1
Unknown,148500,Unknown,Secondary / Secondary Special,Married,Unknown,40,6,0,18,1
Unknown,360000,Unknown,Higher Education,Unknown,Drivers,40,4,0,18,1
Female,121500,Unknown,Higher Education,Separated,Medicine Staff,39,7,0,2,1
Female,157500,Working,Secondary / Secondary Special,Unknown,Unknown,38,5,1,27,1
Female,630000,Unknown,Unknown,Unknown,Accountants,40,5,0,17,1
Unknown,135000,Unknown,Unknown,Unknown,Laborers,44,7,0,18,1
Unknown,225000,Unknown,Unknown,Married,Laborers,40,4,0,48,1
Male,135000,Working,Unknown,Separated,Laborers,46,3,0,18,1
Unknown,283500,State Servant,Higher Education,Married,Core Staff,40,12,0,17,1
Unknown,135000,Commercial Associate,Unknown,Unknown,Unknown,40,7,0,14,1
Unknown,360000,Working,Incomplete Higher,Married,Unknown,40,1,0,15,1
Female,157500,Unknown,Higher Education,Unknown,Core Staff,40,7,0,42,1
Female,108000,Commercial Associate,Secondary / Secondary Special,Unknown,Unknown,44,25,0,18,1
Female,135000,Working,Unknown,Married,Unknown,50,15,0,13,1
Female,60377,Working,Secondary / Secondary Special,Separated,Unknown,51,1,1,58,1
Unknown,157500,Working,Unknown,Civil Marriage,Sales Staff,50,7,0,17,1
Female,247500,Unknown,Secondary / Secondary Special,Unknown,Laborers,34,8,0,18,1
Unknown,112500,Unknown,Secondary / Secondary Special,Unknown,Medicine Staff,35,7,0,13,1
Male,180000,Working,Higher Education,Single / Not Married,Unknown,26,2,0,14,1
Female,162000,State Servant,Unknown,Civil Marriage,Accountants,40,1,0,24,1
Female,157500,Working,Secondary / Secondary Special,Unknown,Laborers,48,7,0,18,1
Male,135000,Working,Unknown,Married,Drivers,40,10,0,49,1
Female,112500,Unknown,Unknown,Married,Laborers,44,3,2,4,1
Female,225000,Commercial Associate,Secondary / Secondary Special,Unknown,Unknown,40,5,0,53,1
Female,720000,Unknown,Higher Education,Unknown,Unknown,57,7,0,18,1
Female,405000,Unknown,Higher Education,Married,Unknown,40,8,0,30,1
Male,135000,Working,Higher Education,Married,Unknown,40,7,0,18,1
Unknown,675000,Commercial Associate,Higher Education,Unknown,Managers,40,7,0,33,1
Female,256500,State Servant,Higher Education,Unknown,Managers,49,4,1,24,1
Female,202500,Commercial Associate,Secondary / Secondary Special,Unknown,Unknown,44,16,0,18,1
Female,337500,Working,Unknown,Unknown,Unknown,40,7,0,55,1
Female,202500,Unknown,Unknown,Unknown,Unknown,39,4,0,26,1
Unknown,135000,Working,Secondary / Secondary Special,Unknown,Laborers,40,4,0,33,1
Female,270000,Working,Higher Education,Married,Managers,49,16,0,17,1
Female,180000,Unknown,Unknown,Unknown,Unknown,49,5,0,25,1
Male,162000,Unknown,Secondary / Secondary Special,Single / Not Married,Security Staff,40,2,0,4,1
Unknown,225000,Working,Unknown,Separated,Core Staff,41,7,0,18,1
Unknown,180000,Working,Unknown,Unknown,It Staff,40,7,0,53,1
Female,157500,Unknown,Secondary / Secondary Special,Married,Laborers,40,13,0,10,1
Female,292500,Working,Unknown,Civil Marriage,Managers,40,7,0,3,0
Male,216000,Commercial Associate,Higher Education,Married,Managers,53,21,1,18,1
Female,202500,Working,Higher Education,Married,Unknown,52,7,0,18,1
Female,135000,Commercial Associate,Secondary / Secondary Special,Married,Accountants,40,3,0,18,1
Male,157500,Unknown,Secondary / Secondary Special,Married,Drivers,48,2,1,36,1
Female,225000,Unknown,Secondary / Secondary Special,Unknown,Unknown,40,3,0,7,1
Male,90000,Commercial Associate,Secondary / Secondary Special,Civil Marriage,Security Staff,61,7,0,18,1
Unknown,315000,Commercial Associate,Secondary / Secondary Special,Married,Unknown,40,3,0,18,1
Female,225000,Unknown,Higher Education,Unknown,Unknown,40,6,0,18,1
Unknown,144000,Unknown,Secondary / Secondary Special,Married,Unknown,40,6,0,53,1
Unknown,787500,State Servant,Higher Education,Married,Managers,40,7,0,8,1
Female,117000,State Servant,Secondary / Secondary Special,Unknown,Medicine Staff,42,6,0,22,1
Male,130500,Unknown,Secondary / Secondary Special,Unknown,Unknown,32,7,1,18,1
Unknown,270000,Working,Secondary / Secondary Special,Married,Core Staff,40,9,0,7,1
Unknown,180000,Working,Secondary / Secondary Special,Married,Unknown,55,15,0,51,1
Unknown,135000,Unknown,Unknown,Single / Not Married,Sales Staff,32,7,0,24,1
Female,135000,Unknown,Secondary / Secondary Special,Unknown,Unknown,32,2,0,4,1
Unknown,81000,Working,Unknown,Unknown,Core Staff,37,7,0,17,1
Unknown,157500,Working,Incomplete Higher,Unknown,Unknown,40,3,9,18,1
Unknown,202500,Unknown,Unknown,Unknown,Accountants,40,7,0,4,1
Unknown,315000,Working,Higher Education,Married,Unknown,37,4,0,18,1
Unknown,247500,State Servant,Secondary / Secondary Special,Married,Unknown,33,10,0,50,1
Unknown,171000,Working,Secondary / Secondary Special,Married,Drivers,40,7,0,18,1
Female,67500,Unknown,Unknown,Separated,Unknown,31,6,0,18,1
Female,135000,Working,Unknown,Married,Sales Staff,32,7,0,4,1
Female,207000,Unknown,Unknown,Unknown,Unknown,62,7,0,18,1
Female,328500,Unknown,Secondary / Secondary Special,Married,Realty Agents,40,7,0,11,1
Unknown,103500,Unknown,Secondary / Secondary Special,Married,Unknown,33,4,0,16,1
Unknown,171000,Working,Unknown,Married,Core Staff,41,4,0,18,1
Male,270000,Working,Secondary / Secondary Special,Married,Laborers,40,7,0,18,1
Unknown,405000,Unknown,Unknown,Married,Unknown,45,7,0,18,1
Female,126000,Commercial Associate,Unknown,Unknown,Unknown,31,3,0,12,1
Unknown,135000,Working,Higher Education,Married,High Skill Tech Staff,40,13,1,18,1
Female,67500,Unknown,Secondary / Secondary Special,Unknown,Core Staff,54,7,0,18,1
Female,117000,State Servant,Secondary / Secondary Special,Married,Medicine Staff,40,6,0,18,1
Female,81000,Working,Secondary / Secondary Special,Civil Marriage,Low-Skill Laborers,40,4,0,9,1
Male,90000,Unknown,Secondary / Secondary Special,Unknown,Unknown,40,6,0,33,1
Female,405000,State Servant,Unknown,Unknown,Core Staff,40,7,0,18,1
Unknown,180000,Working,Secondary / Secondary Special,Married,Unknown,39,7,0,30,1
Unknown,112500,Unknown,Unknown,Married,High Skill Tech Staff,39,6,0,37,1
Female,121500,Working,Unknown,Married,Unknown,36,7,0,18,1
Unknown,157500,Commercial Associate,Higher Education,Unknown,Core Staff,40,7,0,18,1
Male,292500,Commercial Associate,Unknown,Unknown,High Skill Tech Staff,33,3,0,18,1
Female,135000,Commercial Associate,Secondary / Secondary Special,Unknown,Medicine Staff,55,7,3,8,1
Female,135000,Working,Secondary / Secondary Special,Married,Laborers,40,7,0,18,1
Male,225000,State Servant,Higher Education,Married,Unknown,40,7,0,18,1
Female,135000,Unknown,Unknown,Unknown,Unknown,49,30,0,18,1
Unknown,180000,Commercial Associate,Unknown,Civil Marriage,Drivers,41,2,0,18,1
Unknown,445500,Commercial Associate,Higher Education,Unknown,Managers,35,2,0,20,1
Male,112500,Unknown,Secondary / Secondary Special,Unknown,Laborers,44,7,0,4,1
Male,315000,Working,Secondary / Secondary Special,Married,Laborers,54,4,0,14,1
Female,337500,Working,Higher Education,Widow,Accountants,62,9,0,9,1
Male,337500,Commercial Associate,Secondary / Secondary Special,Married,Unknown,40,3,0,18,1
Male,450000,Working,Higher Education,Married,Core Staff,32,11,0,60,1
Male,135000,Working,Unknown,Civil Marriage,Laborers,40,2,0,18,1
Female,117000,Working,Secondary / Secondary Special,Married,Unknown,37,7,0,20,1
Unknown,270000,Commercial Associate,Incomplete Higher,Married,Managers,44,7,0,47,1
Female,180000,Commercial Associate,Unknown,Married,Unknown,57,2,0,18,1
Unknown,270000,Working,Higher Education,Married,Laborers,33,7,0,37,1
Unknown,202500,Unknown,Secondary / Secondary Special,Married,Unknown,48,4,0,18,1
Unknown,67500,Working,Unknown,Unknown,Unknown,50,7,0,34,1
Female,180000,Unknown,Secondary / Secondary Special,Unknown,Medicine Staff,40,7,0,18,1
Female,103500,Working,Unknown,Married,Sales Staff,40,4,0,18,1
Unknown,135000,Working,Secondary / Secondary Special,Married,Drivers,40,7,0,49,1
Unknown,607500,Unknown,Unknown,Married,Managers,40,7,0,57,1
Male,85500,Unknown,Unknown,Unknown,Unknown,27,7,0,10,1
Unknown,54000,Unknown,Unknown,Married,Unknown,40,7,0,18,1
Unknown,315000,Commercial Associate,Secondary / Secondary Special,Separated,Unknown,40,9,0,18,1
Unknown,90000,Working,Secondary / Secondary Special,Unknown,Core Staff,53,2,0,18,1
Male,202500,Unknown,Higher Education,Unknown,Unknown,40,7,0,18,1
Female,81000,Working,Secondary / Secondary Special,Married,Sales Staff,40,3,0,9,1
Female,247500,Working,Unknown,Single / Not Married,Unknown,29,6,0,41,1
Unknown,112500,Unknown,Secondary / Secondary Special,Unknown,Core Staff,36,11,0,38,1
Female,108000,Commercial Associate,Secondary / Secondary Special,Unknown,Unknown,42,7,0,6,1
Female,225000,State Servant,Unknown,Married,Core Staff,40,5,0,18,1
Female,126000,Unknown,Higher Education,Married,High Skill Tech Staff,40,14,0,14,1
Unknown,337500,Commercial Associate,Unknown,Married,Unknown,49,7,0,29,1
Female,274500,Unknown,Unknown,Unknown,Unknown,59,7,0,18,1
Female,67500,Unknown,Secondary / Secondary Special,Unknown,Unknown,40,7,0,18,1
Female,315000,Working,Unknown,Married,Laborers,40,17,0,18,1
Unknown,180000,Unknown,Unknown,Single / Not Married,Unknown,40,7,0,18,1
Male,180000,Working,Incomplete Higher,Married,Unknown,47,13,0,27,1
Unknown,315000,Unknown,Secondary / Secondary Special,Married,Unknown,54,12,0,34,1
Male,267750,Working,Unknown,Unknown,Laborers,58,7,0,18,1
Unknown,297000,Commercial Associate,Secondary / Secondary Special,Single / Not Married,Unknown,43,9,1,18,1
Unknown,180000,Unknown,Secondary / Secondary Special,Married,Laborers,40,7,0,39,1
Male,157500,Working,Unknown,Unknown,Unknown,25,2,0,7,1
Unknown,112500,Working,Secondary / Secondary Special,Married,Laborers,33,12,0,9,1
Unknown,76500,Working,Unknown,Married,Laborers,57,2,0,18,1
Female,99000,Unknown,Secondary / Secondary Special,Married,Sales Staff,62,7,1,5,1
Unknown,180000,Unknown,Unknown,Single / Not Married,Unknown,40,7,0,18,0
Female,76500,Unknown,Higher Education,Married,Managers,31,7,0,18,1
Unknown,81000,Unknown,Secondary / Secondary Special,Unknown,Sales Staff,45,7,0,32,1
Female,675000,Commercial Associate,Higher Education,Unknown,Sales Staff,30,3,0,38,1
Female,112500,Unknown,Unknown,Married,Laborers,40,7,0,18,1
Female,162000,Working,Unknown,Unknown,Laborers,50,8,0,26,1
Unknown,121500,Unknown,Secondary / Secondary Special,Unknown,High Skill Tech Staff,40,7,0,18,1
Unknown,202500,Unknown,Secondary / Secondary Special,Unknown,Core Staff,32,12,0,18,1
Unknown,135000,Unknown,Higher Education,Unknown,Laborers,42,11,0,18,1
Female,72000,Working,Secondary / Secondary Special,Unknown,Cleaning Staff,40,7,0,45,1
Unknown,171000,State Servant,Higher Education,Separated,It Staff,40,7,0,18,1
Male,225000,Working,Unknown,Married,Unknown,40,19,0,13,1
Female,135000,Unknown,Secondary / Secondary Special,Unknown,Unknown,36,1,0,4,1
Female,90000,Unknown,Unknown,Married,Sales Staff,40,7,0,18,1
Unknown,270000,Unknown,Unknown,Married,Sales Staff,34,7,0,20,1
Male,211500,Unknown,Unknown,Married,Laborers,40,7,0,16,1
Female,292500,Unknown,Secondary / Secondary Special,Unknown,Medicine Staff,58,39,0,14,1
Unknown,60750,Commercial Associate,Higher Education,Unknown,Core Staff,40,6,0,2,1
Unknown,157500,Working,Unknown,Married,Unknown,40,7,0,18,1
Female,81000,Unknown,Secondary / Secondary Special,Married,Unknown,37,3,0,13,1
Male,112500,Working,Unknown,Unknown,Unknown,58,7,0,18,1
Female,67500,Unknown,Unknown,Married,Core Staff,39,5,0,18,1
Unknown,135000,State Servant,Higher Education,Married,Unknown,40,7,1,33,1
Female,121500,Unknown,Secondary / Secondary Special,Unknown,Core Staff,40,2,0,18,1
Male,315000,Unknown,Higher Education,Married,Core Staff,38,13,0,59,1
Female,315000,Working,Unknown,Unknown,Laborers,43,7,0,18,1
Female,247500,Working,Unknown,Married,Security Staff,45,7,0,18,1
Female,157500,Working,Higher Education,Unknown,Unknown,41,14,0,61,1
Female,135000,Commercial Associate,Unknown,Unknown,Unknown,40,7,0,18,1
Male,180000,Unknown,Higher Education,Married,Drivers,40,5,0,18,1
Female,540000,Unknown,Unknown,Unknown,Accountants,37,7,0,7,1
Unknown,360000,Commercial Associate,Higher Education,Unknown,Unknown,40,13,0,26,1
Female,157500,Working,Unknown,Single / Not Married,Unknown,40,30,0,18,1
Female,157500,Commercial Associate,Secondary / Secondary Special,Married,Sales Staff,29,7,0,5,1
Male,310500,Unknown,Secondary / Secondary Special,Unknown,High Skill Tech Staff,47,5,0,42,1
Unknown,225000,Unknown,Higher Education,Unknown,Managers,40,7,0,18,1
Female,157500,Working,Unknown,Married,Unknown,44,4,0,18,1
Unknown,180000,Unknown,Higher Education,Married,Unknown,38,7,3,16,1
Unknown,202500,Unknown,Unknown,Married,Unknown,40,6,0,27,1
Female,171000,Unknown,Unknown,Married,Sales Staff,40,1,0,16,1
Unknown,112500,Unknown,Higher Education,Civil Marriage,Unknown,40,7,0,54,1
Unknown,184500,Working,Higher Education,Married,Drivers,35,7,0,11,1
Male,202500,Unknown,Secondary / Secondary Special,Unknown,Unknown,40,9,0,17,1
Male,360000,Unknown,Unknown,Married,Unknown,40,7,0,12,1
Unknown,112500,Working,Unknown,Married,Unknown,40,2,0,18,1
Unknown,180000,Working,Unknown,Unknown,Sales Staff,40,2,0,16,1
Female,112500,Working,Secondary / Secondary Special,Civil Marriage,Unknown,38,4,0,3,1
Female,90000,Working,Secondary / Secondary Special,Unknown,Waiters/Barmen Staff,32,7,0,18,1
Unknown,135000,Working,Unknown,Unknown,Managers,55,13,0,18,1
Male,157500,Working,Unknown,Married,Unknown,39,11,0,18,1
Male,180000,Unknown,Secondary / Secondary Special,Married,Laborers,40,19,0,18,1
Female,157500,Working,Secondary / Secondary Special,Single / Not Married,High Skill Tech Staff,39,10,0,18,1
Unknown,180000,Commercial Associate,Secondary / Secondary Special,Separated,Core Staff,51,7,0,21,1
Unknown,135000,Unknown,Higher Education,Single / Not Married,Cooking Staff,38,1,0,24,1
Female,270000,Unknown,Higher Education,Married,Core Staff,37,7,0,18,1
Unknown,112500,Working,Secondary / Secondary Special,Civil Marriage,Unknown,41,7,3,18,1
Female,193500,State Servant,Unknown,Married,Unknown,40,7,0,2,1
Unknown,180000,Unknown,Secondary / Secondary Special,Unknown,Sales Staff,40,3,0,18,1
Female,135000,Working,Secondary / Secondary Special,Unknown,Managers,57,7,0,29,1
Unknown,315000,Unknown,Higher Education,Unknown,Drivers,51,7,0,38,1
Unknown,135000,State Servant,Unknown,Married,Unknown,43,7,0,4,1
Unknown,292500,Working,Unknown,Unknown,Unknown,40,7,0,43,1
Unknown,135000,Working,Secondary / Secondary Special,Unknown,Laborers,28,3,0,7,1
Female,360000,Unknown,Secondary / Secondary Special,Unknown,Core Staff,50,31,0,34,1
Male,135000,Unknown,Unknown,Unknown,Laborers,42,5,0,38,1
Male,112500,Unknown,Secondary / Secondary Special,Married,Laborers,40,1,4,18,1
Unknown,135000,Unknown,Secondary / Secondary Special,Married,Sales Staff,52,7,0,18,1
Unknown,202500,Unknown,Unknown,Married,Laborers,25,5,0,2,1
Male,180000,Unknown,Secondary / Secondary Special,Unknown,Drivers,37,5,0,18,1
Female,202500,Unknown,Unknown,Married,Accountants,40,4,0,18,1
Unknown,112500,Working,Unknown,Unknown,Unknown,40,7,0,51,1
Female,126000,Working,Secondary / Secondary Special,Unknown,Accountants,66,6,0,61,1
Unknown,157500,State Servant,Unknown,Unknown,Unknown,35,4,0,2,1
Female,315000,Working,Higher Education,Married,Unknown,40,11,0,15,1
Male,112500,Working,Unknown,Married,Core Staff,40,7,0,29,1
Female,247500,Working,Secondary / Secondary Special,Married,Security Staff,45,7,0,9,1
Unknown,202500,Commercial Associate,Higher Education,Single / Not Married,Core Staff,68,7,0,15,1
Male,229500,Unknown,Secondary / Secondary Special,Unknown,Managers,60,12,0,18,1
Male,360000,Unknown,Unknown,Married,Security Staff,40,7,0,10,1
Male,76500,Unknown,Secondary / Secondary Special,Unknown,Unknown,50,7,0,41,1
Male,225000,Working,Secondary / Secondary Special,Married,Laborers,40,7,0,18,1
Male,315000,Unknown,Secondary / Secondary Special,Unknown,Unknown,43,7,0,18,1
Unknown,76500,Working,Unknown,Unknown,Accountants,35,7,0,18,1
Unknown,202500,Unknown,Secondary / Secondary Special,Married,Unknown,51,17,0,22,1
Female,81000,Unknown,Unknown,Unknown,Unknown,40,5,0,18,1
Unknown,202500,Working,Secondary / Secondary Special,Married,Core Staff,40,10,0,52,1
Female,225000,Working,Secondary / Secondary Special,Married,Sales Staff,40,5,0,18,1
Male,225000,Unknown,Secondary / Secondary Special,Unknown,Unknown,40,7,0,51,1
Female,139500,State Servant,Secondary / Secondary Special,Widow,Unknown,40,7,0,18,1
Male,90000,Working,Secondary / Secondary Special,Married,Unknown,34,5,0,36,1
Female,90000,Commercial Associate,Unknown,Married,Laborers,40,7,0,39,1
Unknown,135000,Working,Secondary / Secondary Special,Married,Laborers,29,7,0,18,1
Female,166500,Working,Secondary / Secondary Special,Unknown,Medicine Staff,40,11,0,24,1
Unknown,112500,Working,Secondary / Secondary Special,Married,Unknown,40,5,0,4,1
Male,112500,Unknown,Secondary / Secondary Special,Unknown,Core Staff,32,3,0,8,1
Unknown,297000,Commercial Associate,Unknown,Single / Not Married,Unknown,43,9,0,10,1
Male,517500,Commercial Associate,Higher Education,Single / Not Married,Core Staff,30,7,0,20,1
Male,337500,Commercial Associate,Higher Education,Married,Managers,49,7,0,10,1
Female,180000,Working,Secondary / Secondary Special,Unknown,Sales Staff,35,2,0,37,1
Unknown,180000,Working,Higher Education,Unknown,Sales Staff,40,3,0,26,1
Female,135000,Unknown,Secondary / Secondary Special,Married,Unknown,40,3,0,20,1
Female,144000,Working,Unknown,Unknown,Core Staff,47,7,0,60,1
Unknown,155250,Working,Unknown,Unknown,Laborers,54,7,0,23,1
Male,135000,Working,Secondary / Secondary Special,Unknown,Unknown,27,3,0,18,1
Unknown,180000,Unknown,Secondary / Secondary Special,Unknown,Drivers,28,5,0,15,1
Female,135000,Working,Unknown,Married,Unknown,40,7,0,27,1
Unknown,270000,Unknown,Secondary / Secondary Special,Civil Marriage,Unknown,25,3,0,15,1
Male,112500,Unknown,Secondary / Secondary Special,Unknown,Laborers,28,7,0,18,1
Unknown,135000,Working,Secondary / Secondary Special,Married,Unknown,40,19,0,18,1
Male,180000,Unknown,Secondary / Secondary Special,Single / Not Married,Drivers,56,10,0,18,1
Unknown,225000,Unknown,Incomplete Higher,Married,Laborers,33,5,0,19,1
Unknown,126000,Commercial Associate,Unknown,Unknown,Core Staff,63,7,0,18,1
Unknown,90000,Working,Secondary / Secondary Special,Unknown,Laborers,53,7,0,51,1
Unknown,270000,Working,Secondary / Secondary Special,Married,Laborers,38,4,0,30,1
Male,144000,Working,Unknown,Married,Unknown,28,1,0,18,1
Female,135000,Working,Secondary / Secondary Special,Unknown,Cooking Staff,55,16,0,18,1
Unknown,90000,Working,Secondary / Secondary Special,Unknown,Unknown,40,7,0,7,1
Unknown,135000,Unknown,Secondary / Secondary Special,Married,Unknown,40,8,0,18,1
Male,153000,Unknown,Unknown,Single / Not Married,Laborers,30,7,0,18,1
Female,450000,Unknown,Higher Education,Unknown,Unknown,40,7,0,18,1
Unknown,99000,Unknown,Secondary / Secondary Special,Married,Unknown,50,2,0,18,1
Female,202500,Unknown,Secondary / Secondary Special,Married,Sales Staff,27,4,0,7,1
Female,135000,Working,Higher Education,Married,Core Staff,40,4,0,18,1
Female,135000,Working,Secondary / Secondary Special,Married,Unknown,50,15,0,13,1
Unknown,180000,Working,Unknown,Single / Not Married,Unknown,40,7,0,18,1
Female,117000,Working,Secondary / Secondary Special,Married,Sales Staff,40,7,0,23,1
Female,135000,Commercial Associate,Unknown,Married,Waiters/Barmen Staff,40,7,0,18,1
Unknown,450000,Unknown,Unknown,Single / Not Married,Unknown,40,6,0,53,1
Unknown,135000,Working,Secondary / Secondary Special,Married,Laborers,40,7,0,4,1
Male,247500,Working,Secondary / Secondary Special,Unknown,Unknown,30,10,0,18,1
Unknown,315000,Commercial Associate,Higher Education,Unknown,Sales Staff,40,7,1,18,1
Unknown,207000,Commercial Associate,Secondary / Secondary Special,Single / Not Married,Unknown,54,7,0,31,1
Female,157500,Unknown,Unknown,Unknown,Core Staff,46,7,0,43,1
Female,360000,Unknown,Unknown,Married,Managers,51,5,0,33,1
Male,315000,Working,Unknown,Single / Not Married,Laborers,49,7,0,4,1
Unknown,450000,Unknown,Secondary / Secondary Special,Unknown,Core Staff,41,7,1,32,1
Male,135000,Commercial Associate,Secondary / Secondary Special,Unknown,Laborers,34,1,0,18,1
Male,135000,Unknown,Secondary / Secondary Special,Married,Unknown,41,7,0,18,1
Male,247500,Working,Secondary / Secondary Special,Married,Unknown,48,7,0,18,1
Female,202500,Working,Secondary / Secondary Special,Unknown,Core Staff,49,28,0,50,1
Female,225000,Working,Secondary / Secondary Special,Unknown,Medicine Staff,52,9,0,18,1
Female,90000,Unknown,Unknown,Married,Cooking Staff,52,3,15,40,1
Unknown,225000,Commercial Associate,Secondary / Secondary Special,Separated,Private Service Staff,40,15,0,14,1
Unknown,180000,Working,Unknown,Married,Managers,37,7,0,50,1
Female,315000,Working,Unknown,Married,Managers,54,12,0,18,1
Unknown,112500,Working,Secondary / Secondary Special,Unknown,Unknown,40,7,0,21,1
Female,67500,Working,Secondary / Secondary Special,Civil Marriage,Unknown,46,7,0,18,1
Female,103500,Unknown,Unknown,Married,Medicine Staff,40,19,0,18,1
Female,67500,Unknown,Unknown,Unknown,Unknown,40,1,0,34,1
Female,180000,Working,Unknown,Married,Sales Staff,30,3,0,18,1
Male,225000,Working,Secondary / Secondary Special,Unknown,Unknown,40,12,1,14,1
Female,126000,Commercial Associate,Higher Education,Married,Managers,40,7,0,40,1
Unknown,315000,Commercial Associate,Unknown,Married,Sales Staff,45,1,0,18,1
Male,157500,Commercial Associate,Unknown,Married,Unknown,32,7,0,38,1
Unknown,675000,Unknown,Higher Education,Unknown,Unknown,40,13,0,18,1
Female,112500,Unknown,Unknown,Married,Private Service Staff,32,5,0,5,1
Unknown,135000,Unknown,Unknown,Unknown,Unknown,28,9,0,6,1
Female,157500,Unknown,Unknown,Unknown,Unknown,33,6,0,18,1
Unknown,202500,Commercial Associate,Unknown,Married,Sales Staff,40,6,0,15,1
Unknown,450000,Commercial Associate,Secondary / Secondary Special,Single / Not Married,Managers,29,7,1,18,1
Unknown,157500,Working,Secondary / Secondary Special,Married,Sales Staff,40,7,0,18,1
Unknown,315000,Working,Higher Education,Married,Sales Staff,29,3,0,18,1
Unknown,198000,Unknown,Unknown,Single / Not Married,Managers,27,1,0,18,1
Unknown,157500,Working,Unknown,Married,Unknown,59,34,0,16,1
Female,202500,Commercial Associate,Higher Education,Single / Not Married,Accountants,40,7,0,53,1
Male,180000,Unknown,Secondary / Secondary Special,Unknown,Drivers,28,7,0,18,1
Female,225000,Unknown,Higher Education,Widow,Sales Staff,57,7,0,7,1
Female,202500,Working,Unknown,Single / Not Married,Unknown,28,1,0,47,1
Male,180000,Unknown,Incomplete Higher,Unknown,Unknown,30,5,0,32,1
Unknown,126000,Unknown,Unknown,Unknown,Unknown,40,7,15,18,1
Female,315000,Unknown,Secondary / Secondary Special,Married,Managers,40,12,2,18,1
Female,76500,Working,Unknown,Unknown,Unknown,40,4,0,18,1
Male,157500,Unknown,Unknown,Unknown,Unknown,47,7,0,20,1
Unknown,121500,Unknown,Higher Education,Married,Core Staff,27,5,0,18,1
Female,144000,Commercial Associate,Secondary / Secondary Special,Married,Laborers,40,7,0,18,1
Male,202500,Working,Unknown,Married,Laborers,57,7,0,37,1
Unknown,180000,Working,Secondary / Secondary Special,Unknown,Sales Staff,35,7,0,18,1
Unknown,211500,Working,Secondary / Secondary Special,Single / Not Married,Unknown,40,4,0,3,1
Female,157500,Unknown,Unknown,Civil Marriage,Unknown,29,7,0,25,1
Male,126000,Unknown,Unknown,Married,Unknown,34,7,0,7,1
Male,315000,Working,Secondary / Secondary Special,Single / Not Married,Drivers,39,15,0,7,1
Unknown,135000,Working,Higher Education,Married,Managers,40,11,0,18,1
Female,72000,Working,Unknown,Unknown,Unknown,40,7,0,48,1
Unknown,180000,Unknown,Unknown,Unknown,Laborers,40,7,0,8,1
Female,135000,Working,Unknown,Single / Not Married,Core Staff,40,7,0,18,1
Unknown,225000,Working,Secondary / Secondary Special,Unknown,Cooking Staff,40,2,0,54,1
Unknown,225000,Commercial Associate,Secondary / Secondary Special,Widow,Cleaning Staff,58,7,0,2,1
Unknown,360000,Unknown,Unknown,Unknown,Core Staff,40,7,0,18,1
Female,67500,Working,Secondary / Secondary Special,Separated,Unknown,38,7,0,13,1
Female,135000,Commercial Associate,Unknown,Single / Not Married,Laborers,40,7,0,18,1
Female,315000,Unknown,Incomplete Higher,Unknown,Unknown,40,4,0,13,1
Male,126000,Working,Secondary / Secondary Special,Married,Laborers,29,2,0,32,1
Male,382500,Unknown,Unknown,Unknown,Managers,41,2,0,18,1
Unknown,247500,Unknown,Secondary / Secondary Special,Married,High Skill Tech Staff,40,3,0,22,1
Female,135000,Unknown,Secondary / Secondary Special,Unknown,Sales Staff,40,3,0,18,1
Male,225000,Unknown,Unknown,Unknown,Drivers,48,1,0,18,1
Unknown,135000,Working,Unknown,Married,Sales Staff,40,7,0,20,1
Unknown,45000,Unknown,Secondary / Secondary Special,Unknown,Sales Staff,40,7,0,38,1
Unknown,225000,Unknown,Unknown,Single / Not Married,Unknown,29,7,0,18,1
Female,112500,Unknown,Lower Secondary,Unknown,Unknown,53,1,0,14,1
Female,112500,Unknown,Unknown,Single / Not Married,Cooking Staff,40,27,0,24,1
Unknown,144000,Working,Unknown,Single / Not Married,Unknown,47,7,0,18,1
Male,135000,Working,Secondary / Secondary Special,Married,Managers,58,7,0,31,1
Unknown,90000,Unknown,Secondary / Secondary Special,Married,Unknown,54,7,0,19,1
Unknown,202500,Unknown,Higher Education,Civil Marriage,Unknown,42,15,0,18,1
Male,270000,Working,Unknown,Unknown,Unknown,40,17,0,12,1
Female,90000,Working,Unknown,Separated,Unknown,32,2,0,23,1
Female,180000,Unknown,Unknown,Unknown,Laborers,29,7,0,2,1
Unknown,225000,Working,Unknown,Married,Unknown,40,2,0,23,1
Female,180000,Working,Secondary / Secondary Special,Unknown,Sales Staff,40,2,0,7,1
Unknown,202500,State Servant,Secondary / Secondary Special,Unknown,Unknown,64,7,0,28,1
Unknown,252000,Working,Higher Education,Unknown,Laborers,42,15,0,18,1
Unknown,360000,Unknown,Unknown,Married,Unknown,40,7,0,26,1
Male,157500,Working,Unknown,Unknown,Unknown,40,1,0,18,1
Female,112500,Unknown,Secondary / Secondary Special,Unknown,Cooking Staff,38,4,1,18,1
Male,157500,Unknown,Secondary / Secondary Special,Unknown,Security Staff,40,2,0,8,1
Unknown,112500,Working,Unknown,Unknown,Laborers,34,9,0,18,1
Female,135000,Commercial Associate,Secondary / Secondary Special,Married,Sales Staff,31,7,0,30,1
Female,90000,Unknown,Unknown,Married,Laborers,40,7,0,18,1
Unknown,112500,Unknown,Unknown,Married,Sales Staff,40,7,0,18,1
Male,247500,Working,Secondary / Secondary Special,Married,Laborers,40,10,0,18,1
Unknown,202500,Working,Higher Education,Unknown,Unknown,27,7,0,9,1
Unknown,121500,Working,Unknown,Married,Laborers,29,2,0,27,1
Unknown,90000,Working,Unknown,Unknown,Drivers,40,7,0,18,1
Male,112500,Unknown,Secondary / Secondary Special,Married,Drivers,35,7,0,30,1
Male,292500,Unknown,Unknown,Single / Not Married,Unknown,40,5,0,18,1
Unknown,247500,Commercial Associate,Unknown,Unknown,Managers,40,4,0,16,1
Male,225000,Working,Secondary / Secondary Special,Unknown,Managers,28,1,0,18,1
Unknown,144000,Working,Unknown,Unknown,Unknown,40,4,0,18,1
Female,225000,Commercial Associate,Secondary / Secondary Special,Unknown,Unknown,58,3,0,2,1
Unknown,180000,Unknown,Higher Education,Unknown,Unknown,31,8,0,20,1
Unknown,157500,Unknown,Secondary / Secondary Special,Unknown,Unknown,38,7,0,27,1
Female,207000,Unknown,Unknown,Single / Not Married,Unknown,40,7,0,18,1
Unknown,315000,Working,Unknown,Unknown,Core Staff,33,6,0,32,1
Unknown,180000,Commercial Associate,Unknown,Unknown,Unknown,32,4,0,11,1
Unknown,225000,Unknown,Secondary / Secondary Special,Single / Not Married,Medicine Staff,56,29,1,18,1
Female,108000,Unknown,Secondary / Secondary Special,Separated,Unknown,40,7,2,18,1
Female,120150,Unknown,Secondary / Secondary Special,Single / Not Married,Security Staff,61,7,0,31,1
Female,157500,Unknown,Higher Education,Unknown,Laborers,31,12,0,42,1
Unknown,261000,Unknown,Incomplete Higher,Married,Unknown,40,5,0,5,1
Female,180000,State Servant,Higher Education,Unknown,Unknown,40,11,0,23,1
Female,99000,Working,Unknown,Unknown,Unknown,55,1,0,14,1
Male,225000,Unknown,Unknown,Unknown,Accountants,34,9,0,29,1
Unknown,292500,Working,Unknown,Unknown,Unknown,35,7,0,25,1
Male,184500,Unknown,Secondary / Secondary Special,Unknown,Unknown,40,4,0,10,1
Female,180000,State Servant,Unknown,Married,Unknown,38,7,0,18,1
Unknown,202500,Unknown,Unknown,Married,Medicine Staff,58,7,0,24,1
Male,274500,Commercial Associate,Unknown,Married,Laborers,48,7,0,4,1
Male,189000,Working,Unknown,Unknown,Managers,40,2,0,17,1
Unknown,450000,Commercial Associate,Higher Education,Unknown,Unknown,42,7,0,8,1
Male,148500,Unknown,Unknown,Single / Not Married,Unknown,40,6,0,54,1
Female,121500,Working,Unknown,Civil Marriage,Unknown,35,2,0,3,1
Female,67500,Commercial Associate,Secondary / Secondary Special,Unknown,Unknown,42,9,0,34,1
Unknown,135000,Working,Unknown,Unknown,Unknown,34,2,0,18,1
Unknown,94500,Commercial Associate,Unknown,Unknown,Sales Staff,40,10,0,14,1
Unknown,252000,Unknown,Higher Education,Unknown,Laborers,40,15,0,40,1
Female,135000,Commercial Associate,Higher Education,Unknown,Unknown,58,7,0,18,1
Unknown,360000,Working,Unknown,Married,Drivers,40,7,0,18,1
Unknown,337500,Unknown,Unknown,Married,Unknown,36,7,1,18,1
Female,112500,Working,Secondary / Secondary Special,Unknown,Unknown,40,7,0,18,1
Male,157500,Unknown,Unknown,Unknown,Unknown,35,4,0,19,1
Unknown,135000,Unknown,Unknown,Unknown,Sales Staff,44,7,0,18,1
Female,90000,State Servant,Higher Education,Married,Managers,35,7,0,4,1
Male,81000,Working,Secondary / Secondary Special,Unknown,Unknown,34,7,0,1,1
Female,90000,Unknown,Unknown,Married,Unknown,40,7,0,18,1
Unknown,202500,Unknown,Secondary / Secondary Special,Unknown,Sales Staff,41,4,0,4,1
Male,180000,Unknown,Secondary / Secondary Special,Civil Marriage,Laborers,36,7,0,18,1
Unknown,256500,State Servant,Unknown,Married,Managers,39,7,0,18,1
Male,315000,Commercial Associate,Unknown,Single / Not Married,Laborers,40,2,0,18,1
Female,58500,Working,Unknown,Married,Unknown,43,14,0,18,1
Female,189000,Working,Unknown,Unknown,Core Staff,52,7,0,11,1
Male,180000,Unknown,Secondary / Secondary Special,Unknown,Unknown,40,10,0,33,1
Female,112500,Working,Unknown,Single / Not Married,Core Staff,40,7,0,13,1
Unknown,225000,Commercial Associate,Higher Education,Unknown,High Skill Tech Staff,45,1,0,18,1
Male,180000,Commercial Associate,Secondary / Secondary Special,Unknown,Drivers,40,1,0,13,1
Male,112500,Working,Secondary / Secondary Special,Married,Low-Skill Laborers,51,6,0,19,1
Unknown,63000,Working,Secondary / Secondary Special,Unknown,Laborers,40,23,0,18,1
Unknown,225000,Working,Secondary / Secondary Special,Married,Drivers,48,7,0,24,1
Unknown,112500,Working,Secondary / Secondary Special,Married,Cooking Staff,35,5,0,18,1
Female,112500,Working,Higher Education,Married,Core Staff,40,3,0,27,1
Male,292500,Commercial Associate,Higher Education,Married,Unknown,45,3,0,31,1
Male,180000,Working,Unknown,Married,Security Staff,37,5,0,18,1
Unknown,225000,Commercial Associate,Secondary / Secondary Special,Married,Unknown,25,2,0,26,1
Female,157500,Working,Higher Education,Married,Unknown,34,7,0,53,1
Unknown,157500,Unknown,Unknown,Widow,Unknown,46,7,0,18,1
Unknown,112500,Working,Higher Education,Unknown,Unknown,40,11,0,18,1
Female,202500,Unknown,Secondary / Secondary Special,Civil Marriage,Security Staff,40,7,0,15,1
Female,67500,Unknown,Unknown,Unknown,Unknown,47,7,0,25,1
Unknown,112500,Working,Secondary / Secondary Special,Married,Laborers,24,4,0,6,1
Female,225000,Commercial Associate,Unknown,Widow,Cleaning Staff,58,3,0,16,1
Unknown,202500,Unknown,Incomplete Higher,Married,Unknown,40,7,0,18,1
Female,157500,Working,Secondary / Secondary Special,Married,High Skill Tech Staff,42,19,0,18,1
Unknown,157500,Commercial Associate,Secondary / Secondary Special,Married,Drivers,31,2,0,17,1
Female,157500,Unknown,Unknown,Married,High Skill Tech Staff,38,7,0,4,1
Female,315000,Unknown,Unknown,Unknown,Unknown,40,7,0,35,1
Unknown,166500,Working,Secondary / Secondary Special,Married,Laborers,52,18,0,18,1
Female,193500,Commercial Associate,Unknown,Married,Laborers,50,7,0,10,1
Male,360000,Unknown,Secondary / Secondary Special,Unknown,Laborers,40,9,0,18,1
Unknown,112500,Unknown,Secondary / Secondary Special,Married,Unknown,40,7,0,18,1
Unknown,202500,Working,Higher Education,Unknown,Managers,57,15,1,9,1
Unknown,202500,Working,Unknown,Married,Managers,36,7,0,15,1
Female,405000,Unknown,Unknown,Unknown,Unknown,40,13,1,11,1
Unknown,157500,Unknown,Unknown,Married,Drivers,40,5,0,18,1
Unknown,157500,Commercial Associate,Unknown,Civil Marriage,Managers,42,3,0,7,1
Female,337500,Commercial Associate,Unknown,Single / Not Married,Unknown,32,4,0,7,1
Female,135000,Working,Secondary / Secondary Special,Single / Not Married,Unknown,38,7,0,18,1
Female,112500,Unknown,Unknown,Married,Laborers,40,5,0,18,1
Female,112500,Working,Unknown,Unknown,Unknown,41,7,0,18,1
Male,202500,Working,Secondary / Secondary Special,Married,Unknown,28,7,5,3,0
Unknown,202500,Working,Secondary / Secondary Special,Unknown,Unknown,39,7,0,18,1
Male,292500,Commercial Associate,Secondary / Secondary Special,Married,Drivers,40,1,0,18,1
Unknown,270000,Unknown,Unknown,Civil Marriage,Medicine Staff,40,15,0,8,1
Female,180000,Working,Secondary / Secondary Special,Married,Core Staff,40,9,0,18,1
Male,135000,Working,Unknown,Married,Unknown,29,4,0,9,1
Unknown,135000,Working,Secondary / Secondary Special,Unknown,Unknown,40,3,0,18,1
Female,202500,Unknown,Higher Education,Unknown,Unknown,40,7,0,18,1
Unknown,202500,Commercial Associate,Higher Education,Unknown,Unknown,43,7,0,39,1
Male,180000,Unknown,Unknown,Unknown,Unknown,36,5,0,13,1
Male,225000,Commercial Associate,Secondary / Secondary Special,Unknown,Unknown,35,5,2,18,1
Unknown,81000,Working,Unknown,Married,Sales Staff,40,9,0,18,1
Female,261000,Commercial Associate,Secondary / Secondary Special,Unknown,Unknown,40,7,0,6,1
Unknown,202500,Unknown,Secondary / Secondary Special,Unknown,Unknown,41,4,0,18,1
Female,180000,Working,Unknown,Civil Marriage,Unknown,40,2,0,8,1
Unknown,157500,Unknown,Unknown,Separated,Unknown,39,7,0,2,1
Female,157500,Working,Secondary / Secondary Special,Married,Sales Staff,38,7,0,18,1
Unknown,157500,Working,Unknown,Unknown,Unknown,40,1,0,18,1
Female,135000,Working,Unknown,Unknown,Unknown,63,12,0,58,1
Unknown,252000,Commercial Associate,Unknown,Unknown,Managers,42,2,0,3,1
Unknown,135000,Unknown,Unknown,Unknown,Unknown,48,6,0,19,1
Unknown,315000,Unknown,Higher Education,Married,Laborers,37,5,0,6,1
Female,157500,Commercial Associate,Unknown,Unknown,Unknown,44,4,1,18,1
Female,90000,Unknown,Higher Education,Unknown,Core Staff,40,11,0,20,1
Female,144000,Unknown,Unknown,Unknown,Unknown,40,4,1,19,1
Female,135000,Commercial Associate,Incomplete Higher,Unknown,Unknown,49,1,0,48,1
Unknown,72000,Commercial Associate,Secondary / Secondary Special,Married,Secretaries,40,7,0,18,1
Unknown,157500,Working,Unknown,Married,Unknown,28,7,0,18,1
Male,180000,Working,Unknown,Single / Not Married,Managers,41,18,1,20,1
Male,157500,Working,Unknown,Unknown,Unknown,40,7,0,18,1
Male,180000,Unknown,Secondary / Secondary Special,Unknown,High Skill Tech Staff,40,3,0,18,1
Unknown,225000,Unknown,Unknown,Unknown,Unknown,40,5,0,18,1
Female,126000,Unknown,Higher Education,Separated,Managers,45,7,0,5,1
Male,184500,Unknown,Unknown,Married,Unknown,40,4,0,4,1
Female,225000,Unknown,Higher Education,Married,Sales Staff,36,7,0,40,1
Unknown,225000,Commercial Associate,Secondary / Secondary Special,Civil Marriage,Unknown,41,10,0,18,1
Female,247500,Commercial Associate,Secondary / Secondary Special,Unknown,Laborers,49,7,0,18,1
Male,90900,Unknown,Unknown,Married,Laborers,40,7,0,18,1
Female,126000,Working,Unknown,Married,Unknown,40,7,0,18,1
Male,135000,Working,Higher Education,Married,Unknown,38,7,0,18,1
Unknown,270000,State Servant,Secondary / Secondary Special,Unknown,Unknown,35,15,0,18,1
Male,157500,Commercial Associate,Secondary / Secondary Special,Single / Not Married,Laborers,27,6,0,39,1
Male,157500,Working,Secondary / Secondary Special,Unknown,Managers,31,10,0,18,1
Unknown,144000,Unknown,Secondary / Secondary Special,Married,Drivers,40,7,0,26,1
Unknown,90000,Working,Secondary / Secondary Special,Married,Sales Staff,40,2,0,3,1
Unknown,90000,Working,Unknown,Unknown,Unknown,52,28,0,18,1
Unknown,225000,Working,Higher Education,Unknown,Unknown,40,2,0,19,1
Unknown,126000,Working,Unknown,Single / Not Married,Managers,40,3,16,18,1
Female,112500,Unknown,Higher Education,Unknown,Accountants,40,11,0,18,1
Unknown,270000,Working,Secondary / Secondary Special,Unknown,Laborers,27,7,0,18,1
Female,202500,Unknown,Secondary / Secondary Special,Separated,Laborers,52,7,0,18,1
Female,112500,State Servant,Unknown,Single / Not Married,Core Staff,40,21,0,18,1
Male,180000,Working,Unknown,Married,Drivers,23,1,0,10,1
Unknown,90000,Working,Unknown,Unknown,Unknown,49,7,0,35,1
Female,315000,Unknown,Secondary / Secondary Special,Unknown,Medicine Staff,62,41,0,18,1
Male,157500,Working,Secondary / Secondary Special,Unknown,Cooking Staff,40,7,0,14,1
Unknown,180000,Unknown,Unknown,Married,Cooking Staff,40,5,0,18,1
Female,112500,Working,Unknown,Civil Marriage,Unknown,29,2,0,18,1
Unknown,135000,Working,Secondary / Secondary Special,Unknown,Low-Skill Laborers,33,5,0,35,1
Unknown,135000,Unknown,Secondary / Secondary Special,Civil Marriage,Unknown,32,2,0,12,1
Male,157500,Working,Secondary / Secondary Special,Married,Drivers,27,7,0,6,1
Male,225000,Working,Secondary / Secondary Special,Unknown,Laborers,30,7,0,7,1
Male,157500,Unknown,Secondary / Secondary Special,Unknown,Sales Staff,35,7,0,26,1
Female,337500,State Servant,Unknown,Separated,Unknown,29,7,0,6,1
Male,157500,Unknown,Secondary / Secondary Special,Married,It Staff,30,7,0,18,1
Unknown,270000,Working,Unknown,Married,Laborers,40,7,0,34,1
Unknown,121500,Commercial Associate,Unknown,Married,Accountants,40,4,0,24,1
Unknown,148500,Unknown,Secondary / Secondary Special,Married,Laborers,24,4,0,18,1
Unknown,270000,Working,Higher Education,Unknown,Laborers,29,11,0,3,1
Male,112500,Commercial Associate,Unknown,Unknown,Unknown,57,13,0,33,1
Female,216000,Unknown,Unknown,Married,Medicine Staff,41,12,0,18,1
Unknown,130500,Unknown,Secondary / Secondary Special,Married,Core Staff,38,7,0,6,1
Male,202500,Unknown,Unknown,Unknown,Laborers,40,7,0,31,1
Female,225000,Working,Unknown,Widow,Unknown,30,12,0,18,1
Unknown,180000,Unknown,Higher Education,Unknown,Laborers,40,5,0,16,1
Female,202500,Unknown,Higher Education,Unknown,Core Staff,45,10,0,18,1
Female,99000,Unknown,Unknown,Married,Sales Staff,40,7,0,51,1
Unknown,157500,Working,Secondary / Secondary Special,Married,High Skill Tech Staff,33,11,0,12,1
Unknown,450000,Commercial Associate,Higher Education,Unknown,Unknown,34,7,0,45,1
Female,112500,Working,Unknown,Civil Marriage,Sales Staff,31,7,0,18,1
Female,675000,Unknown,Unknown,Married,Managers,40,6,0,9,1
Female,157500,Commercial Associate,Higher Education,Married,Unknown,40,1,0,18,1
Female,157500,Unknown,Secondary / Secondary Special,Married,Medicine Staff,40,20,0,18,1
Unknown,270000,Unknown,Academic Degree,Married,Sales Staff,40,7,1,26,1
Unknown,225000,Commercial Associate,Secondary / Secondary Special,Single / Not Married,Unknown,48,8,0,17,1
Female,112500,Working,Unknown,Married,Unknown,41,6,0,18,1
Unknown,135000,Working,Higher Education,Married,Core Staff,40,7,0,28,1
Unknown,45000,Unknown,Secondary / Secondary Special,Married,Unknown,40,3,0,5,1
Unknown,135000,Working,Secondary / Secondary Special,Married,Unknown,33,7,0,47,1
Male,270000,Working,Unknown,Unknown,Unknown,25,7,4,18,1
Male,292500,Working,Unknown,Single / Not Married,Unknown,40,5,0,18,1
Male,180000,Commercial Associate,Unknown,Unknown,Unknown,40,5,0,5,1
Female,90000,Unknown,Unknown,Unknown,Unknown,40,7,0,18,1
Female,135000,Commercial Associate,Higher Education,Unknown,Medicine Staff,36,5,0,48,1
Female,81000,Working,Secondary / Secondary Special,Married,Laborers,40,7,0,18,1
Female,130500,Working,Secondary / Secondary Special,Unknown,Unknown,50,5,0,4,1
Female,225000,State Servant,Secondary / Secondary Special,Unknown,Medicine Staff,36,7,0,4,1
Female,157500,Working,Secondary / Secondary Special,Unknown,Cooking Staff,40,7,0,18,1
Male,450000,Working,Higher Education,Unknown,Core Staff,27,7,0,2,0
Female,135000,Commercial Associate,Incomplete Higher,Unknown,Managers,29,7,0,25,1
Male,292500,Working,Secondary / Secondary Special,Unknown,Laborers,40,13,0,11,1
Unknown,135000,Unknown,Secondary / Secondary Special,Unknown,Laborers,39,7,0,18,1
Unknown,225000,Working,Secondary / Secondary Special,Unknown,Unknown,40,7,0,18,1
Unknown,202500,Working,Secondary / Secondary Special,Married,Sales Staff,47,1,0,18,1
Unknown,135000,Unknown,Unknown,Married,Unknown,40,3,0,4,1
Unknown,112500,Unknown,Higher Education,Married,High Skill Tech Staff,40,8,0,11,1
Female,85500,Commercial Associate,Unknown,Unknown,Unknown,38,13,0,30,1
Unknown,207000,Working,Unknown,Married,Core Staff,41,19,0,18,1
Unknown,225000,Unknown,Secondary / Secondary Special,Unknown,Realty Agents,40,10,0,25,1
Female,180000,Working,Unknown,Unknown,Cleaning Staff,59,2,0,18,1
Male,270000,Unknown,Secondary / Secondary Special,Single / Not Married,Unknown,25,5,0,21,1
Unknown,180000,Working,Secondary / Secondary Special,Married,Laborers,26,2,0,6,1
Male,180000,Working,Incomplete Higher,Married,Unknown,47,13,0,27,1
Unknown,360000,Unknown,Higher Education,Separated,Managers,40,24,0,18,1
Female,112500,Working,Higher Education,Married,Unknown,32,7,0,44,1
Female,270000,Working,Unknown,Married,Private Service Staff,55,11,0,45,1
Female,180000,Commercial Associate,Secondary / Secondary Special,Married,High Skill Tech Staff,29,2,0,18,1
Female,157500,Unknown,Secondary / Secondary Special,Unknown,Sales Staff,46,6,0,18,1
Female,135000,Unknown,Unknown,Married,Unknown,40,7,0,5,1
Female,112500,State Servant,Secondary / Secondary Special,Unknown,Unknown,41,8,0,18,1
Unknown,270000,Commercial Associate,Incomplete Higher,Unknown,Unknown,50,7,0,9,1
Female,135000,Working,Unknown,Unknown,Laborers,43,9,0,18,1
Female,67500,Working,Secondary / Secondary Special,Unknown,Unknown,40,6,0,11,1
Male,225000,Unknown,Secondary / Secondary Special,Married,Laborers,56,7,0,15,1
Male,225000,Working,Unknown,Single / Not Married,Unknown,40,7,0,23,1
Female,675000,Unknown,Unknown,Unknown,Managers,38,7,0,18,1
Male,121500,Unknown,Secondary / Secondary Special,Unknown,Laborers,26,1,0,29,1
Female,225000,Unknown,Higher Education,Separated,Core Staff,40,7,0,2,1
Unknown,391500,Working,Unknown,Separated,Security Staff,40,5,0,18,1
Unknown,315000,Unknown,Higher Education,Single / Not Married,Core Staff,30,9,0,20,1
Unknown,90000,Unknown,Lower Secondary,Single / Not Married,Core Staff,40,8,0,18,1
Unknown,67500,Unknown,Unknown,Unknown,Accountants,52,7,0,18,1
Unknown,202500,Unknown,Secondary / Secondary Special,Unknown,Drivers,30,7,0,18,1
Male,67500,Working,Higher Education,Unknown,Laborers,40,7,0,18,1
Male,675000,Unknown,Secondary / Secondary Special,Unknown,Unknown,39,7,0,2,1
Unknown,135000,Working,Secondary / Secondary Special,Unknown,Laborers,40,10,0,9,1
Male,261000,Working,Secondary / Secondary Special,Unknown,Laborers,40,15,0,24,1
Female,180000,Working,Unknown,Unknown,Unknown,48,7,0,21,1
Unknown,112500,Working,Secondary / Secondary Special,Unknown,Laborers,38,15,0,18,1
Male,225000,Working,Higher Education,Married,Unknown,40,14,0,19,1
Female,157500,Unknown,Higher Education,Separated,Unknown,40,7,0,18,1
Female,450000,Unknown,Secondary / Secondary Special,Unknown,Unknown,52,2,0,18,1
Unknown,247500,Unknown,Higher Education,Married,Unknown,40,10,0,13,1
Unknown,90000,Unknown,Unknown,Married,Low-Skill Laborers,46,16,0,19,1
Male,180000,State Servant,Secondary / Secondary Special,Unknown,Drivers,40,3,1,25,1
Unknown,112500,Unknown,Secondary / Secondary Special,Married,Laborers,40,9,5,36,1
Unknown,157500,Unknown,Unknown,Married,Drivers,50,5,0,18,1
Unknown,180000,Commercial Associate,Unknown,Unknown,High Skill Tech Staff,29,7,0,18,1
Female,270000,Unknown,Higher Education,Married,Managers,53,21,0,18,1
Unknown,135000,Working,Secondary / Secondary Special,Unknown,Cooking Staff,33,7,0,18,1
Unknown,67500,Unknown,Unknown,Unknown,Sales Staff,40,6,1,18,1
Male,225000,State Servant,Higher Education,Married,Unknown,30,5,0,18,1
Male,360000,Unknown,Higher Education,Single / Not Married,Unknown,27,2,0,4,1
Female,112500,Unknown,Unknown,Married,Unknown,40,8,0,26,1
Male,112500,Unknown,Unknown,Married,Unknown,40,5,0,13,1
Female,382500,Commercial Associate,Unknown,Unknown,Managers,55,7,0,18,1
Male,225000,Unknown,Incomplete Higher,Married,Drivers,28,1,0,19,1
Female,157500,Working,Secondary / Secondary Special,Unknown,Unknown,40,7,0,2,1
Unknown,315000,Unknown,Incomplete Higher,Single / Not Married,Unknown,25,4,0,28,1
Female,270000,Commercial Associate,Secondary / Secondary Special,Married,Laborers,55,30,0,18,1
Unknown,103500,Working,Incomplete Higher,Married,Laborers,40,13,0,8,1
Male,180000,Working,Secondary / Secondary Special,Married,Drivers,40,3,0,11,1
Female,76500,Working,Higher Education,Unknown,Sales Staff,44,7,0,3,1
Unknown,157500,Working,Secondary / Secondary Special,Married,Drivers,40,7,0,18,1
Unknown,90000,Working,Unknown,Married,Unknown,26,5,0,21,1
Unknown,135000,Commercial Associate,Unknown,Unknown,Sales Staff,36,3,0,18,1
Female,112500,State Servant,Unknown,Married,Unknown,62,7,0,14,1
Female,180000,Commercial Associate,Higher Education,Civil Marriage,Sales Staff,39,11,0,9,1
Unknown,193500,Commercial Associate,Secondary / Secondary Special,Unknown,Unknown,40,3,0,18,1
Male,252000,Working,Unknown,Married,Unknown,47,7,1,18,1
Unknown,157500,Working,Secondary / Secondary Special,Unknown,Unknown,40,5,0,18,1
Unknown,225000,Commercial Associate,Unknown,Unknown,Managers,40,7,0,18,1
Unknown,256500,Commercial Associate,Secondary / Secondary Special,Unknown,Unknown,38,3,1,18,1
Unknown,90000,Unknown,Unknown,Married,Unknown,39,4,0,18,1
Male,135000,Unknown,Secondary / Secondary Special,Single / Not Married,Drivers,27,3,0,18,1
Unknown,135000,State Servant,Higher Education,Single / Not Married,Accountants,29,4,0,18,1
Unknown,315000,Unknown,Secondary / Secondary Special,Married,Managers,40,7,1,18,1
Female,292500,Working,Secondary / Secondary Special,Married,Unknown,40,39,0,18,1
Male,225000,Working,Unknown,Married,Laborers,40,7,0,32,1
Unknown,198000,Unknown,Secondary / Secondary Special,Unknown,Laborers,40,7,0,43,1
Female,81000,Unknown,Unknown,Unknown,Unknown,40,4,2,32,1
Unknown,157500,Commercial Associate,Unknown,Married,Unknown,38,18,0,28,1
Unknown,198000,Unknown,Unknown,Single / Not Married,Managers,27,1,0,18,1
Male,90000,Working,Secondary / Secondary Special,Single / Not Married,Drivers,47,26,0,18,1
Unknown,360000,Working,Unknown,Married,Managers,40,11,0,6,1
Female,202500,Working,Secondary / Secondary Special,Married,Sales Staff,40,7,0,31,1
Female,112500,Unknown,Unknown,Married,Sales Staff,53,5,0,7,1
Unknown,270000,Commercial Associate,Secondary / Secondary Special,Unknown,Unknown,47,11,0,11,1
Unknown,171000,Working,Secondary / Secondary Special,Separated,Drivers,45,25,0,61,1
Male,112500,Working,Unknown,Unknown,Unknown,44,19,0,18,1
Female,135000,Unknown,Higher Education,Single / Not Married,Unknown,25,4,0,18,1
Female,112500,Unknown,Secondary / Secondary Special,Unknown,Unknown,41,7,0,31,1
Female,202500,Working,Unknown,Unknown,Unknown,40,7,0,55,1
Female,112500,Unknown,Unknown,Unknown,Laborers,29,10,0,36,1
Female,112500,Working,Unknown,Married,Sales Staff,38,7,0,38,1
Female,135000,Commercial Associate,Secondary / Secondary Special,Civil Marriage,Laborers,48,19,0,18,1
Female,157500,Working,Secondary / Secondary Special,Widow,Unknown,40,7,0,15,1
Female,135000,Unknown,Unknown,Married,Cleaning Staff,40,7,0,6,1
Unknown,180000,State Servant,Secondary / Secondary Special,Unknown,Unknown,37,7,0,18,1
Male,135000,Working,Unknown,Civil Marriage,Low-Skill Laborers,30,5,0,26,1
Unknown,342000,Unknown,Higher Education,Single / Not Married,Core Staff,34,11,0,18,1
Male,247500,Working,Secondary / Secondary Special,Married,Unknown,30,10,0,54,1
Female,135000,Unknown,Unknown,Unknown,Sales Staff,40,4,0,3,1
Unknown,103500,Commercial Associate,Unknown,Married,High Skill Tech Staff,40,10,0,21,1
Unknown,216000,Working,Unknown,Married,Laborers,47,4,0,11,1
Female,157500,Working,Higher Education,Married,Core Staff,40,3,0,21,1
Unknown,76500,Unknown,Secondary / Secondary Special,Unknown,Sales Staff,28,7,0,4,1
Unknown,180000,Commercial Associate,Higher Education,Unknown,Managers,31,7,0,8,1
Male,180000,Unknown,Secondary / Secondary Special,Unknown,Unknown,40,1,1,18,1
Female,135000,Working,Secondary / Secondary Special,Single / Not Married,Cleaning Staff,40,7,0,18,1
Male,135000,Unknown,Secondary / Secondary Special,Married,Core Staff,45,7,0,31,1
Female,225000,State Servant,Unknown,Married,Medicine Staff,40,7,0,18,1
Unknown,216000,Unknown,Unknown,Married,Laborers,40,34,0,18,1
Unknown,247500,Unknown,Higher Education,Unknown,Unknown,40,4,0,18,1
Female,225000,Working,Secondary / Secondary Special,Unknown,Sales Staff,47,2,0,15,1
Female,202500,Commercial Associate,Unknown,Unknown,Managers,34,7,0,16,1
Unknown,157500,Working,Higher Education,Married,Unknown,31,3,0,18,1
Female,135000,Unknown,Secondary / Secondary Special,Widow,Unknown,58,5,0,3,1
Female,135000,Working,Unknown,Married,Sales Staff,44,5,0,11,1
Male,135000,Unknown,Incomplete Higher,Married,Unknown,40,14,0,16,1
Unknown,202500,Working,Secondary / Secondary Special,Unknown,Core Staff,40,28,0,7,1
Unknown,202500,Unknown,Higher Education,Unknown,Drivers,33,2,0,18,1
Male,112500,Working,Unknown,Married,Laborers,39,3,0,18,1
Male,225000,Commercial Associate,Unknown,Unknown,Laborers,40,8,0,18,1
Female,405000,Unknown,Incomplete Higher,Civil Marriage,Sales Staff,35,7,0,52,1
Unknown,450000,Unknown,Higher Education,Unknown,Managers,41,16,0,7,1
Male,90000,Working,Secondary / Secondary Special,Married,Unknown,34,1,0,18,1
Unknown,112500,Unknown,Secondary / Secondary Special,Unknown,Core Staff,40,7,0,12,1
Unknown,126000,Working,Unknown,Married,Unknown,40,5,0,18,1
Unknown,121500,Working,Unknown,Married,Laborers,29,2,0,27,1
Unknown,81000,Unknown,Secondary / Secondary Special,Unknown,Unknown,54,9,0,18,1
Female,135000,Unknown,Unknown,Unknown,High Skill Tech Staff,40,11,1,18,1
Unknown,175500,Commercial Associate,Unknown,Single / Not Married,Laborers,33,14,1,18,1
Unknown,157500,Unknown,Unknown,Civil Marriage,Cooking Staff,40,10,0,13,1
Unknown,360000,Commercial Associate,Unknown,Unknown,Managers,54,9,0,5,1
Female,202500,Working,Unknown,Single / Not Married,Unknown,51,20,0,18,1
Female,112500,Working,Unknown,Unknown,Sales Staff,40,10,0,18,1
Male,90000,Working,Secondary / Secondary Special,Married,Unknown,34,1,0,18,1
Unknown,202500,Unknown,Secondary / Secondary Special,Unknown,Core Staff,24,2,0,18,1
Female,180000,Working,Incomplete Higher,Unknown,Drivers,27,5,0,22,1
Unknown,247500,Working,Secondary / Secondary Special,Unknown,Unknown,40,7,0,18,1
Male,112500,Working,Secondary / Secondary Special,Unknown,Accountants,40,6,0,18,1
Female,157500,Working,Higher Education,Separated,Unknown,27,6,0,18,1
Unknown,157500,Unknown,Higher Education,Unknown,High Skill Tech Staff,52,10,0,30,1
Female,270000,Working,Secondary / Secondary Special,Unknown,Unknown,40,5,0,27,1
Unknown,297000,Commercial Associate,Unknown,Single / Not Married,Laborers,40,9,0,18,1
Female,292500,Unknown,Secondary / Secondary Special,Unknown,Unknown,40,7,0,18,1
Female,315000,Unknown,Unknown,Unknown,Accountants,29,3,0,18,1
Male,180000,Unknown,Secondary / Secondary Special,Married,Drivers,40,5,0,18,1
Unknown,144000,Unknown,Higher Education,Unknown,Unknown,40,9,0,18,1
Male,162000,Unknown,Unknown,Unknown,Unknown,40,7,0,28,1
Unknown,90000,Unknown,Unknown,Married,Unknown,53,7,0,23,1
Unknown,180000,Commercial Associate,Secondary / Secondary Special,Single / Not Married,Sales Staff,49,3,0,18,1
Female,180000,Working,Secondary / Secondary Special,Unknown,Unknown,40,9,0,31,1
Male,180000,Working,Unknown,Married,Laborers,40,7,0,18,1
Female,391500,Unknown,Unknown,Married,Core Staff,40,20,1,48,1
Female,270000,Commercial Associate,Unknown,Unknown,Accountants,51,17,1,18,1
Unknown,450000,Unknown,Unknown,Unknown,Sales Staff,44,13,0,35,1
Female,148500,Commercial Associate,Unknown,Unknown,Core Staff,40,7,0,18,1
Female,121500,Unknown,Unknown,Unknown,Sales Staff,40,7,0,12,1
Female,315000,Unknown,Unknown,Married,Unknown,43,16,0,18,1
Male,135000,Working,Secondary / Secondary Special,Unknown,Unknown,31,12,0,2,1
Male,360000,Working,Unknown,Civil Marriage,Managers,40,9,0,18,1
Female,112500,Commercial Associate,Unknown,Unknown,Core Staff,42,7,0,26,1
Male,139500,Working,Secondary / Secondary Special,Married,Drivers,51,7,0,29,1
Female,148500,Commercial Associate,Unknown,Married,Managers,37,1,0,52,1
Female,225000,Commercial Associate,Higher Education,Single / Not Married,Unknown,33,1,2,3,1
Unknown,270000,Working,Secondary / Secondary Special,Unknown,Managers,40,7,0,60,1
Male,157500,Unknown,Unknown,Unknown,Unknown,30,7,0,15,1
Male,315000,Working,Higher Education,Married,Managers,32,7,0,16,1
Male,135000,Working,Unknown,Unknown,Unknown,40,7,0,23,1
Unknown,112500,Working,Secondary / Secondary Special,Married,Unknown,40,3,0,13,1
Female,270000,Working,Higher Education,Single / Not Married,Unknown,46,2,0,3,1
Unknown,135000,Unknown,Higher Education,Civil Marriage,Unknown,25,1,0,18,1
Unknown,157500,Working,Secondary / Secondary Special,Unknown,Medicine Staff,40,33,1,37,1
Male,225000,Unknown,Unknown,Married,Unknown,40,7,0,18,1
Male,270000,Working,Higher Education,Married,Managers,40,7,0,18,1
Female,180000,Commercial Associate,Unknown,Married,Medicine Staff,49,7,0,42,1
Female,157500,Working,Unknown,Married,High Skill Tech Staff,36,6,0,58,1
Unknown,112500,Unknown,Secondary / Secondary Special,Single / Not Married,Laborers,40,5,0,2,1
Male,225000,Commercial Associate,Secondary / Secondary Special,Married,Managers,31,3,2,18,1
Female,441000,State Servant,Higher Education,Unknown,Core Staff,40,22,0,18,1
Male,135000,Commercial Associate,Unknown,Married,Unknown,40,7,0,18,1
Female,360000,Unknown,Higher Education,Married,Core Staff,31,11,0,18,1
Female,112500,Working,Secondary / Secondary Special,Unknown,Cooking Staff,40,7,0,18,1
Unknown,225000,Commercial Associate,Secondary / Secondary Special,Single / Not Married,Unknown,40,8,0,2,1
Female,180000,Commercial Associate,Unknown,Single / Not Married,Cooking Staff,28,7,0,7,1
Female,117000,Unknown,Unknown,Unknown,Sales Staff,32,7,0,6,1
Female,180000,Commercial Associate,Unknown,Married,Medicine Staff,49,7,0,56,1
Female,247500,Unknown,Unknown,Separated,Laborers,40,6,2,18,1
Female,180000,State Servant,Unknown,Married,Unknown,41,22,0,18,1
Unknown,405000,Working,Secondary / Secondary Special,Married,Unknown,40,7,0,18,1
Female,112500,Unknown,Secondary / Secondary Special,Civil Marriage,Cooking Staff,38,7,0,18,1
Unknown,180000,Working,Higher Education,Married,Unknown,40,7,0,16,1
Female,135000,Commercial Associate,Secondary / Secondary Special,Unknown,Sales Staff,36,7,0,7,1
Unknown,234000,Working,Unknown,Married,High Skill Tech Staff,40,10,0,36,1
Female,180000,Unknown,Secondary / Secondary Special,Unknown,Unknown,55,7,0,18,1
Female,180000,Working,Unknown,Civil Marriage,Core Staff,48,14,0,18,1
Male,135000,Commercial Associate,Secondary / Secondary Special,Married,Unknown,50,11,0,6,1
Unknown,225000,State Servant,Unknown,Married,Drivers,40,7,0,18,1
Unknown,292500,Working,Incomplete Higher,Unknown,Sales Staff,35,7,0,18,1
Unknown,315000,Unknown,Unknown,Married,Drivers,51,7,0,25,1
Female,45000,Unknown,Secondary / Secondary Special,Married,Unknown,31,2,0,11,1
Male,405000,Unknown,Higher Education,Married,Managers,32,7,0,18,1
Female,122400,Unknown,Unknown,Married,Medicine Staff,58,7,0,18,1
Unknown,135000,Working,Secondary / Secondary Special,Unknown,Laborers,51,7,2,7,1
Female,76500,Working,Secondary / Secondary Special,Unknown,Medicine Staff,31,7,0,9,1
Female,360000,Working,Unknown,Married,Unknown,43,16,0,39,1
Male,135000,Commercial Associate,Secondary / Secondary Special,Separated,Laborers,52,5,0,18,1
Female,90000,Unknown,Secondary / Secondary Special,Married,Unknown,40,7,0,16,1
Unknown,112500,Unknown,Secondary / Secondary Special,Married,Unknown,35,7,0,18,1
Male,157500,Working,Unknown,Unknown,Drivers,37,9,0,26,1
Female,144000,Unknown,Secondary / Secondary Special,Married,Accountants,43,7,0,22,1
Unknown,135000,Commercial Associate,Secondary / Secondary Special,Unknown,Cooking Staff,51,7,0,18,1
Female,135000,Working,Unknown,Separated,Unknown,41,7,0,17,1
Female,135000,Working,Unknown,Unknown,Laborers,37,7,0,15,1
Unknown,112500,State Servant,Secondary / Secondary Special,Widow,Secretaries,40,7,0,12,1
Female,360000,Unknown,Unknown,Separated,Core Staff,53,6,0,18,1
Female,117000,Working,Higher Education,Married,Unknown,52,2,0,3,1
Male,310500,Working,Higher Education,Married,Unknown,31,7,0,7,1
Unknown,315000,Unknown,Unknown,Civil Marriage,Managers,39,7,0,4,1
Male,216000,Unknown,Secondary / Secondary Special,Married,Unknown,40,7,0,18,1
Male,202500,Working,Secondary / Secondary Special,Married,Unknown,40,7,1,22,1
Unknown,90000,Unknown,Secondary / Secondary Special,Married,Medicine Staff,39,7,0,1,1
Female,450000,Unknown,Secondary / Secondary Special,Unknown,Unknown,52,2,0,18,1
Female,67500,Unknown,Secondary / Secondary Special,Single / Not Married,Medicine Staff,40,7,1,13,1
Unknown,108000,Working,Unknown,Married,Sales Staff,40,7,0,18,1
Unknown,675000,Unknown,Secondary / Secondary Special,Married,Managers,40,13,1,18,1
Unknown,279000,State Servant,Higher Education,Unknown,Core Staff,31,9,1,34,1
Unknown,180000,Working,Incomplete Higher,Unknown,Sales Staff,44,17,0,18,1
Female,135000,Commercial Associate,Secondary / Secondary Special,Unknown,Accountants,47,3,0,18,1
Male,157500,Working,Unknown,Unknown,Unknown,40,2,2,11,1
Unknown,315000,Working,Unknown,Married,Unknown,42,7,0,20,1
Unknown,315000,Working,Secondary / Secondary Special,Unknown,Unknown,40,12,0,18,1
Unknown,112500,State Servant,Unknown,Married,Unknown,51,18,0,18,1
Female,67500,Unknown,Unknown,Married,Core Staff,54,7,0,7,1
Female,720000,Unknown,Unknown,Separated,Managers,57,7,0,18,1
Unknown,180000,Commercial Associate,Secondary / Secondary Special,Married,Core Staff,48,21,0,32,1
Male,184500,State Servant,Unknown,Married,Managers,39,1,0,1,1
Female,360000,Unknown,Higher Education,Unknown,Core Staff,40,7,0,15,1
Male,171000,Working,Secondary / Secondary Special,Unknown,Core Staff,40,4,0,18,1
Female,360000,State Servant,Secondary / Secondary Special,Unknown,Medicine Staff,33,8,0,8,1
Unknown,202500,Working,Unknown,Unknown,Core Staff,44,7,0,18,1
Female,247500,Unknown,Unknown,Married,Accountants,40,7,0,13,1
Female,90000,Working,Secondary / Secondary Special,Unknown,Laborers,28,9,0,18,1
Female,247500,Working,Incomplete Higher,Unknown,Accountants,54,4,0,18,1
Female,130500,Working,Unknown,Unknown,Core Staff,40,16,0,18,1
Male,360000,Working,Higher Education,Married,Core Staff,42,4,0,18,1
Unknown,99000,Working,Secondary / Secondary Special,Single / Not Married,Laborers,57,1,0,32,1
Unknown,216000,Unknown,Higher Education,Married,Unknown,35,14,0,24,1
Female,99000,Unknown,Unknown,Married,Unknown,33,3,0,52,1
Male,90000,Working,Secondary / Secondary Special,Married,Drivers,51,7,0,18,1
Unknown,247500,Working,Secondary / Secondary Special,Married,Laborers,60,7,0,18,1
Unknown,180000,Working,Lower Secondary,Widow,Cleaning Staff,47,7,0,18,1
Female,180000,Unknown,Higher Education,Unknown,Unknown,53,7,0,18,1
Female,90000,Unknown,Unknown,Separated,Accountants,55,7,0,18,1
Unknown,202500,Working,Unknown,Unknown,Unknown,40,12,0,18,1
Male,202500,Working,Secondary / Secondary Special,Unknown,Drivers,53,11,0,18,1
Male,180000,Unknown,Secondary / Secondary Special,Unknown,Drivers,27,8,0,21,1
Female,180000,Commercial Associate,Secondary / Secondary Special,Married,Sales Staff,40,2,0,18,1
Female,81000,Working,Secondary / Secondary Special,Unknown,Sales Staff,33,8,0,18,1
Unknown,157500,Unknown,Secondary / Secondary Special,Unknown,Cleaning Staff,58,7,0,8,1
Female,247500,Unknown,Unknown,Separated,Accountants,37,4,0,5,1
Unknown,135000,Unknown,Secondary / Secondary Special,Unknown,Unknown,40,1,0,50,1
Female,180000,Unknown,Unknown,Unknown,Laborers,29,7,0,5,1
Unknown,112500,Unknown,Secondary / Secondary Special,Married,Unknown,48,11,0,18,1
Female,135000,State Servant,Unknown,Separated,Core Staff,40,26,0,46,1
Male,166500,Unknown,Unknown,Unknown,Laborers,52,18,0,7,1
Male,135000,Working,Secondary / Secondary Special,Married,Laborers,32,7,4,28,1
Female,90000,Commercial Associate,Secondary / Secondary Special,Married,Core Staff,40,2,0,20,1
Female,157500,Commercial Associate,Unknown,Unknown,Sales Staff,47,7,0,18,1
Male,360000,Working,Higher Education,Married,Unknown,61,11,0,43,1
Male,180000,Working,Unknown,Unknown,Laborers,48,1,0,18,1
Female,112500,Commercial Associate,Secondary / Secondary Special,Married,Laborers,37,7,0,18,1
Male,180000,Unknown,Secondary / Secondary Special,Married,Drivers,37,7,0,11,1
Female,225000,Unknown,Secondary / Secondary Special,Married,Cooking Staff,48,7,0,18,1
Female,225000,Unknown,Unknown,Married,Core Staff,34,11,0,13,1
Unknown,135000,Working,Secondary / Secondary Special,Unknown,Managers,45,7,0,42,1
Unknown,157500,Working,Higher Education,Married,Laborers,39,7,0,32,1
Male,157500,Commercial Associate,Higher Education,Married,Drivers,40,2,0,3,1
Female,90000,Working,Unknown,Married,Unknown,34,7,0,49,1
Male,135000,Working,Secondary / Secondary Special,Unknown,Drivers,40,3,0,23,1
Female,126000,Unknown,Secondary / Secondary Special,Married,High Skill Tech Staff,28,5,0,20,1
Female,135000,Unknown,Secondary / Secondary Special,Unknown,Core Staff,47,27,0,17,1
Female,157500,Working,Higher Education,Unknown,Managers,40,14,0,12,1
Unknown,112500,Unknown,Secondary / Secondary Special,Married,Sales Staff,45,10,0,10,1
Male,81000,Working,Secondary / Secondary Special,Married,Unknown,35,1,0,18,1
Female,175500,Working,Secondary / Secondary Special,Married,Sales Staff,40,9,0,16,1
Male,135000,Commercial Associate,Secondary / Secondary Special,Unknown,Unknown,34,7,0,18,1
Male,211500,Working,Secondary / Secondary Special,Married,Sales Staff,40,7,1,18,1
Female,292500,Working,Higher Education,Married,Unknown,40,7,0,8,1
Male,270000,Working,Incomplete Higher,Unknown,Unknown,40,3,0,18,1
Unknown,180000,Working,Unknown,Unknown,Medicine Staff,29,6,0,18,1
Unknown,202500,Working,Unknown,Unknown,Core Staff,35,7,0,18,1
Unknown,121500,Working,Secondary / Secondary Special,Civil Marriage,Unknown,35,2,0,49,1
Unknown,166500,Unknown,Higher Education,Single / Not Married,Unknown,34,12,0,18,1
Male,225000,Working,Secondary / Secondary Special,Unknown,Unknown,28,1,0,18,1
Male,67500,Unknown,Secondary / Secondary Special,Married,Unknown,40,2,0,9,1
Unknown,157500,Commercial Associate,Secondary / Secondary Special,Unknown,Laborers,50,2,0,36,1
Unknown,135000,Working,Secondary / Secondary Special,Married,Unknown,40,5,0,18,1
Unknown,157500,Commercial Associate,Secondary / Secondary Special,Unknown,Laborers,38,12,0,18,1
Male,270000,Unknown,Secondary / Secondary Special,Unknown,Unknown,45,7,0,18,1
Unknown,135000,Unknown,Secondary / Secondary Special,Married,Sales Staff,40,4,0,23,1
Female,112500,Working,Higher Education,Married,Laborers,34,9,0,18,1
Male,202500,Unknown,Secondary / Secondary Special,Unknown,Unknown,40,9,0,17,1
Male,337500,Unknown,Higher Education,Unknown,Laborers,65,21,0,12,1
Female,405000,Working,Higher Education,Unknown,Managers,49,7,0,18,1
Female,135000,Commercial Associate,Unknown,Married,Laborers,40,1,0,18,1
Female,297000,Commercial Associate,Unknown,Single / Not Married,Unknown,40,9,0,18,1
Unknown,112500,Unknown,Secondary / Secondary Special,Married,Unknown,44,4,0,19,1
Female,126000,Working,Unknown,Unknown,Core Staff,49,3,0,28,1
Male,202500,Working,Secondary / Secondary Special,Married,Managers,40,8,0,18,1
Female,112500,Unknown,Secondary / Secondary Special,Unknown,High Skill Tech Staff,50,7,0,18,1
Female,103500,Working,Secondary / Secondary Special,Married,Unknown,40,7,0,17,1
Female,67500,Working,Secondary / Secondary Special,Married,Unknown,40,10,0,18,1
Unknown,405000,Working,Secondary / Secondary Special,Married,Sales Staff,50,2,0,18,1
Unknown,630000,Working,Higher Education,Separated,Unknown,40,5,0,18,1
Female,292500,Unknown,Secondary / Secondary Special,Unknown,Laborers,40,16,0,18,1
Unknown,202500,Unknown,Unknown,Unknown,Core Staff,48,5,1,18,1
Unknown,202500,Working,Unknown,Married,Core Staff,40,7,0,20,1
Unknown,103500,Working,Secondary / Secondary Special,Married,Unknown,40,7,0,18,1
Unknown,90000,Working,Unknown,Unknown,Unknown,40,11,0,7,1
Female,90000,State Servant,Higher Education,Unknown,Core Staff,40,7,0,7,1
Female,180000,Unknown,Higher Education,Single / Not Married,Laborers,29,7,0,18,1
Male,112500,Working,Secondary / Secondary Special,Separated,Unknown,40,13,0,45,1
Unknown,67500,Unknown,Secondary / Secondary Special,Unknown,Security Staff,40,7,0,3,1
Female,211500,Working,Higher Education,Unknown,Unknown,35,7,0,35,1
Female,126000,State Servant,Secondary / Secondary Special,Separated,Unknown,58,8,0,9,1
Unknown,225000,Commercial Associate,Unknown,Unknown,Unknown,36,14,0,6,1
Female,135000,Working,Incomplete Higher,Separated,Sales Staff,40,2,0,48,1
Female,157500,Unknown,Unknown,Single / Not Married,Sales Staff,25,3,0,18,1
Male,270000,Unknown,Unknown,Married,Unknown,37,12,0,13,1
Male,202500,Working,Unknown,Married,Laborers,40,8,0,39,1
Unknown,180000,Commercial Associate,Secondary / Secondary Special,Married,Sales Staff,57,2,0,2,1
Male,202500,Unknown,Secondary / Secondary Special,Unknown,Unknown,48,5,0,33,1
Female,315000,Unknown,Higher Education,Married,Unknown,54,7,0,18,1
Unknown,261000,Unknown,Unknown,Unknown,Core Staff,40,8,0,31,1
Unknown,292500,Commercial Associate,Higher Education,Married,Managers,60,10,0,52,1
Female,157500,Unknown,Higher Education,Married,Unknown,44,2,0,3,1
Male,202500,State Servant,Higher Education,Unknown,Unknown,35,7,0,17,1
Female,40500,Unknown,Secondary / Secondary Special,Married,Cooking Staff,36,6,0,18,1
Unknown,90000,Working,Secondary / Secondary Special,Unknown,Laborers,40,1,0,26,1
Unknown,225000,Unknown,Unknown,Married,Core Staff,40,7,0,14,1
Male,225000,Unknown,Unknown,Unknown,Managers,40,10,0,18,1
Unknown,225000,Unknown,Unknown,Separated,Core Staff,41,5,0,18,1
Female,180000,Unknown,Unknown,Unknown,Unknown,40,7,0,8,1
Unknown,256500,Commercial Associate,Unknown,Married,Core Staff,59,7,0,18,1
Male,225000,State Servant,Unknown,Unknown,Unknown,40,10,0,13,1
Unknown,135000,Working,Secondary / Secondary Special,Married,Security Staff,40,4,0,18,1
Male,225000,Working,Higher Education,Civil Marriage,Laborers,46,9,0,10,1
Unknown,180000,Commercial Associate,Unknown,Unknown,Unknown,40,4,0,16,1
Unknown,450000,Commercial Associate,Higher Education,Unknown,Medicine Staff,40,6,0,23,1
Male,157500,Working,Secondary / Secondary Special,Unknown,Sales Staff,40,2,0,18,1
Unknown,135000,Unknown,Unknown,Unknown,Unknown,58,11,0,18,1
Unknown,405000,State Servant,Unknown,Married,Core Staff,42,13,0,18,1
Female,252000,State Servant,Higher Education,Unknown,Core Staff,40,7,0,10,1
Unknown,202500,Unknown,Higher Education,Unknown,Unknown,40,7,0,23,1
Unknown,297000,Commercial Associate,Secondary / Secondary Special,Single / Not Married,Unknown,43,7,1,20,1
Male,225000,Unknown,Unknown,Married,Laborers,52,3,3,11,1
Female,171000,Working,Secondary / Secondary Special,Married,Unknown,48,5,0,11,1
Female,202500,Commercial Associate,Unknown,Unknown,Unknown,40,7,0,18,1
Male,225000,Working,Secondary / Secondary Special,Married,Unknown,40,5,0,47,1
Unknown,180000,Commercial Associate,Secondary / Secondary Special,Unknown,Accountants,38,4,0,18,1
Female,117000,Working,Secondary / Secondary Special,Married,Unknown,40,4,0,8,1
Female,315000,Commercial Associate,Higher Education,Married,Managers,36,7,0,26,1
Unknown,562500,Unknown,Higher Education,Married,Managers,41,7,0,13,1
Unknown,225000,State Servant,Unknown,Civil Marriage,Unknown,40,24,0,37,1
Male,121500,Working,Secondary / Secondary Special,Unknown,Laborers,41,7,0,18,1
Unknown,153000,Working,Higher Education,Single / Not Married,Core Staff,30,2,0,5,1
Male,222750,Unknown,Unknown,Unknown,Drivers,40,4,0,54,1
Unknown,225000,Unknown,Secondary / Secondary Special,Unknown,Private Service Staff,35,7,0,9,1
Female,45000,Working,Unknown,Unknown,Laborers,30,12,0,26,1
Female,373500,Unknown,Secondary / Secondary Special,Widow,Accountants,57,5,1,18,1
Unknown,90000,Unknown,Secondary / Secondary Special,Married,Unknown,35,6,0,4,1
Male,252000,Unknown,Unknown,Unknown,Core Staff,60,22,0,18,1
Male,157500,Working,Secondary / Secondary Special,Married,Unknown,40,8,0,18,1
Unknown,202500,Unknown,Higher Education,Married,Unknown,36,7,0,22,1
Male,270000,Working,Unknown,Married,Core Staff,35,7,0,18,1
Unknown,292500,Unknown,Higher Education,Unknown,Core Staff,47,10,0,18,1
Male,135000,Unknown,Unknown,Single / Not Married,Unknown,29,7,0,16,1
Unknown,450000,Commercial Associate,Unknown,Unknown,Unknown,40,26,0,15,1
Female,180000,State Servant,Higher Education,Married,Unknown,40,10,0,18,1
Unknown,540000,Commercial Associate,Unknown,Married,Managers,40,7,0,18,1
Unknown,135000,Unknown,Higher Education,Civil Marriage,Core Staff,40,1,0,18,1
Male,315000,Unknown,Unknown,Married,Laborers,40,7,0,18,1
Unknown,112500,Working,Secondary / Secondary Special,Civil Marriage,Unknown,40,7,0,18,1
Unknown,126000,Working,Higher Education,Unknown,High Skill Tech Staff,40,7,0,18,1
Unknown,315000,Commercial Associate,Higher Education,Married,Unknown,40,7,0,32,1
Unknown,270000,Working,Secondary / Secondary Special,Married,High Skill Tech Staff,50,7,0,18,1
Unknown,225000,Working,Secondary / Secondary Special,Married,Managers,41,3,0,21,1
Female,117000,Working,Secondary / Secondary Special,Unknown,Sales Staff,37,4,0,18,1
Unknown,270000,Working,Higher Education,Unknown,Managers,40,10,0,18,1
Female,117000,Unknown,Higher Education,Unknown,Cleaning Staff,52,7,0,18,1
Male,157500,Unknown,Secondary / Secondary Special,Unknown,Laborers,42,4,0,18,1
Unknown,135000,Working,Unknown,Married,Sales Staff,40,7,0,20,1
Unknown,135000,Working,Secondary / Secondary Special,Married,Laborers,33,6,0,7,1
Female,180000,Unknown,Secondary / Secondary Special,Unknown,Sales Staff,30,11,0,18,1
Male,135000,Unknown,Unknown,Married,Drivers,40,3,0,4,1
Unknown,270000,Commercial Associate,Higher Education,Unknown,Private Service Staff,40,9,0,18,1
Unknown,76500,Working,Higher Education,Married,Sales Staff,40,7,0,18,1
Unknown,180000,State Servant,Higher Education,Unknown,Unknown,40,7,0,5,1
Male,112500,Working,Secondary / Secondary Special,Unknown,Unknown,48,4,1,32,1
Female,247500,Working,Unknown,Married,Managers,36,7,0,15,1
Female,202500,Unknown,Unknown,Unknown,Unknown,40,7,0,18,1
Female,135000,Commercial Associate,Incomplete Higher,Married,Core Staff,27,6,0,6,1
Unknown,247500,Unknown,Higher Education,Unknown,Sales Staff,33,7,0,38,1
Unknown,112500,Commercial Associate,Unknown,Civil Marriage,Unknown,29,9,0,8,1
Unknown,135000,Unknown,Higher Education,Single / Not Married,Cooking Staff,38,1,0,24,1
Male,472500,Working,Unknown,Married,Managers,40,7,0,18,1
Female,202500,Unknown,Secondary / Secondary Special,Unknown,Medicine Staff,47,7,0,4,1
Unknown,315000,Working,Secondary / Secondary Special,Married,Unknown,40,11,8,18,1
Unknown,157500,Unknown,Higher Education,Unknown,Sales Staff,32,7,0,17,1
Male,126000,Unknown,Unknown,Unknown,Laborers,56,5,0,8,1
Male,135000,Commercial Associate,Unknown,Married,Laborers,30,7,0,18,1
Unknown,270000,Unknown,Secondary / Secondary Special,Married,Unknown,51,17,0,30,1
Female,126000,Unknown,Higher Education,Married,Managers,34,7,0,44,1
Male,162000,Working,Unknown,Unknown,Unknown,40,7,0,44,1
Female,94500,Working,Secondary / Secondary Special,Civil Marriage,Unknown,40,7,0,18,1
Unknown,180000,Working,Higher Education,Separated,Unknown,40,5,0,7,1
Female,189000,Working,Secondary / Secondary Special,Married,Sales Staff,30,7,0,18,1
Male,243000,State Servant,Higher Education,Unknown,Unknown,29,1,0,18,1
Male,135000,Unknown,Unknown,Married,Laborers,30,8,0,18,1
Male,135000,Working,Unknown,Single / Not Married,Laborers,47,2,0,18,1
Unknown,270000,Unknown,Secondary / Secondary Special,Unknown,Unknown,33,7,0,27,1
Unknown,675000,Unknown,Unknown,Married,Unknown,38,4,1,18,1
Unknown,315000,Commercial Associate,Unknown,Unknown,High Skill Tech Staff,38,7,0,25,1
Unknown,675000,Commercial Associate,Higher Education,Unknown,Managers,40,7,0,33,1
Unknown,112500,Working,Unknown,Civil Marriage,Cooking Staff,40,4,1,18,1
Unknown,45000,State Servant,Secondary / Secondary Special,Unknown,Core Staff,51,11,0,5,1
Unknown,270000,Unknown,Secondary / Secondary Special,Married,Unknown,51,7,0,49,1
Male,90000,Working,Secondary / Secondary Special,Single / Not Married,Laborers,40,7,0,18,1
Female,337500,Commercial Associate,Unknown,Unknown,Unknown,40,7,1,19,1
Female,90000,Unknown,Secondary / Secondary Special,Unknown,Core Staff,53,7,0,51,1
Unknown,67500,Working,Unknown,Married,Core Staff,40,1,0,52,1
Female,54000,Unknown,Secondary / Secondary Special,Civil Marriage,Unknown,40,5,0,40,1
Male,135000,Unknown,Higher Education,Unknown,Laborers,32,7,0,18,1
Unknown,108000,Commercial Associate,Unknown,Civil Marriage,Sales Staff,40,7,0,18,1
Unknown,225000,Working,Secondary / Secondary Special,Unknown,Unknown,34,7,0,18,1
Unknown,81000,Working,Higher Education,Unknown,Sales Staff,40,7,0,23,1
Female,225000,Commercial Associate,Higher Education,Single / Not Married,Core Staff,40,7,0,3,1
Unknown,135000,Commercial Associate,Secondary / Secondary Special,Unknown,Unknown,38,7,0,12,1
Unknown,90000,Unknown,Unknown,Unknown,Drivers,39,7,0,18,1
Female,180000,Working,Higher Education,Separated,Hr Staff,42,5,0,33,1
Unknown,180000,Unknown,Secondary / Secondary Special,Unknown,Unknown,52,7,0,58,1
Male,450000,Commercial Associate,Secondary / Secondary Special,Unknown,Unknown,40,4,0,18,1
Female,225000,Unknown,Secondary / Secondary Special,Married,Unknown,40,5,0,18,1
Unknown,216000,Working,Higher Education,Married,Sales Staff,40,7,0,18,1
Male,270000,Unknown,Secondary / Secondary Special,Unknown,Realty Agents,40,7,0,18,1
Female,180000,Commercial Associate,Secondary / Secondary Special,Unknown,High Skill Tech Staff,40,7,0,6,1
Female,157500,Working,Higher Education,Married,Unknown,39,7,0,2,1
Unknown,225000,Unknown,Higher Education,Married,Unknown,46,10,0,37,1
Female,247500,Unknown,Unknown,Unknown,Managers,40,2,0,8,1
Male,117000,Unknown,Unknown,Unknown,Unknown,40,15,0,18,1
Female,315000,Commercial Associate,Higher Education,Unknown,Unknown,40,7,0,26,1
Female,135000,Commercial Associate,Unknown,Unknown,Unknown,41,3,0,18,1
Unknown,157500,Unknown,Unknown,Married,Core Staff,34,7,0,34,1
Male,180000,Unknown,Secondary / Secondary Special,Married,Drivers,40,5,0,18,1
Female,90000,Working,Unknown,Unknown,Laborers,40,7,0,18,1
Male,180000,Unknown,Unknown,Married,Private Service Staff,40,7,0,2,1
Female,315000,Working,Unknown,Separated,Laborers,40,7,0,17,1
Female,135000,Working,Secondary / Secondary Special,Unknown,Unknown,28,7,0,12,1
Unknown,270000,Unknown,Secondary / Secondary Special,Unknown,Unknown,44,7,0,12,1
Unknown,90000,State Servant,Secondary / Secondary Special,Married,Core Staff,40,7,0,18,1
Female,130500,Working,Unknown,Unknown,Unknown,42,14,0,18,1
Unknown,180000,Working,Secondary / Secondary Special,Unknown,Unknown,33,7,0,18,1
Female,135000,Unknown,Secondary / Secondary Special,Civil Marriage,Cleaning Staff,40,3,0,16,1
Female,103500,Unknown,Unknown,Married,Unknown,40,8,1,10,1
Unknown,135000,Unknown,Higher Education,Unknown,High Skill Tech Staff,40,15,0,29,1
Unknown,202500,Working,Higher Education,Unknown,High Skill Tech Staff,42,11,3,18,1
Unknown,67500,Commercial Associate,Unknown,Unknown,Unknown,40,7,0,18,1
Unknown,103500,Unknown,Unknown,Married,Laborers,56,5,0,2,1
Unknown,112500,Unknown,Secondary / Secondary Special,Married,Medicine Staff,40,7,0,18,1
Unknown,144000,Unknown,Higher Education,Married,Unknown,40,2,0,26,1
Male,225000,Working,Unknown,Civil Marriage,Unknown,45,8,0,31,1
Unknown,135000,Working,Unknown,Unknown,Unknown,32,2,0,2,1
Unknown,180000,Unknown,Secondary / Secondary Special,Single / Not Married,Unknown,40,8,0,27,1
Female,225000,Unknown,Unknown,Single / Not Married,Sales Staff,40,1,0,9,1
Unknown,180000,Commercial Associate,Secondary / Secondary Special,Separated,Laborers,40,7,0,22,1
Female,202500,Working,Secondary / Secondary Special,Married,High Skill Tech Staff,42,16,0,18,1
Unknown,99000,State Servant,Higher Education,Unknown,Laborers,40,7,0,40,1
Male,202500,Unknown,Secondary / Secondary Special,Married,Unknown,27,7,0,11,1
Female,112500,Unknown,Secondary / Secondary Special,Married,Medicine Staff,59,3,0,18,1
Male,157500,Working,Secondary / Secondary Special,Married,Laborers,60,10,0,18,1
Male,270000,Working,Unknown,Unknown,Unknown,28,7,0,18,1
Female,360000,Unknown,Higher Education,Unknown,Sales Staff,41,7,0,30,1
Female,135000,Commercial Associate,Higher Education,Unknown,Accountants,33,7,0,8,1
Unknown,157500,Unknown,Unknown,Unknown,Laborers,36,7,0,26,1
Unknown,144000,Working,Unknown,Married,Drivers,60,9,0,53,1
Female,157500,Commercial Associate,Secondary / Secondary Special,Married,Unknown,40,7,0,32,1
Unknown,315000,Unknown,Secondary / Secondary Special,Married,Unknown,40,12,0,18,1
Unknown,315000,Unknown,Secondary / Secondary Special,Civil Marriage,Unknown,40,6,0,16,1
Female,315000,Commercial Associate,Higher Education,Married,Sales Staff,45,1,0,18,1
Unknown,540000,Unknown,Higher Education,Married,Laborers,48,7,0,35,1
Female,157500,Unknown,Secondary / Secondary Special,Unknown,Sales Staff,51,5,0,18,1
Unknown,135000,Working,Unknown,Unknown,Accountants,38,2,0,18,1
Unknown,180000,Commercial Associate,Unknown,Married,Unknown,39,7,0,18,1
Female,180000,Working,Secondary / Secondary Special,Unknown,Unknown,40,7,0,18,1
Male,157500,Commercial Associate,Higher Education,Unknown,Unknown,26,1,0,7,1
Unknown,225000,Commercial Associate,Unknown,Married,Drivers,49,7,0,18,1
Unknown,90000,Commercial Associate,Secondary / Secondary Special,Married,Sales Staff,53,7,0,5,1
Unknown,112500,Commercial Associate,Secondary / Secondary Special,Married,Sales Staff,34,7,1,18,1
Female,360000,Unknown,Unknown,Unknown,Core Staff,31,11,0,48,1
Female,90000,Working,Secondary / Secondary Special,Civil Marriage,Medicine Staff,40,4,0,12,1
Female,225000,Unknown,Unknown,Married,Medicine Staff,40,14,0,47,1
Male,229500,Unknown,Secondary / Secondary Special,Unknown,Drivers,46,4,0,20,1
Unknown,135000,Unknown,Secondary / Secondary Special,Unknown,Laborers,35,3,0,33,1
Unknown,180000,Unknown,Higher Education,Single / Not Married,Unknown,38,7,0,49,1
Male,261000,Working,Secondary / Secondary Special,Unknown,Laborers,40,15,0,24,1
Male,180000,Unknown,Unknown,Married,Unknown,40,6,0,8,1
Unknown,171000,Unknown,Unknown,Unknown,Unknown,31,7,0,14,1
Male,135000,Working,Secondary / Secondary Special,Unknown,Unknown,38,20,0,18,1
Unknown,180000,Working,Unknown,Unknown,Sales Staff,35,9,0,2,1
Female,135000,Working,Unknown,Married,Core Staff,42,18,0,35,1
Male,247500,State Servant,Secondary / Secondary Special,Married,Managers,33,10,0,47,1
Unknown,315000,Working,Unknown,Married,Medicine Staff,36,7,0,30,1
Unknown,130500,Working,Secondary / Secondary Special,Unknown,Core Staff,38,16,0,6,1
Female,252000,Unknown,Higher Education,Unknown,Accountants,48,7,0,31,1
Unknown,135000,Working,Unknown,Unknown,Unknown,37,8,0,20,1
Male,157500,Working,Secondary / Secondary Special,Married,Security Staff,40,7,0,18,1
Male,247500,Working,Unknown,Married,Laborers,40,7,0,31,1
Male,405000,Unknown,Unknown,Married,Drivers,40,4,0,18,1
Unknown,103500,Working,Secondary / Secondary Special,Unknown,Accountants,40,5,0,29,1
Unknown,270000,Commercial Associate,Unknown,Unknown,Core Staff,37,1,0,24,1
Unknown,360000,Commercial Associate,Unknown,Married,Accountants,46,9,0,26,1
Female,67500,Working,Unknown,Unknown,Unknown,40,7,0,35,1
Unknown,112500,State Servant,Unknown,Unknown,Medicine Staff,30,5,0,21,1
Unknown,202500,Working,Secondary / Secondary Special,Unknown,Accountants,49,5,0,18,1
Female,90000,Working,Unknown,Unknown,Laborers,35,7,0,18,1
Female,315000,Working,Secondary / Secondary Special,Unknown,Private Service Staff,40,31,0,4,1
Female,135000,Unknown,Secondary / Secondary Special,Single / Not Married,Laborers,40,7,0,2,1
Male,225000,Working,Higher Education,Married,Sales Staff,29,7,0,18,1
Unknown,180000,Unknown,Secondary / Secondary Special,Married,Managers,28,3,0,18,1
Unknown,202500,Working,Secondary / Secondary Special,Married,High Skill Tech Staff,42,7,0,1,1
Female,157500,Unknown,Secondary / Secondary Special,Unknown,Unknown,40,6,0,9,1
Male,585000,Unknown,Secondary / Secondary Special,Unknown,Drivers,46,7,0,43,1
Female,252000,Unknown,Secondary / Secondary Special,Married,Medicine Staff,51,7,0,13,1
Unknown,180000,Commercial Associate,Higher Education,Married,Laborers,27,8,0,18,1
Unknown,112500,Commercial Associate,Higher Education,Civil Marriage,Core Staff,29,9,0,8,1
Male,247500,Unknown,Secondary / Secondary Special,Unknown,Laborers,42,7,0,10,1
Female,225000,Unknown,Secondary / Secondary Special,Widow,Sales Staff,40,6,0,27,1
Female,202500,Commercial Associate,Unknown,Unknown,Accountants,40,20,8,33,1
Female,90000,Commercial Associate,Secondary / Secondary Special,Married,Core Staff,42,2,0,18,1
Unknown,112500,Unknown,Secondary / Secondary Special,Unknown,Laborers,40,5,0,18,1
Unknown,247500,Unknown,Secondary / Secondary Special,Married,Unknown,44,13,0,18,1
Male,112500,Unknown,Secondary / Secondary Special,Unknown,Core Staff,32,3,0,8,1
Female,180000,Commercial Associate,Higher Education,Married,Core Staff,40,1,0,9,1
Female,135000,Unknown,Secondary / Secondary Special,Unknown,Sales Staff,41,7,0,18,1
Female,126000,Commercial Associate,Unknown,Married,Unknown,28,7,0,6,1
Unknown,145350,Unknown,Unknown,Married,Laborers,25,1,0,24,1
Male,190400,Unknown,Secondary / Secondary Special,Married,Unknown,29,7,0,12,1
Female,202500,Working,Unknown,Unknown,Unknown,42,15,0,39,1
Female,157500,Working,Secondary / Secondary Special,Separated,Laborers,40,1,0,41,1
Female,202500,Working,Unknown,Unknown,Core Staff,40,3,0,33,1
Unknown,112500,Working,Secondary / Secondary Special,Unknown,Unknown,40,7,0,28,1
Female,157500,Working,Higher Education,Separated,Unknown,52,10,0,18,1
Female,157500,Commercial Associate,Unknown,Unknown,Unknown,39,7,0,27,1
Male,180000,Unknown,Secondary / Secondary Special,Unknown,Unknown,40,3,0,2,1
Unknown,60750,Commercial Associate,Unknown,Married,Unknown,30,7,0,59,1
Female,157500,State Servant,Unknown,Married,Core Staff,32,3,0,18,1
Unknown,157500,Working,Unknown,Married,Unknown,40,7,0,18,1
Unknown,391500,Working,Unknown,Single / Not Married,Sales Staff,26,2,7,15,1
Female,630000,Working,Unknown,Separated,Unknown,40,5,0,36,1
Unknown,382500,Unknown,Secondary / Secondary Special,Unknown,Managers,40,15,0,18,1
Unknown,180000,Commercial Associate,Secondary / Secondary Special,Single / Not Married,Cooking Staff,29,7,0,18,1
Unknown,135000,Working,Unknown,Single / Not Married,Cleaning Staff,40,7,0,18,1
Unknown,252000,Unknown,Unknown,Married,Medicine Staff,51,7,0,6,1
Unknown,117000,Unknown,Secondary / Secondary Special,Married,Sales Staff,37,7,1,16,1
Female,45000,Unknown,Unknown,Married,Sales Staff,44,4,0,24,1
Male,90000,Working,Secondary / Secondary Special,Married,Core Staff,40,7,0,14,1
Unknown,202500,Commercial Associate,Higher Education,Unknown,Sales Staff,26,1,1,18,1
Unknown,225000,Commercial Associate,Secondary / Secondary Special,Single / Not Married,Managers,48,8,0,22,1
Unknown,157500,State Servant,Unknown,Single / Not Married,Waiters/Barmen Staff,40,4,0,2,1
Male,135000,State Servant,Secondary / Secondary Special,Unknown,Unknown,39,7,0,18,1
Male,315000,Working,Secondary / Secondary Special,Unknown,Unknown,40,7,0,5,1
Unknown,315000,State Servant,Unknown,Separated,Unknown,34,1,0,37,1
Unknown,315000,Unknown,Unknown,Unknown,Unknown,40,2,0,12,1
Female,121500,State Servant,Higher Education,Married,Secretaries,40,7,0,8,1
Female,202500,Working,Secondary / Secondary Special,Single / Not Married,Medicine Staff,57,36,0,18,1
Unknown,225000,Unknown,Higher Education,Unknown,Unknown,40,7,0,18,1
Female,202500,Unknown,Secondary / Secondary Special,Unknown,Unknown,40,7,0,18,1
Male,180000,Unknown,Unknown,Married,Private Service Staff,40,7,0,2,1
Male,254700,Unknown,Unknown,Unknown,Laborers,48,25,0,42,1
Female,292500,Commercial Associate,Higher Education,Married,Unknown,51,10,0,18,1
Male,157500,Working,Secondary / Secondary Special,Civil Marriage,Unknown,40,4,0,13,1
Female,76500,Working,Unknown,Married,Cooking Staff,49,7,0,13,1
Unknown,85500,Unknown,Unknown,Married,Core Staff,40,19,13,32,1
Unknown,112500,Working,Secondary / Secondary Special,Married,Cooking Staff,35,5,0,18,1
Unknown,126000,Working,Unknown,Unknown,Unknown,63,7,0,10,1
Unknown,76500,Working,Secondary / Secondary Special,Married,Laborers,57,7,0,18,1
Female,112500,State Servant,Secondary / Secondary Special,Married,Unknown,50,7,0,18,1
Unknown,135000,Unknown,Unknown,Unknown,Laborers,40,2,0,18,1
Male,405000,Unknown,Unknown,Married,Drivers,40,4,0,18,1
Male,292500,Unknown,Unknown,Married,Core Staff,47,10,0,24,1
Unknown,157500,Working,Secondary / Secondary Special,Married,Accountants,40,8,0,59,1
Unknown,112500,Working,Secondary / Secondary Special,Civil Marriage,Core Staff,40,7,0,18,1
Male,117000,Unknown,Secondary / Secondary Special,Civil Marriage,Laborers,47,15,0,18,1
Female,112500,Unknown,Unknown,Widow,Unknown,40,9,0,21,1
Female,99000,Unknown,Unknown,Unknown,Unknown,40,3,0,18,1
Male,157500,Commercial Associate,Secondary / Secondary Special,Married,Unknown,40,7,0,18,1
Unknown,270000,Unknown,Higher Education,Unknown,Laborers,40,9,0,37,1
Female,108000,Unknown,Unknown,Married,Sales Staff,40,1,0,23,1
Female,180000,State Servant,Unknown,Unknown,Unknown,41,11,0,18,1
Male,180000,Working,Unknown,Married,Laborers,31,7,0,16,1
Female,112500,Unknown,Secondary / Secondary Special,Civil Marriage,Medicine Staff,40,17,0,16,1
Male,247500,Working,Incomplete Higher,Separated,Unknown,29,5,0,12,1
Unknown,157500,Unknown,Incomplete Higher,Married,Core Staff,40,7,0,18,1
Female,180000,Unknown,Unknown,Married,Unknown,45,17,0,8,1
Male,202500,Unknown,Secondary / Secondary Special,Unknown,Unknown,49,7,0,20,1
Unknown,202500,Unknown,Secondary / Secondary Special,Married,Unknown,32,8,0,22,1
Male,135000,Working,Secondary / Secondary Special,Unknown,Drivers,27,3,0,44,1
Female,144000,Unknown,Unknown,Married,Medicine Staff,47,14,0,18,1
Unknown,225000,Working,Secondary / Secondary Special,Married,Unknown,29,7,0,16,1
Unknown,171000,Working,Unknown,Single / Not Married,Unknown,40,6,0,41,1
Male,90000,Working,Secondary / Secondary Special,Married,Laborers,40,16,0,1,1
Unknown,135000,Unknown,Secondary / Secondary Special,Married,Security Staff,40,9,0,17,1
Male,135000,Unknown,Unknown,Married,Unknown,40,7,0,20,1
Female,225000,Working,Higher Education,Married,Managers,45,9,0,16,1
Female,180000,Unknown,Higher Education,Married,Unknown,42,1,0,18,1
Male,157500,Unknown,Higher Education,Unknown,Managers,40,4,0,18,1
Unknown,193500,Unknown,Unknown,Single / Not Married,Unknown,40,7,0,18,1
Unknown,130500,Unknown,Secondary / Secondary Special,Unknown,Unknown,32,8,0,13,1
Unknown,67500,Unknown,Secondary / Secondary Special,Unknown,Unknown,43,5,0,18,1
Unknown,67500,Unknown,Secondary / Secondary Special,Separated,Sales Staff,38,9,0,39,1
Female,112500,Unknown,Unknown,Married,Medicine Staff,40,13,0,18,1
Unknown,157500,Working,Secondary / Secondary Special,Unknown,Unknown,39,10,0,18,1
Female,54000,Working,Secondary / Secondary Special,Unknown,Unknown,40,7,0,2,1
Female,225000,Working,Unknown,Civil Marriage,Unknown,40,2,0,18,1
Unknown,112500,Unknown,Unknown,Married,Unknown,41,2,0,51,1
Unknown,247500,Working,Unknown,Unknown,Drivers,40,8,0,18,1
Unknown,202500,Unknown,Unknown,Unknown,Drivers,40,7,0,13,1
Unknown,126000,Commercial Associate,Secondary / Secondary Special,Married,Core Staff,28,2,0,18,1
Female,225000,Working,Higher Education,Unknown,Managers,40,10,0,14,1
Unknown,112500,Commercial Associate,Secondary / Secondary Special,Married,Sales Staff,40,7,0,18,1
Female,112500,Working,Unknown,Married,Core Staff,40,3,0,8,1
Unknown,202500,Commercial Associate,Higher Education,Single / Not Married,Core Staff,68,7,0,15,1
Female,112500,Working,Secondary / Secondary Special,Married,Unknown,40,11,0,4,1
Unknown,225000,Working,Higher Education,Unknown,Core Staff,34,11,0,13,1
Male,247500,State Servant,Unknown,Single / Not Married,High Skill Tech Staff,40,7,0,18,1
Unknown,121500,Unknown,Secondary / Secondary Special,Married,Unknown,40,26,2,18,1
Unknown,292500,Commercial Associate,Higher Education,Married,High Skill Tech Staff,40,7,0,23,1
Female,216000,Working,Secondary / Secondary Special,Unknown,Unknown,50,18,0,54,1
Female,58500,Unknown,Secondary / Secondary Special,Unknown,Unknown,40,17,0,16,1
Unknown,247500,Unknown,Secondary / Secondary Special,Unknown,Unknown,39,9,0,18,1
Unknown,144000,Unknown,Higher Education,Unknown,Unknown,40,2,0,58,1
Female,90000,Working,Higher Education,Unknown,Unknown,33,7,0,7,1
Female,76500,Unknown,Unknown,Unknown,Laborers,40,6,0,6,1
Female,157500,Working,Unknown,Single / Not Married,Unknown,40,22,0,15,1
Male,225000,Commercial Associate,Unknown,Civil Marriage,Unknown,37,1,0,43,1
Male,225000,Working,Higher Education,Married,Drivers,40,7,0,18,1
Female,157500,Working,Incomplete Higher,Single / Not Married,Unknown,40,2,0,18,1
Male,270000,Unknown,Unknown,Married,Laborers,29,7,1,18,1
Unknown,202500,Commercial Associate,Unknown,Civil Marriage,Unknown,38,7,0,18,1
Female,135000,Commercial Associate,Incomplete Higher,Unknown,Unknown,49,1,0,48,1
Male,247500,Commercial Associate,Higher Education,Civil Marriage,Unknown,40,7,0,21,1
Female,112500,Unknown,Secondary / Secondary Special,Married,Laborers,42,1,0,18,1
Unknown,72000,Unknown,Secondary / Secondary Special,Unknown,Unknown,26,7,0,18,1
Unknown,157500,Working,Secondary / Secondary Special,Married,Laborers,35,8,0,18,1
Female,180000,Unknown,Higher Education,Unknown,Unknown,40,7,0,18,1
Female,202500,State Servant,Unknown,Separated,Core Staff,37,7,0,18,1
Unknown,315000,Working,Unknown,Married,Laborers,35,4,0,18,1
Unknown,112500,Working,Secondary / Secondary Special,Unknown,Sales Staff,40,7,0,25,1
Female,247500,Unknown,Secondary / Secondary Special,Unknown,Laborers,45,14,0,18,1
Male,135000,Unknown,Unknown,Single / Not Married,Unknown,24,3,0,4,1
Unknown,180000,Working,Unknown,Unknown,Laborers,41,14,0,17,1
Unknown,144000,Unknown,Secondary / Secondary Special,Unknown,Cleaning Staff,51,3,0,11,1
Female,180000,Unknown,Unknown,Unknown,Managers,40,15,0,42,1
Female,166500,Working,Incomplete Higher,Married,Unknown,40,7,0,18,1
Unknown,180000,Working,Unknown,Unknown,Unknown,23,3,0,3,1
Female,135000,Working,Unknown,Married,Unknown,40,9,0,17,1
Male,148500,State Servant,Secondary / Secondary Special,Married,Drivers,40,6,0,20,1
Unknown,135000,Working,Unknown,Married,Laborers,52,11,0,18,1
Female,135000,Working,Secondary / Secondary Special,Unknown,Laborers,47,23,0,18,1
Female,67500,Unknown,Higher Education,Married,Unknown,38,15,0,18,1
Female,112500,Unknown,Unknown,Married,Unknown,40,7,0,18,1
Male,90000,Working,Unknown,Married,Drivers,40,7,0,48,1
Female,90000,Unknown,Unknown,Married,Core Staff,23,2,0,5,1
Unknown,225000,Unknown,Secondary / Secondary Special,Married,Unknown,42,3,0,18,1
Female,121500,Unknown,Unknown,Married,Managers,54,2,0,28,1
Unknown,225000,Unknown,Secondary / Secondary Special,Married,Drivers,47,7,0,15,1
Male,247500,Commercial Associate,Unknown,Married,Drivers,48,7,0,6,1
Unknown,243000,Working,Secondary / Secondary Special,Unknown,Unknown,40,5,0,18,1
Female,90000,Commercial Associate,Secondary / Secondary Special,Married,Core Staff,42,2,0,18,1
Male,180000,Unknown,Unknown,Unknown,Unknown,39,5,0,38,1
Female,90000,Unknown,Secondary / Secondary Special,Married,Laborers,45,11,0,18,1
Female,67500,Commercial Associate,Unknown,Married,Unknown,40,7,0,8,1
Unknown,108000,State Servant,Secondary / Secondary Special,Unknown,Core Staff,39,9,0,53,1
Male,225000,Unknown,Unknown,Married,Unknown,30,2,0,9,1
Male,247500,Working,Unknown,Married,Unknown,39,5,0,17,1
Unknown,135000,Unknown,Unknown,Unknown,Sales Staff,40,7,0,15,1
Unknown,270000,Commercial Associate,Secondary / Secondary Special,Widow,Core Staff,37,7,0,9,1
Male,180000,Working,Unknown,Unknown,Laborers,42,7,0,18,1
Female,135000,Working,Unknown,Married,Laborers,40,5,0,40,1
Unknown,292500,Working,Unknown,Married,Unknown,40,25,0,45,1
Male,99000,Unknown,Higher Education,Married,Managers,28,2,0,18,1
Male,450000,Commercial Associate,Unknown,Single / Not Married,Managers,29,7,1,12,1
Unknown,256500,Commercial Associate,Higher Education,Unknown,Core Staff,40,7,0,26,1
Unknown,225000,Unknown,Secondary / Secondary Special,Widow,Unknown,40,7,0,18,1
Unknown,112500,Working,Higher Education,Married,Core Staff,25,5,0,33,1
Unknown,315000,Commercial Associate,Unknown,Unknown,High Skill Tech Staff,40,5,0,8,1
Male,382500,Working,Unknown,Unknown,Managers,40,8,0,12,1
Female,135000,Working,Unknown,Single / Not Married,Laborers,40,7,0,18,1
Female,180000,Unknown,Unknown,Civil Marriage,Medicine Staff,29,6,0,20,1
Male,346500,Commercial Associate,Unknown,Married,Unknown,40,7,0,12,1
Female,135000,Commercial Associate,Secondary / Secondary Special,Married,Unknown,40,7,0,18,1
Unknown,112500,Unknown,Unknown,Married,Core Staff,41,6,0,4,1
Male,179100,Unknown,Unknown,Married,Unknown,45,3,0,18,1
Male,315000,Unknown,Unknown,Married,Unknown,36,12,0,35,1
Male,180000,Working,Secondary / Secondary Special,Unknown,Unknown,36,14,0,10,1
Unknown,225000,Unknown,Unknown,Married,Laborers,33,5,0,18,1
Female,112500,Working,Unknown,Unknown,Unknown,33,7,0,25,1
Male,157500,Commercial Associate,Unknown,Civil Marriage,Security Staff,41,7,0,31,1
Unknown,202500,Unknown,Higher Education,Single / Not Married,Unknown,40,5,0,18,1
Unknown,81000,Working,Unknown,Married,Sales Staff,40,9,0,18,1
Male,135000,Working,Secondary / Secondary Special,Unknown,Laborers,45,7,0,6,1
Unknown,306000,Unknown,Secondary / Secondary Special,Married,Laborers,54,2,0,18,1
Unknown,180000,Working,Unknown,Married,Sales Staff,40,7,0,47,1
Unknown,180000,Commercial Associate,Unknown,Married,Laborers,40,5,0,18,1
Unknown,180000,Unknown,Secondary / Secondary Special,Unknown,Sales Staff,40,9,0,18,1
Female,247500,Unknown,Secondary / Secondary Special,Civil Marriage,Laborers,45,14,0,18,1
Unknown,360000,Unknown,Unknown,Civil Marriage,Managers,33,7,0,16,1
Female,387000,Working,Higher Education,Married,Managers,40,7,0,18,1
Unknown,157500,Unknown,Unknown,Married,Accountants,40,7,1,11,1
Unknown,112500,Working,Secondary / Secondary Special,Married,Unknown,40,12,0,18,1
Unknown,135000,Commercial Associate,Higher Education,Married,Unknown,33,11,0,24,1
Female,135000,Working,Secondary / Secondary Special,Married,Unknown,67,7,0,18,1
Female,90000,Unknown,Secondary / Secondary Special,Unknown,Unknown,40,7,0,10,1
Unknown,157500,Commercial Associate,Unknown,Married,Unknown,40,2,0,18,1
Female,180000,Unknown,Secondary / Secondary Special,Unknown,Sales Staff,29,8,0,24,1
Unknown,270000,Unknown,Unknown,Civil Marriage,Medicine Staff,40,15,0,8,1
Male,180000,Unknown,Higher Education,Married,Sales Staff,30,7,0,15,1
Female,315000,State Servant,Unknown,Unknown,Core Staff,31,7,1,18,1
Unknown,112500,Unknown,Higher Education,Civil Marriage,Unknown,55,7,0,20,1
Male,157500,Working,Secondary / Secondary Special,Married,Laborers,29,1,0,6,1
Unknown,360000,Commercial Associate,Secondary / Secondary Special,Married,Managers,40,11,0,18,1
Unknown,157500,Commercial Associate,Unknown,Married,Drivers,40,7,0,44,1
Female,180000,Working,Secondary / Secondary Special,Single / Not Married,Cooking Staff,41,7,0,18,1
Female,270000,Unknown,Unknown,Unknown,Core Staff,40,8,0,12,1
Female,135000,Unknown,Secondary / Secondary Special,Unknown,Medicine Staff,53,33,0,1,1
Female,90000,Unknown,Secondary / Secondary Special,Single / Not Married,Unknown,40,7,0,13,1
Male,157500,Working,Secondary / Secondary Special,Unknown,Drivers,42,7,0,18,1
Female,103500,Working,Unknown,Unknown,Unknown,33,4,0,18,1
Unknown,225000,Commercial Associate,Unknown,Unknown,Accountants,33,1,1,18,1
Female,135000,Unknown,Secondary / Secondary Special,Single / Not Married,Sales Staff,48,8,0,34,1
Unknown,405000,Commercial Associate,Unknown,Unknown,Laborers,51,10,0,18,1
Male,225000,Unknown,Higher Education,Unknown,Managers,36,7,0,18,1
Unknown,225000,Unknown,Secondary / Secondary Special,Married,Laborers,40,7,0,18,1
Female,112500,Working,Secondary / Secondary Special,Married,Sales Staff,40,7,0,1,1
Unknown,157500,State Servant,Higher Education,Married,Core Staff,46,7,0,18,1
Male,229500,Working,Secondary / Secondary Special,Unknown,Drivers,46,4,0,28,1
Unknown,292500,Unknown,Unknown,Unknown,Medicine Staff,40,39,0,18,1
Female,202500,Working,Secondary / Secondary Special,Married,Sales Staff,33,7,0,18,1
Female,67500,Unknown,Secondary / Secondary Special,Unknown,Unknown,40,24,0,53,1
Unknown,202500,Working,Unknown,Unknown,Laborers,28,7,0,18,1
Male,135000,Working,Secondary / Secondary Special,Married,Drivers,40,7,0,57,1
Unknown,225000,Unknown,Higher Education,Unknown,Unknown,55,6,1,18,1
Female,180000,Commercial Associate,Secondary / Secondary Special,Unknown,High Skill Tech Staff,40,7,0,6,1
Male,180000,Unknown,Unknown,Unknown,Unknown,40,7,0,22,1
Male,157500,Working,Secondary / Secondary Special,Married,Drivers,25,5,0,18,1
Unknown,157500,Working,Unknown,Unknown,Sales Staff,30,5,0,18,1
Female,180000,Working,Higher Education,Separated,Unknown,40,17,0,18,1
Unknown,225000,Unknown,Secondary / Secondary Special,Unknown,Unknown,26,7,0,25,1
Unknown,225000,Commercial Associate,Unknown,Single / Not Married,Sales Staff,28,7,0,18,1
Unknown,135000,Unknown,Secondary / Secondary Special,Married,Unknown,57,7,0,4,1
Unknown,94500,Unknown,Higher Education,Separated,Laborers,40,7,0,46,1
Female,99000,Working,Secondary / Secondary Special,Separated,Medicine Staff,40,7,0,18,1
Unknown,225000,Unknown,Secondary / Secondary Special,Married,Unknown,52,9,0,18,1
Unknown,157500,Commercial Associate,Higher Education,Married,High Skill Tech Staff,40,1,0,16,1
Unknown,121500,Working,Unknown,Unknown,Laborers,31,4,0,5,1
Female,225000,Unknown,Secondary / Secondary Special,Unknown,Unknown,63,5,0,18,1
Unknown,157500,Unknown,Unknown,Unknown,Unknown,40,2,0,18,1
Female,175500,Unknown,Secondary / Secondary Special,Unknown,Laborers,33,7,1,10,1
Female,45000,Unknown,Unknown,Married,Medicine Staff,39,15,0,3,1
Female,54000,State Servant,Secondary / Secondary Special,Single / Not Married,Unknown,40,7,0,38,1
Female,180000,Unknown,Secondary / Secondary Special,Separated,Unknown,40,7,0,52,1
Female,112500,Unknown,Unknown,Unknown,Medicine Staff,59,7,0,18,1
Female,135000,Unknown,Higher Education,Married,Sales Staff,47,6,0,18,1
Female,99000,Commercial Associate,Secondary / Secondary Special,Single / Not Married,Core Staff,45,2,0,47,1
Female,382500,Working,Unknown,Widow,Unknown,40,15,0,36,1
Female,360000,Working,Unknown,Unknown,Unknown,35,7,0,38,1
Male,270000,Working,Unknown,Unknown,Security Staff,35,10,0,20,1
Unknown,90000,Unknown,Unknown,Unknown,Unknown,29,5,0,34,1
Unknown,135000,Commercial Associate,Higher Education,Married,Unknown,40,7,0,18,1
Female,90000,Unknown,Secondary / Secondary Special,Married,Unknown,45,7,0,18,1
Unknown,135000,Commercial Associate,Unknown,Married,Laborers,40,7,1,18,1
Female,90000,State Servant,Secondary / Secondary Special,Unknown,Unknown,40,23,0,7,1
Unknown,180000,Working,Unknown,Married,Core Staff,38,9,0,18,1
Female,157500,Unknown,Unknown,Single / Not Married,Unknown,27,7,0,9,1
Unknown,495000,Unknown,Secondary / Secondary Special,Unknown,Cooking Staff,40,7,0,8,1
Male,360000,Unknown,Unknown,Married,Unknown,40,7,0,18,1
Female,99000,Unknown,Unknown,Widow,Security Staff,40,4,0,18,1
Unknown,135000,Commercial Associate,Unknown,Married,Cooking Staff,26,7,0,3,1
Unknown,135000,Unknown,Secondary / Secondary Special,Unknown,Unknown,40,1,0,18,1
Female,270000,Unknown,Unknown,Unknown,Core Staff,46,3,0,33,1
Unknown,225000,Unknown,Higher Education,Unknown,Laborers,40,33,0,34,1
Male,157500,Working,Higher Education,Married,Accountants,31,7,0,12,1
Female,121500,Unknown,Higher Education,Unknown,Hr Staff,40,7,0,26,1
Female,180000,Working,Higher Education,Married,Accountants,30,7,0,49,1
Unknown,90000,Working,Unknown,Separated,Unknown,40,7,0,14,1
Male,202500,Commercial Associate,Unknown,Unknown,Laborers,55,10,0,18,1
Male,180000,Working,Higher Education,Unknown,Drivers,26,1,0,3,1
Unknown,333000,Commercial Associate,Higher Education,Married,Managers,32,5,0,6,1
Unknown,225000,Unknown,Secondary / Secondary Special,Unknown,Laborers,37,1,0,59,1
Unknown,112500,Working,Secondary / Secondary Special,Married,Drivers,47,7,1,25,1
Unknown,202500,Working,Higher Education,Unknown,Managers,40,7,0,8,1
Unknown,135000,Working,Unknown,Unknown,Unknown,40,2,0,21,1
Female,126000,Unknown,Higher Education,Unknown,Core Staff,28,7,0,21,1
Male,90000,Working,Unknown,Single / Not Married,Unknown,29,1,0,18,1
Unknown,292500,Working,Unknown,Married,Accountants,48,6,0,21,1
Female,58500,Working,Secondary / Secondary Special,Unknown,Laborers,41,7,0,18,1
Female,157500,Unknown,Higher Education,Single / Not Married,Accountants,33,6,0,18,1
Unknown,81000,Unknown,Unknown,Married,Laborers,40,7,0,5,1
Female,112500,Unknown,Secondary / Secondary Special,Unknown,Accountants,40,8,0,17,1
Unknown,225000,Unknown,Secondary / Secondary Special,Unknown,High Skill Tech Staff,34,4,0,18,1
Female,157500,Working,Secondary / Secondary Special,Unknown,Unknown,35,16,0,18,1
Male,270000,Unknown,Secondary / Secondary Special,Married,Unknown,37,7,0,18,1
Unknown,211500,Commercial Associate,Unknown,Married,Laborers,41,13,0,51,1
Male,222750,Working,Higher Education,Married,Drivers,47,4,0,59,1
Female,202500,Commercial Associate,Secondary / Secondary Special,Married,Sales Staff,45,2,0,23,1
Female,202500,Working,Higher Education,Married,High Skill Tech Staff,40,9,0,3,1
Unknown,81000,State Servant,Higher Education,Married,Unknown,40,8,0,13,1
Male,112500,Commercial Associate,Unknown,Unknown,Unknown,63,7,0,18,1
Unknown,180000,Commercial Associate,Unknown,Separated,Managers,48,16,0,18,1
Unknown,90000,Working,Secondary / Secondary Special,Unknown,Laborers,40,1,0,26,1
Male,202500,Unknown,Secondary / Secondary Special,Unknown,Unknown,37,7,0,22,1
Female,247500,Commercial Associate,Secondary / Secondary Special,Unknown,Drivers,50,7,2,43,1
Male,225000,Working,Secondary / Secondary Special,Unknown,Unknown,40,4,0,18,1
Female,122400,Working,Unknown,Married,Medicine Staff,58,4,0,9,1
Female,216000,Working,Secondary / Secondary Special,Single / Not Married,Unknown,40,9,0,7,1
Female,94500,Unknown,Unknown,Unknown,Unknown,50,29,0,16,1
Female,157500,State Servant,Unknown,Unknown,Core Staff,28,3,0,21,1
Unknown,225000,Working,Unknown,Unknown,Laborers,40,2,0,18,1
Female,202500,Working,Unknown,Married,Unknown,40,7,0,6,1
Male,135000,Unknown,Secondary / Secondary Special,Married,Drivers,29,7,1,18,1
Female,225000,Working,Unknown,Unknown,Managers,40,9,0,15,1
Female,103500,Working,Unknown,Unknown,Unknown,40,7,0,5,1
Female,90000,Working,Unknown,Married,Sales Staff,40,7,0,18,1
Unknown,135000,Working,Unknown,Civil Marriage,Laborers,41,7,0,20,1
Unknown,229500,Unknown,Unknown,Unknown,Unknown,40,4,0,18,1
Unknown,270000,Unknown,Higher Education,Married,Drivers,30,7,0,18,1
Female,81000,State Servant,Secondary / Secondary Special,Unknown,Unknown,61,22,0,18,1
Unknown,306000,Unknown,Higher Education,Separated,Laborers,63,7,0,41,1
Female,81000,Working,Unknown,Unknown,Unknown,35,7,0,18,1
Unknown,157500,Unknown,Unknown,Unknown,Laborers,39,7,0,9,1
Unknown,90000,Unknown,Unknown,Married,Sales Staff,40,6,0,49,1
Unknown,67500,Unknown,Higher Education,Married,Sales Staff,33,4,0,18,1
Male,315000,Working,Higher Education,Separated,Managers,45,7,0,34,1
Female,132750,Working,Secondary / Secondary Special,Single / Not Married,Sales Staff,40,7,0,7,1
Female,202500,Unknown,Higher Education,Single / Not Married,Core Staff,40,7,0,23,1
Female,157500,Commercial Associate,Unknown,Unknown,Laborers,40,7,0,38,1
Male,351000,Commercial Associate,Secondary / Secondary Special,Married,Private Service Staff,40,24,0,23,1
Unknown,270000,Unknown,Secondary / Secondary Special,Unknown,Medicine Staff,40,7,0,18,1
Male,225000,Unknown,Unknown,Married,Unknown,32,7,0,18,1
Female,175500,Commercial Associate,Higher Education,Married,Managers,42,7,0,19,1
Unknown,157500,Commercial Associate,Secondary / Secondary Special,Unknown,Laborers,40,12,0,12,1
Female,144000,Unknown,Secondary / Secondary Special,Married,Laborers,46,7,0,14,1
Unknown,310500,Unknown,Higher Education,Unknown,Unknown,28,2,0,18,1
Unknown,247500,Commercial Associate,Unknown,Unknown,Core Staff,44,2,0,21,1
Male,256500,Unknown,Higher Education,Married,Unknown,59,5,0,18,1
Female,225000,Unknown,Secondary / Secondary Special,Married,Unknown,40,6,1,18,1
Female,112500,Commercial Associate,Unknown,Married,Laborers,48,7,0,56,1
Unknown,360000,Commercial Associate,Unknown,Married,Managers,45,7,0,18,1
Male,180000,Unknown,Higher Education,Unknown,Unknown,39,5,0,38,1
Female,157500,Unknown,Unknown,Unknown,Unknown,43,13,0,7,1
Unknown,157500,Unknown,Secondary / Secondary Special,Separated,Laborers,54,7,0,18,1
Female,112500,Working,Higher Education,Married,Core Staff,40,7,0,18,1
Unknown,126000,Working,Unknown,Married,Unknown,60,7,0,41,1
Unknown,315000,Unknown,Higher Education,Unknown,Unknown,40,7,0,20,1
Female,67500,Unknown,Secondary / Secondary Special,Unknown,Unknown,31,7,0,18,1
Female,297000,Unknown,Secondary / Secondary Special,Single / Not Married,Laborers,43,7,0,16,1
Female,112500,Working,Unknown,Unknown,Unknown,33,6,0,35,1
Female,270000,Unknown,Unknown,Separated,Sales Staff,47,4,1,12,1
Male,225000,Unknown,Unknown,Unknown,Laborers,33,7,0,18,1
Female,157500,Working,Unknown,Unknown,Unknown,34,7,0,39,1
Unknown,202500,Working,Higher Education,Unknown,Managers,40,7,0,8,1
Male,337500,Working,Unknown,Married,Managers,40,15,5,28,1
Unknown,360000,Working,Secondary / Secondary Special,Married,Drivers,40,9,0,18,1
Female,103500,Working,Secondary / Secondary Special,Married,Managers,40,36,0,45,1
Female,225000,Working,Unknown,Widow,Unknown,57,16,0,18,1
Male,202500,Commercial Associate,Unknown,Unknown,Laborers,35,1,0,7,1
Female,450000,Working,Secondary / Secondary Special,Unknown,Laborers,52,2,0,18,1
Unknown,112500,Unknown,Unknown,Married,Sales Staff,40,2,1,18,1
Unknown,148500,Commercial Associate,Secondary / Secondary Special,Married,Core Staff,40,7,0,3,1
Male,225000,Unknown,Unknown,Unknown,Laborers,33,13,0,5,1
Unknown,202500,Working,Secondary / Secondary Special,Married,Unknown,40,7,0,18,1
Male,247500,Unknown,Secondary / Secondary Special,Married,Unknown,40,21,0,20,1
Unknown,198000,Unknown,Incomplete Higher,Unknown,Unknown,27,1,0,19,1
Female,157500,Working,Higher Education,Married,Accountants,61,1,0,27,1
Unknown,157500,Working,Secondary / Secondary Special,Separated,Unknown,37,7,0,18,1
Unknown,135000,Unknown,Secondary / Secondary Special,Unknown,Core Staff,40,7,0,25,1
Female,157500,Unknown,Secondary / Secondary Special,Unknown,Unknown,40,3,0,6,1
Female,157500,Commercial Associate,Unknown,Married,Cooking Staff,47,7,0,11,1
Unknown,112500,Working,Unknown,Unknown,Laborers,43,5,0,13,1
Unknown,121500,Working,Secondary / Secondary Special,Unknown,Cooking Staff,57,1,0,26,1
Male,157500,Working,Unknown,Single / Not Married,Laborers,40,7,0,18,1
Female,225000,Unknown,Unknown,Single / Not Married,Unknown,34,7,0,30,1
Female,225000,Unknown,Unknown,Married,Unknown,40,9,0,18,1
Female,63000,Commercial Associate,Higher Education,Married,Core Staff,40,7,0,18,1
Female,112500,Working,Incomplete Higher,Single / Not Married,Unknown,40,1,0,18,1
Unknown,112500,Working,Secondary / Secondary Special,Unknown,Core Staff,33,7,0,18,1
Female,112500,Working,Higher Education,Married,Core Staff,40,7,0,18,1
Unknown,135000,Unknown,Secondary / Secondary Special,Unknown,Unknown,40,3,0,15,1
Unknown,90000,Unknown,Unknown,Unknown,Unknown,54,4,0,16,1
Female,76500,Unknown,Secondary / Secondary Special,Married,Unknown,39,7,0,42,1
Female,180000,Unknown,Unknown,Married,Core Staff,49,5,0,18,1
Male,157500,Unknown,Secondary / Secondary Special,Separated,Unknown,40,7,0,18,1
Female,184500,Working,Unknown,Unknown,Core Staff,37,13,0,18,1
Unknown,225000,Working,Higher Education,Unknown,Core Staff,34,11,0,13,1
Female,157500,Working,Secondary / Secondary Special,Unknown,Sales Staff,40,3,0,19,1
Unknown,360000,Unknown,Unknown,Civil Marriage,Sales Staff,32,7,0,18,1
Male,166500,Unknown,Secondary / Secondary Special,Unknown,Laborers,40,2,0,18,1
Unknown,450000,Unknown,Higher Education,Married,Unknown,40,2,0,24,1
Female,315000,Working,Secondary / Secondary Special,Unknown,Private Service Staff,40,31,0,4,1
Unknown,157500,Commercial Associate,Unknown,Unknown,Drivers,31,2,0,45,1
Unknown,121500,Working,Unknown,Married,Laborers,44,11,1,18,1
Male,135000,Commercial Associate,Secondary / Secondary Special,Married,Core Staff,40,7,0,46,1
Female,180000,Unknown,Secondary / Secondary Special,Married,Core Staff,48,7,0,18,1
Female,180000,Unknown,Unknown,Unknown,Realty Agents,33,7,0,14,1
Male,247500,Working,Secondary / Secondary Special,Married,Laborers,40,7,0,18,1
Female,180000,Working,Secondary / Secondary Special,Unknown,Unknown,40,3,0,18,1
Female,157500,Working,Unknown,Married,Drivers,40,7,0,18,1
Female,405000,Unknown,Higher Education,Unknown,Unknown,40,6,0,12,1
Unknown,135000,Commercial Associate,Secondary / Secondary Special,Married,Laborers,40,1,0,7,1
Female,189000,Commercial Associate,Unknown,Married,Security Staff,43,6,0,43,1
Female,202500,Working,Secondary / Secondary Special,Unknown,Unknown,40,7,0,18,1
Male,202500,Unknown,Unknown,Married,Unknown,40,14,1,15,1
Female,90000,Working,Unknown,Unknown,Unknown,39,4,0,6,1
Female,135000,Unknown,Unknown,Married,Laborers,37,8,0,18,1
Male,202500,Unknown,Secondary / Secondary Special,Unknown,Unknown,48,5,0,33,1
Female,112500,Unknown,Unknown,Unknown,Sales Staff,51,6,0,12,1
Male,135000,Working,Secondary / Secondary Special,Married,Laborers,43,22,0,18,1
Female,198000,Working,Unknown,Married,Cooking Staff,40,7,0,35,1
Male,157500,Commercial Associate,Secondary / Secondary Special,Unknown,Laborers,27,7,0,18,1
Male,180000,Unknown,Higher Education,Unknown,Core Staff,29,7,0,11,1
Unknown,171000,Unknown,Unknown,Unknown,Unknown,48,7,0,11,1
Male,225000,Working,Unknown,Married,Drivers,42,7,0,18,1
Male,360000,Unknown,Higher Education,Unknown,Managers,40,8,0,18,1
Unknown,360000,Working,Unknown,Unknown,High Skill Tech Staff,40,5,0,18,1
Unknown,90000,Unknown,Unknown,Civil Marriage,Unknown,32,10,3,40,1
Female,211500,Commercial Associate,Unknown,Unknown,Unknown,40,7,0,24,1
Male,81000,State Servant,Unknown,Married,Unknown,40,7,0,10,1
Female,202500,Unknown,Higher Education,Widow,Managers,33,7,0,49,1
Unknown,225000,Unknown,Unknown,Unknown,Unknown,40,11,0,19,1
Female,81000,Commercial Associate,Secondary / Secondary Special,Married,Sales Staff,43,7,0,18,1
Male,315000,Unknown,Secondary / Secondary Special,Married,Managers,40,4,0,8,1
Male,247500,Working,Secondary / Secondary Special,Married,Laborers,40,10,0,18,1
Female,189000,Working,Secondary / Secondary Special,Married,Sales Staff,30,7,0,18,1
Female,112500,Working,Unknown,Single / Not Married,Laborers,40,5,0,4,1
Female,112500,Working,Unknown,Married,Unknown,48,3,0,18,1
Unknown,661500,Unknown,Higher Education,Married,Accountants,40,10,0,19,1
Male,157500,State Servant,Higher Education,Unknown,Core Staff,33,11,0,18,1
Unknown,112500,Unknown,Unknown,Unknown,High Skill Tech Staff,40,3,0,59,1
Female,76500,Working,Secondary / Secondary Special,Unknown,Unknown,49,7,0,18,1
Unknown,360000,Commercial Associate,Higher Education,Married,Unknown,41,7,0,17,1
Male,202500,Unknown,Unknown,Unknown,Laborers,40,1,0,6,1
Male,180000,Working,Higher Education,Married,Unknown,40,7,0,18,1
Female,292500,Unknown,Secondary / Secondary Special,Married,Unknown,55,7,0,18,1
Female,175500,Unknown,Higher Education,Unknown,Managers,42,7,0,18,1
Female,315000,State Servant,Unknown,Unknown,Drivers,54,3,0,18,1
Female,202500,Unknown,Unknown,Single / Not Married,Accountants,30,7,0,4,1
Female,67500,Unknown,Secondary / Secondary Special,Married,Unknown,40,7,0,32,1
Unknown,216000,Unknown,Higher Education,Unknown,Core Staff,29,7,1,22,1
Female,94500,Unknown,Unknown,Unknown,Sales Staff,40,7,0,18,1
Unknown,157500,Unknown,Unknown,Married,Accountants,40,7,0,12,1
Unknown,225000,Unknown,Secondary / Secondary Special,Married,Laborers,40,33,0,36,1
Male,157500,Working,Secondary / Secondary Special,Married,Laborers,47,5,0,44,1
Female,450000,Unknown,Unknown,Unknown,Core Staff,40,3,0,18,1
Unknown,247500,Unknown,Secondary / Secondary Special,Married,Unknown,44,7,0,27,1
Unknown,135000,Commercial Associate,Higher Education,Married,Unknown,33,11,0,24,1
Unknown,202500,Working,Secondary / Secondary Special,Civil Marriage,Laborers,30,4,0,18,1
Female,67500,Unknown,Unknown,Married,Unknown,39,5,0,32,1
Male,157500,Unknown,Unknown,Married,Unknown,40,7,0,33,1
Unknown,360000,Unknown,Secondary / Secondary Special,Unknown,Laborers,40,7,0,18,1
Male,166500,Unknown,Secondary / Secondary Special,Married,Unknown,40,7,0,18,1
Female,135000,Commercial Associate,Secondary / Secondary Special,Unknown,Unknown,34,2,0,11,1
Female,202500,Working,Unknown,Unknown,Core Staff,40,6,2,20,1
Unknown,270000,Working,Unknown,Separated,Cleaning Staff,46,4,0,18,1
Female,67500,Working,Unknown,Married,Laborers,40,7,0,17,1
Male,202500,Unknown,Secondary / Secondary Special,Single / Not Married,Unknown,32,7,0,10,1
Male,112500,Working,Unknown,Unknown,Unknown,24,2,0,18,1
Female,157500,Unknown,Unknown,Unknown,Waiters/Barmen Staff,33,14,0,34,1
Unknown,207000,Unknown,Higher Education,Unknown,Core Staff,40,7,0,60,1
Unknown,270000,Working,Unknown,Single / Not Married,Sales Staff,46,7,0,35,1
Unknown,157500,Unknown,Secondary / Secondary Special,Married,Unknown,40,7,0,19,1
Unknown,382500,Working,Unknown,Unknown,Security Staff,60,4,0,6,1
Unknown,90000,Working,Unknown,Married,Unknown,40,7,0,35,1
Male,180000,Unknown,Secondary / Secondary Special,Unknown,Drivers,35,7,0,23,1
Male,112500,Working,Secondary / Secondary Special,Married,Unknown,27,1,0,18,1
Male,202500,Unknown,Secondary / Secondary Special,Married,Laborers,40,11,0,18,1
Unknown,112500,Working,Unknown,Unknown,Unknown,39,1,0,47,1
Male,135000,Commercial Associate,Secondary / Secondary Special,Unknown,Laborers,36,7,8,18,1
Female,112500,State Servant,Unknown,Civil Marriage,Unknown,30,10,0,10,1
Unknown,202500,Unknown,Secondary / Secondary Special,Unknown,Core Staff,32,12,0,18,1
Unknown,247500,Unknown,Unknown,Married,Unknown,40,4,0,24,1
Unknown,122400,Unknown,Secondary / Secondary Special,Married,Medicine Staff,58,4,0,18,1
Male,190400,Commercial Associate,Unknown,Unknown,Core Staff,29,7,1,18,0
Unknown,180000,Unknown,Secondary / Secondary Special,Married,Laborers,56,36,0,18,1
Female,90000,Working,Secondary / Secondary Special,Civil Marriage,Unknown,32,10,0,18,1
Female,63000,Unknown,Secondary / Secondary Special,Single / Not Married,Unknown,40,7,0,18,1
Female,292500,Unknown,Higher Education,Civil Marriage,Laborers,40,7,0,22,1
Unknown,112500,Unknown,Unknown,Married,Managers,40,7,0,7,1
Male,180000,Unknown,Secondary / Secondary Special,Unknown,Unknown,40,8,0,18,1
Unknown,130500,Unknown,Secondary / Secondary Special,Married,Core Staff,40,10,0,43,1
Unknown,216000,Working,Secondary / Secondary Special,Married,Laborers,40,7,0,25,1
Unknown,112500,Commercial Associate,Secondary / Secondary Special,Married,Sales Staff,40,7,0,18,1
Male,90000,Unknown,Unknown,Unknown,Laborers,40,7,0,40,1
Unknown,171000,Working,Unknown,Married,Sales Staff,43,1,1,51,1
Male,261000,Unknown,Unknown,Civil Marriage,Sales Staff,25,2,1,18,1
Female,225000,Working,Secondary / Secondary Special,Civil Marriage,Private Service Staff,40,3,0,4,1
Unknown,202500,State Servant,Secondary / Secondary Special,Unknown,Unknown,64,7,0,28,1
Unknown,45000,Working,Unknown,Married,Unknown,40,1,0,13,1
Female,180000,Unknown,Secondary / Secondary Special,Unknown,Unknown,34,1,0,43,1
Female,270000,Working,Unknown,Separated,Cleaning Staff,46,7,0,29,1
Male,135000,Unknown,Secondary / Secondary Special,Separated,Laborers,40,9,0,14,1
Unknown,162000,Commercial Associate,Incomplete Higher,Married,Core Staff,27,7,0,1,1
Unknown,292500,Commercial Associate,Secondary / Secondary Special,Unknown,Drivers,45,7,0,11,1
Female,112500,State Servant,Unknown,Married,Core Staff,40,4,0,36,1
Female,202500,Working,Secondary / Secondary Special,Married,Sales Staff,42,2,0,18,1
Male,180000,Unknown,Higher Education,Single / Not Married,Unknown,40,3,0,18,1
Female,76500,Working,Secondary / Secondary Special,Married,Unknown,40,2,0,37,1
Female,135000,Working,Secondary / Secondary Special,Married,Unknown,40,7,0,21,1
Female,202500,Working,Unknown,Unknown,Unknown,42,15,0,39,1
Unknown,135000,Working,Secondary / Secondary Special,Unknown,Laborers,28,9,0,18,1
Unknown,225000,Commercial Associate,Unknown,Unknown,Drivers,57,1,0,41,1
Unknown,315000,Commercial Associate,Unknown,Married,Unknown,40,1,0,6,1
Unknown,270000,Working,Secondary / Secondary Special,Married,Laborers,40,7,0,13,1
Female,135000,Commercial Associate,Unknown,Married,Laborers,43,7,0,18,1
Female,135000,Commercial Associate,Higher Education,Unknown,Accountants,33,7,0,8,1
Unknown,270000,Unknown,Secondary / Secondary Special,Married,Unknown,40,6,0,50,1
Unknown,135000,Working,Unknown,Unknown,Core Staff,52,6,0,18,1
Unknown,135000,Commercial Associate,Unknown,Unknown,Laborers,35,2,2,18,1
Unknown,85500,Unknown,Unknown,Married,Unknown,54,6,0,12,1
Unknown,112500,Working,Secondary / Secondary Special,Married,Managers,41,7,2,36,1
Female,405000,State Servant,Unknown,Married,Core Staff,40,13,0,18,1
Male,135000,Working,Secondary / Secondary Special,Married,High Skill Tech Staff,29,7,0,31,1
Male,675000,Commercial Associate,Higher Education,Unknown,Unknown,40,9,0,18,1
Female,99000,Unknown,Unknown,Unknown,Secretaries,40,7,0,18,1
Female,189000,Unknown,Secondary / Secondary Special,Married,Sales Staff,40,3,0,25,1
Unknown,180000,Working,Higher Education,Civil Marriage,Sales Staff,38,6,0,18,1
Female,112500,Working,Secondary / Secondary Special,Married,Sales Staff,53,7,0,7,1
Male,337500,Unknown,Unknown,Unknown,Drivers,40,7,0,6,1
Unknown,180000,Unknown,Secondary / Secondary Special,Separated,Core Staff,40,7,0,27,1
Female,202500,Working,Secondary / Secondary Special,Married,Unknown,52,7,0,27,1
Unknown,112500,Unknown,Unknown,Unknown,Accountants,40,7,0,16,1
Unknown,157500,Unknown,Higher Education,Married,Sales Staff,40,5,0,60,1
Female,135000,State Servant,Higher Education,Single / Not Married,Unknown,29,7,0,39,1
Male,126000,Unknown,Secondary / Secondary Special,Unknown,Security Staff,59,7,0,24,1
Unknown,135000,Unknown,Secondary / Secondary Special,Unknown,Unknown,40,7,0,15,1
Female,135000,Working,Unknown,Unknown,Laborers,40,7,3,18,1
Unknown,270000,Working,Higher Education,Single / Not Married,Unknown,40,5,0,10,1
Female,81000,Working,Secondary / Secondary Special,Unknown,Unknown,47,7,0,18,1
Female,135000,Working,Secondary / Secondary Special,Married,Unknown,44,7,0,18,1
Male,270000,Unknown,Secondary / Secondary Special,Unknown,Core Staff,42,7,0,18,1
Female,180000,Working,Unknown,Married,Managers,40,3,0,14,1
Female,360000,State Servant,Unknown,Unknown,Core Staff,40,7,0,18,1
Female,99000,Working,Unknown,Unknown,Cooking Staff,40,15,0,18,1
Male,135000,Working,Secondary / Secondary Special,Married,Security Staff,30,4,0,5,1
Male,90000,Commercial Associate,Secondary / Secondary Special,Unknown,Security Staff,63,7,0,15,1
Female,369000,State Servant,Unknown,Married,Medicine Staff,50,8,0,32,1
Female,126000,Unknown,Secondary / Secondary Special,Unknown,Core Staff,40,7,0,3,1
Female,135000,Unknown,Secondary / Secondary Special,Unknown,Unknown,40,7,0,55,1
Female,121500,Working,Secondary / Secondary Special,Unknown,Unknown,35,2,0,18,1
Unknown,135000,Working,Higher Education,Married,Unknown,40,3,0,18,1
Unknown,121500,Commercial Associate,Unknown,Married,Accountants,47,4,0,18,1
Female,180000,Commercial Associate,Incomplete Higher,Married,High Skill Tech Staff,41,21,0,4,1
Unknown,157500,State Servant,Higher Education,Married,Core Staff,40,7,0,42,1
Male,180000,Working,Unknown,Unknown,Unknown,40,5,0,14,1
Female,202500,Unknown,Secondary / Secondary Special,Married,Unknown,37,8,0,8,1
Female,292500,State Servant,Secondary / Secondary Special,Married,Unknown,40,11,1,18,1
Female,180000,Working,Unknown,Unknown,High Skill Tech Staff,40,5,0,39,1
Male,126000,Commercial Associate,Unknown,Married,Unknown,44,7,0,18,1
Female,189000,Unknown,Secondary / Secondary Special,Married,High Skill Tech Staff,40,7,0,18,1
Male,360000,Working,Secondary / Secondary Special,Married,Unknown,46,7,0,39,1
Female,112500,Working,Secondary / Secondary Special,Married,Unknown,40,12,0,18,1
Female,238500,Unknown,Secondary / Secondary Special,Married,Unknown,53,7,0,39,1
Unknown,157500,Unknown,Unknown,Separated,Sales Staff,40,4,0,11,1
Female,135000,Unknown,Secondary / Secondary Special,Married,Core Staff,52,6,0,18,1
Female,157500,Working,Secondary / Secondary Special,Separated,Unknown,39,11,0,23,1
Female,382500,Unknown,Higher Education,Unknown,Unknown,40,7,0,47,1
Unknown,126000,Unknown,Incomplete Higher,Unknown,Unknown,40,1,0,18,1
Unknown,157500,Unknown,Secondary / Secondary Special,Unknown,Drivers,40,7,0,33,1
Unknown,202500,Unknown,Secondary / Secondary Special,Unknown,Unknown,40,7,0,5,1
Female,207000,Unknown,Higher Education,Unknown,Medicine Staff,40,10,0,39,1
Unknown,135000,Unknown,Secondary / Secondary Special,Married,Drivers,43,7,0,13,1
Female,157500,Working,Unknown,Married,Drivers,40,2,0,18,1
Unknown,135000,State Servant,Higher Education,Unknown,Unknown,35,4,0,12,1
Male,360000,Commercial Associate,Higher Education,Single / Not Married,Waiters/Barmen Staff,40,2,0,6,1
Unknown,90000,Working,Secondary / Secondary Special,Single / Not Married,Unknown,29,7,0,7,1
Female,135000,Unknown,Unknown,Married,Unknown,27,7,0,18,1
Unknown,157500,Working,Secondary / Secondary Special,Unknown,Waiters/Barmen Staff,33,14,0,18,1
Unknown,135000,Unknown,Secondary / Secondary Special,Unknown,Drivers,40,7,0,11,1
Male,351000,Commercial Associate,Secondary / Secondary Special,Unknown,Unknown,45,7,0,18,1
Female,112500,Unknown,Unknown,Married,Core Staff,40,5,0,15,1
Unknown,157500,Working,Secondary / Secondary Special,Unknown,Medicine Staff,40,33,1,37,1
Unknown,157500,Working,Unknown,Single / Not Married,Unknown,28,7,0,18,1
Female,180000,Unknown,Secondary / Secondary Special,Married,Unknown,40,15,0,18,1
Female,450000,Working,Unknown,Unknown,Cleaning Staff,65,7,0,4,1
Male,252000,Unknown,Unknown,Unknown,Drivers,38,8,0,18,1
Unknown,279000,State Servant,Higher Education,Unknown,Core Staff,31,9,1,34,1
Female,315000,Unknown,Unknown,Married,Private Service Staff,50,31,0,29,1
Female,171000,Working,Secondary / Secondary Special,Married,Sales Staff,52,6,0,47,1
Unknown,270000,Commercial Associate,Secondary / Secondary Special,Married,Drivers,40,7,0,21,1
Female,450000,Commercial Associate,Unknown,Civil Marriage,Managers,40,7,0,10,1
Unknown,157500,Unknown,Secondary / Secondary Special,Single / Not Married,Unknown,52,1,0,18,1
Male,225000,Unknown,Unknown,Unknown,Unknown,40,3,0,7,1
Unknown,90000,Commercial Associate,Secondary / Secondary Special,Married,Unknown,39,7,0,18,1
Unknown,180000,Working,Unknown,Married,Core Staff,38,9,0,18,1
Unknown,67500,Working,Secondary / Secondary Special,Single / Not Married,Laborers,40,14,0,14,1
Female,630000,Unknown,Unknown,Separated,Accountants,61,5,0,56,1
Unknown,135000,Working,Unknown,Married,Managers,40,7,1,13,1
Unknown,180000,Working,Secondary / Secondary Special,Single / Not Married,Laborers,40,5,0,18,1
Female,333000,Working,Unknown,Civil Marriage,Core Staff,40,2,0,18,1
Unknown,173250,Unknown,Unknown,Civil Marriage,Unknown,45,7,0,34,1
Female,180000,Working,Unknown,Unknown,Security Staff,40,2,0,15,1
Female,180000,Unknown,Higher Education,Married,Sales Staff,40,7,0,18,1
Unknown,90000,Unknown,Secondary / Secondary Special,Unknown,Laborers,40,1,0,2,1
Female,67500,Working,Unknown,Unknown,Cooking Staff,40,5,0,25,1
Unknown,382500,Commercial Associate,Incomplete Higher,Unknown,Accountants,32,4,0,18,1
Male,135000,Working,Unknown,Unknown,Unknown,46,12,0,18,1
Unknown,315000,Working,Unknown,Married,Security Staff,30,3,0,18,1
Unknown,270000,Working,Secondary / Secondary Special,Civil Marriage,Drivers,40,11,0,52,1
Male,157500,Unknown,Unknown,Single / Not Married,Laborers,40,11,2,46,1
Unknown,315000,Unknown,Unknown,Married,Unknown,60,3,0,18,1
Female,81000,Unknown,Unknown,Civil Marriage,Unknown,39,7,0,18,1
Female,202500,State Servant,Secondary / Secondary Special,Civil Marriage,Cooking Staff,34,2,0,7,1
Unknown,360000,Commercial Associate,Higher Education,Married,Drivers,40,9,0,18,1
Unknown,129150,Commercial Associate,Secondary / Secondary Special,Unknown,Unknown,40,7,0,18,1
Unknown,202500,Unknown,Unknown,Married,Laborers,40,2,0,18,1
Female,76500,Unknown,Secondary / Secondary Special,Civil Marriage,Unknown,40,8,0,26,1
Female,202500,Unknown,Unknown,Separated,Laborers,40,7,0,8,1
Male,225000,Unknown,Higher Education,Married,Unknown,40,7,0,18,1
Unknown,180000,Unknown,Higher Education,Unknown,Managers,40,5,0,9,1
Female,202500,Commercial Associate,Secondary / Secondary Special,Unknown,Sales Staff,30,7,0,29,1
Unknown,67500,Working,Secondary / Secondary Special,Married,Unknown,40,7,0,18,1
Unknown,337500,Commercial Associate,Unknown,Unknown,Sales Staff,41,4,0,18,1
Female,180000,Working,Higher Education,Married,Managers,49,7,0,18,1
Female,103500,Unknown,Secondary / Secondary Special,Unknown,Medicine Staff,40,7,0,15,1
Unknown,76500,Working,Unknown,Unknown,Sales Staff,45,7,0,44,1
Male,202500,Commercial Associate,Higher Education,Married,Managers,40,2,0,54,1
Unknown,315000,Commercial Associate,Secondary / Secondary Special,Married,High Skill Tech Staff,58,7,0,18,1
Unknown,225000,Unknown,Secondary / Secondary Special,Unknown,Laborers,40,11,0,17,1
Unknown,135000,Unknown,Secondary / Secondary Special,Civil Marriage,Unknown,32,2,0,12,1
Unknown,135000,Working,Unknown,Married,Cooking Staff,40,9,0,5,1
Female,135000,Unknown,Unknown,Unknown,Cleaning Staff,58,7,0,11,1
Female,270000,Working,Secondary / Secondary Special,Unknown,Unknown,40,4,0,18,1
Female,427500,Unknown,Unknown,Unknown,Managers,40,10,0,18,1
Unknown,135000,Working,Unknown,Married,Managers,56,9,0,39,1
Unknown,148500,Unknown,Secondary / Secondary Special,Unknown,Unknown,31,10,0,8,1
Female,126000,Unknown,Secondary / Secondary Special,Separated,Unknown,40,7,0,9,1
Unknown,135000,Commercial Associate,Unknown,Married,Cleaning Staff,62,9,0,17,1
Unknown,247500,State Servant,Secondary / Secondary Special,Unknown,High Skill Tech Staff,40,5,0,13,1
Unknown,301500,Unknown,Secondary / Secondary Special,Married,Laborers,40,3,0,2,1
Unknown,193500,Working,Higher Education,Single / Not Married,Laborers,40,7,0,18,1
Unknown,225000,Working,Higher Education,Married,Core Staff,34,11,0,3,1
Female,252000,Working,Unknown,Married,Unknown,40,4,0,8,1
Male,207000,Commercial Associate,Unknown,Married,Sales Staff,37,7,0,18,1
Male,405000,Unknown,Secondary / Secondary Special,Married,Unknown,45,3,0,49,1
Female,315000,State Servant,Unknown,Unknown,Drivers,54,3,0,18,1
Unknown,360000,Unknown,Higher Education,Married,Managers,28,3,0,21,1
Unknown,112500,Working,Secondary / Secondary Special,Unknown,Laborers,40,12,0,20,1
Female,157500,Commercial Associate,Higher Education,Married,Unknown,44,2,0,11,1
Unknown,193500,Commercial Associate,Secondary / Secondary Special,Unknown,Laborers,47,3,0,7,1
Female,85500,State Servant,Secondary / Secondary Special,Unknown,Unknown,42,7,0,18,1
Unknown,157500,Working,Secondary / Secondary Special,Single / Not Married,Unknown,40,7,1,18,1
Male,180000,Working,Secondary / Secondary Special,Married,Sales Staff,40,5,0,18,1
Male,135000,Working,Secondary / Secondary Special,Single / Not Married,Unknown,26,3,0,8,1
Male,180000,Working,Unknown,Unknown,Managers,40,18,0,19,1
Male,405000,Working,Higher Education,Married,Unknown,44,14,0,25,1
Unknown,135000,Working,Unknown,Unknown,Laborers,39,7,0,18,1
Unknown,180000,Unknown,Higher Education,Unknown,High Skill Tech Staff,40,3,4,18,1
Unknown,135000,Working,Secondary / Secondary Special,Unknown,Unknown,40,3,0,6,1
Male,225000,Unknown,Unknown,Unknown,Laborers,40,1,0,18,1
Female,180000,Commercial Associate,Secondary / Secondary Special,Single / Not Married,Unknown,40,4,0,18,1
Unknown,180000,Commercial Associate,Secondary / Secondary Special,Married,Sales Staff,47,7,0,23,1
Female,202500,Commercial Associate,Unknown,Separated,Accountants,40,4,0,18,1
Female,315000,Unknown,Unknown,Married,Unknown,40,7,0,18,1
Female,157500,Working,Secondary / Secondary Special,Married,Core Staff,40,7,0,6,1
Female,135000,Unknown,Unknown,Unknown,Unknown,43,5,0,22,1
Unknown,112500,State Servant,Unknown,Unknown,Unknown,36,1,0,4,1
Unknown,112500,Unknown,Secondary / Secondary Special,Unknown,Unknown,51,7,0,18,1
Female,130500,Working,Secondary / Secondary Special,Unknown,Security Staff,50,7,0,25,1
Unknown,135000,Commercial Associate,Secondary / Secondary Special,Unknown,Unknown,36,5,2,18,1
Male,193500,Working,Unknown,Married,Unknown,40,7,0,20,1
Female,360000,Unknown,Unknown,Separated,Core Staff,53,7,0,18,1
Female,270000,State Servant,Secondary / Secondary Special,Married,Medicine Staff,40,7,0,5,1
Unknown,225000,Unknown,Unknown,Married,Medicine Staff,41,13,0,18,1
Female,171000,Unknown,Higher Education,Unknown,Laborers,28,7,0,18,1
Female,135000,Unknown,Secondary / Secondary Special,Married,Core Staff,52,6,0,18,1
Female,140400,Working,Unknown,Married,Core Staff,40,7,0,37,1
Unknown,270000,Unknown,Secondary / Secondary Special,Civil Marriage,Drivers,45,7,0,8,1
Male,202500,Unknown,Higher Education,Married,Managers,40,7,0,18,1
Female,243000,State Servant,Higher Education,Unknown,Unknown,28,10,2,18,1
Unknown,180000,Unknown,Unknown,Unknown,Core Staff,40,4,0,30,1
Female,135000,Unknown,Higher Education,Married,Sales Staff,40,3,0,7,1
Male,99000,State Servant,Secondary / Secondary Special,Unknown,Laborers,61,7,0,60,1
Female,90000,State Servant,Unknown,Unknown,Unknown,44,11,0,18,1
Unknown,180000,Working,Higher Education,Married,Unknown,40,13,0,42,1
Female,157500,Commercial Associate,Higher Education,Married,Laborers,47,7,0,18,1
Female,121500,Unknown,Secondary / Secondary Special,Unknown,Medicine Staff,35,7,0,18,1
Unknown,157500,Unknown,Secondary / Secondary Special,Married,Laborers,40,7,0,18,1
Unknown,405000,Unknown,Secondary / Secondary Special,Married,Unknown,40,7,0,18,1
Unknown,225000,Unknown,Higher Education,Married,Unknown,33,7,0,20,1
Male,270000,Working,Incomplete Higher,Married,Unknown,33,3,0,11,1
Unknown,112500,Working,Higher Education,Unknown,Sales Staff,40,7,0,18,1
Male,270000,Commercial Associate,Unknown,Married,Drivers,40,7,0,18,1
Female,112500,Unknown,Unknown,Married,Laborers,44,3,2,4,1
Female,126000,Commercial Associate,Secondary / Secondary Special,Married,Unknown,50,7,0,37,1
Unknown,216000,Commercial Associate,Unknown,Unknown,Managers,40,21,0,3,1
Female,247500,Commercial Associate,Secondary / Secondary Special,Civil Marriage,Unknown,32,7,0,7,1
Female,175500,State Servant,Unknown,Unknown,Core Staff,40,2,0,18,1
Female,76500,Working,Secondary / Secondary Special,Unknown,Managers,49,7,0,58,1
Female,180000,Unknown,Secondary / Secondary Special,Unknown,Unknown,40,7,0,18,1
Female,112500,Working,Secondary / Secondary Special,Unknown,Low-Skill Laborers,32,7,0,15,1
Unknown,112500,Working,Secondary / Secondary Special,Married,Laborers,40,22,0,18,1
Female,135000,Unknown,Unknown,Unknown,Managers,29,8,0,18,1
Female,171000,State Servant,Unknown,Widow,Medicine Staff,52,7,0,14,1
Female,225000,Unknown,Higher Education,Married,Sales Staff,54,7,0,18,1
Unknown,90000,Commercial Associate,Unknown,Married,Sales Staff,53,8,0,18,1
Unknown,270000,Working,Unknown,Unknown,Unknown,36,7,0,14,1
Unknown,135000,Working,Secondary / Secondary Special,Single / Not Married,Laborers,40,7,0,12,1
Male,315000,Commercial Associate,Secondary / Secondary Special,Married,Security Staff,41,9,0,18,1
Female,112500,Working,Unknown,Married,Sales Staff,40,7,0,17,1
Unknown,76500,Working,Unknown,Unknown,Core Staff,33,13,0,16,1
Male,675000,State Servant,Unknown,Married,Unknown,40,7,0,2,1
Unknown,144000,Unknown,Higher Education,Unknown,Unknown,40,9,0,18,1
Male,157500,Working,Higher Education,Single / Not Married,Unknown,26,3,0,8,1
Male,225000,Commercial Associate,Unknown,Unknown,Unknown,37,7,0,40,1
Unknown,157500,Working,Unknown,Separated,Unknown,40,9,0,18,1
Unknown,135000,Unknown,Secondary / Secondary Special,Civil Marriage,Unknown,40,7,0,18,1
Female,337500,Unknown,Unknown,Married,Unknown,41,7,0,13,1
Unknown,135000,Working,Higher Education,Unknown,Accountants,38,7,0,35,1
Unknown,216000,Working,Secondary / Secondary Special,Unknown,Unknown,40,4,0,48,1
Unknown,270000,Working,Unknown,Unknown,Drivers,45,3,0,13,1
Female,135000,Unknown,Secondary / Secondary Special,Separated,Unknown,40,7,0,18,1
Male,225000,Unknown,Unknown,Unknown,Sales Staff,28,7,0,8,1
Male,315000,State Servant,Unknown,Unknown,Unknown,37,7,0,27,1
Female,135000,Commercial Associate,Unknown,Civil Marriage,Sales Staff,27,6,0,1,1
Female,126000,Working,Unknown,Unknown,High Skill Tech Staff,40,7,0,18,1
Unknown,112500,Commercial Associate,Secondary / Secondary Special,Unknown,Laborers,44,1,0,18,1
Female,265500,Commercial Associate,Higher Education,Married,Managers,33,7,0,49,1
Male,81000,Working,Higher Education,Unknown,Low-Skill Laborers,40,1,4,18,1
Unknown,135000,Working,Secondary / Secondary Special,Married,Managers,40,7,0,18,1
Unknown,121500,State Servant,Unknown,Married,Accountants,61,15,0,10,1
Unknown,144000,Unknown,Secondary / Secondary Special,Married,Accountants,43,10,0,18,1
Unknown,297000,Commercial Associate,Secondary / Secondary Special,Single / Not Married,Unknown,43,7,1,20,1
Female,270000,State Servant,Secondary / Secondary Special,Separated,Medicine Staff,40,34,0,18,1
Unknown,63000,Working,Secondary / Secondary Special,Unknown,Laborers,40,23,0,18,1
Male,247500,Unknown,Higher Education,Single / Not Married,Unknown,28,7,3,28,1
Unknown,252000,Unknown,Unknown,Married,Unknown,61,5,0,40,1
Male,112500,Unknown,Secondary / Secondary Special,Unknown,Laborers,40,12,0,30,1
Unknown,135000,Working,Higher Education,Unknown,Unknown,40,4,0,18,1
Male,121500,Unknown,Secondary / Secondary Special,Married,Unknown,39,7,0,3,1
Unknown,175500,Commercial Associate,Unknown,Single / Not Married,Laborers,33,14,1,18,1
Male,202500,Working,Secondary / Secondary Special,Married,Unknown,33,10,0,1,1
Unknown,202500,Working,Unknown,Unknown,Laborers,40,7,0,32,1
Female,202500,Unknown,Secondary / Secondary Special,Married,Unknown,32,9,0,7,1
Unknown,135000,Commercial Associate,Secondary / Secondary Special,Unknown,Unknown,40,7,0,14,1
Female,81000,Unknown,Higher Education,Married,Core Staff,31,7,0,47,1
Female,76500,Unknown,Unknown,Married,Medicine Staff,44,25,0,4,1
Unknown,135000,Working,Secondary / Secondary Special,Married,Unknown,40,1,0,18,1
Unknown,225000,State Servant,Higher Education,Married,Unknown,32,7,0,37,1
Unknown,225000,Working,Unknown,Unknown,Managers,34,7,2,18,1
Female,112500,Unknown,Secondary / Secondary Special,Married,Sales Staff,24,5,1,28,1
Female,135000,Unknown,Unknown,Widow,Unknown,44,7,0,8,1
Male,225000,Unknown,Secondary / Secondary Special,Married,Drivers,45,7,0,18,1
Female,135000,State Servant,Secondary / Secondary Special,Unknown,Unknown,42,15,0,37,1
Female,292500,Working,Secondary / Secondary Special,Married,Unknown,47,7,0,18,1
Male,207000,Unknown,Higher Education,Unknown,Core Staff,40,8,0,29,1
Unknown,121500,Unknown,Unknown,Single / Not Married,Laborers,25,7,0,9,1
Unknown,180000,Unknown,Unknown,Unknown,Drivers,40,8,0,16,1
Female,90000,Unknown,Secondary / Secondary Special,Married,Core Staff,42,7,0,18,1
Female,157500,Commercial Associate,Secondary / Secondary Special,Widow,Unknown,54,7,0,18,1
Unknown,225000,Unknown,Unknown,Single / Not Married,Unknown,40,7,1,18,1
Female,135000,Commercial Associate,Higher Education,Unknown,Core Staff,27,7,7,18,1
Female,180000,Commercial Associate,Unknown,Single / Not Married,Cooking Staff,40,7,0,18,1
Female,81000,Commercial Associate,Secondary / Secondary Special,Single / Not Married,Medicine Staff,28,8,0,18,1
Female,63000,Unknown,Secondary / Secondary Special,Unknown,Unknown,40,1,0,17,1
Female,112500,Working,Secondary / Secondary Special,Civil Marriage,Sales Staff,40,7,0,18,1
Male,202500,Working,Higher Education,Married,Core Staff,43,20,0,9,1
Unknown,162000,Working,Secondary / Secondary Special,Unknown,Security Staff,40,12,0,18,1
Male,225000,Unknown,Unknown,Married,Laborers,45,1,0,18,1
Unknown,315000,Unknown,Secondary / Secondary Special,Separated,Unknown,52,6,0,18,1
Unknown,391500,Working,Secondary / Secondary Special,Single / Not Married,Sales Staff,40,2,0,12,1
Female,90000,Unknown,Secondary / Secondary Special,Single / Not Married,Unknown,40,1,0,8,1
Female,76500,Working,Unknown,Unknown,Unknown,31,3,0,21,1
Unknown,157500,Commercial Associate,Secondary / Secondary Special,Unknown,Hr Staff,40,7,0,16,1
Male,270000,Unknown,Secondary / Secondary Special,Separated,Laborers,37,3,0,37,1
Female,99000,Working,Unknown,Unknown,Laborers,49,7,0,9,1
Female,180000,Commercial Associate,Unknown,Separated,Core Staff,40,7,0,22,1
Female,121500,Unknown,Secondary / Secondary Special,Unknown,Core Staff,40,2,0,18,1
Male,225000,Unknown,Unknown,Married,Managers,39,7,0,4,1
Unknown,270000,Unknown,Unknown,Married,Sales Staff,29,2,1,18,1
Unknown,225000,Commercial Associate,Unknown,Married,Unknown,40,7,3,35,1
Male,267750,Working,Higher Education,Married,Laborers,58,7,0,18,1
Female,225000,Commercial Associate,Unknown,Unknown,Unknown,42,8,0,18,1
Female,135000,Commercial Associate,Secondary / Secondary Special,Married,Sales Staff,50,16,0,32,1
Unknown,202500,Working,Unknown,Separated,Cleaning Staff,60,22,0,35,1
Unknown,270000,Unknown,Secondary / Secondary Special,Unknown,Drivers,40,6,0,39,1
Unknown,135000,Working,Secondary / Secondary Special,Married,Cleaning Staff,40,7,0,18,1
Unknown,126000,Working,Secondary / Secondary Special,Married,Unknown,34,3,0,18,1
Female,130500,Unknown,Secondary / Secondary Special,Married,Laborers,31,7,0,18,1
Female,103500,State Servant,Higher Education,Separated,Core Staff,47,23,0,18,1
Male,135000,Working,Unknown,Married,Drivers,49,2,0,18,1
Male,225000,Working,Secondary / Secondary Special,Civil Marriage,Drivers,40,1,0,18,1
Unknown,90000,Unknown,Unknown,Unknown,Unknown,35,2,0,18,1
Male,157500,Unknown,Secondary / Secondary Special,Unknown,Unknown,27,1,0,18,1
Unknown,112500,Working,Secondary / Secondary Special,Unknown,Laborers,40,12,0,20,1
Unknown,135000,Unknown,Higher Education,Married,Core Staff,43,2,0,7,1
Male,180000,Unknown,Unknown,Married,Laborers,40,3,0,18,1
Male,225000,Unknown,Incomplete Higher,Married,Unknown,40,1,0,18,1
Female,225000,Commercial Associate,Secondary / Secondary Special,Unknown,Cleaning Staff,58,3,0,18,1
Male,270000,Unknown,Higher Education,Married,Managers,45,7,0,23,1
Unknown,225000,Working,Incomplete Higher,Unknown,Managers,40,33,0,53,1
Unknown,450000,Commercial Associate,Higher Education,Unknown,Unknown,34,7,0,45,1
Female,180000,Commercial Associate,Higher Education,Unknown,Managers,40,5,0,30,1
Unknown,121500,Working,Unknown,Married,Unknown,40,7,0,15,1
Female,90000,Unknown,Higher Education,Married,Unknown,40,11,0,30,1
Unknown,135000,Unknown,Higher Education,Married,Unknown,40,7,0,18,1
Female,135000,State Servant,Higher Education,Single / Not Married,Unknown,29,7,0,39,1
Female,180000,Commercial Associate,Secondary / Secondary Special,Married,Unknown,40,4,0,40,1
Unknown,562500,Working,Unknown,Married,Managers,40,7,0,30,1
Unknown,157500,Unknown,Higher Education,Civil Marriage,Accountants,40,2,0,8,1
Unknown,121500,Working,Higher Education,Single / Not Married,Unknown,31,4,0,1,1
Unknown,270000,Working,Unknown,Unknown,Unknown,49,7,0,21,1
Female,67500,Unknown,Unknown,Separated,Accountants,40,7,0,18,1
Female,135000,Unknown,Secondary / Secondary Special,Married,Cooking Staff,40,7,0,15,1
Male,90900,Unknown,Unknown,Married,Laborers,40,7,0,18,1
Male,202500,Working,Secondary / Secondary Special,Married,Unknown,40,7,0,18,1
Male,157500,Working,Unknown,Single / Not Married,Unknown,40,3,0,8,1
Male,202500,Unknown,Secondary / Secondary Special,Unknown,Laborers,40,33,1,18,1
Unknown,270000,Unknown,Higher Education,Married,Unknown,30,7,0,18,1
Unknown,90000,Working,Unknown,Separated,Unknown,40,7,0,14,1
Male,180000,Working,Unknown,Unknown,Unknown,52,7,1,36,1
Unknown,157500,Working,Secondary / Secondary Special,Married,Sales Staff,33,4,0,18,1
Unknown,108000,Commercial Associate,Secondary / Secondary Special,Married,Unknown,44,25,0,32,1
Female,180000,Unknown,Secondary / Secondary Special,Married,Unknown,40,2,0,8,1
Male,270000,Working,Higher Education,Married,Laborers,48,7,0,7,1
Female,67500,Working,Secondary / Secondary Special,Unknown,Unknown,31,6,0,18,1
Male,180000,Working,Unknown,Married,Unknown,42,7,1,18,1
Unknown,157500,Unknown,Secondary / Secondary Special,Unknown,Unknown,48,7,0,15,1
Unknown,112500,Working,Secondary / Secondary Special,Married,High Skill Tech Staff,51,2,0,18,1
Unknown,157500,Commercial Associate,Unknown,Unknown,Unknown,40,2,0,6,1
Male,153000,Unknown,Secondary / Secondary Special,Married,Laborers,40,6,0,18,1
Unknown,148500,Commercial Associate,Higher Education,Married,High Skill Tech Staff,35,6,1,18,1
Unknown,225000,Working,Unknown,Married,Laborers,38,2,0,18,1
Unknown,135000,Unknown,Unknown,Married,Laborers,40,7,0,42,1
Female,90000,Working,Secondary / Secondary Special,Married,High Skill Tech Staff,40,7,0,15,1
Unknown,157500,Working,Unknown,Unknown,Drivers,40,7,0,33,1
Female,225000,Working,Secondary / Secondary Special,Separated,Laborers,47,1,0,30,1
Unknown,180000,Working,Unknown,Single / Not Married,Unknown,40,8,0,18,1
Male,225000,Working,Secondary / Secondary Special,Married,Unknown,46,1,2,37,1
Unknown,90000,Unknown,Secondary / Secondary Special,Married,Unknown,26,2,0,24,1
Male,202500,Working,Higher Education,Married,Drivers,49,9,4,18,1
Unknown,202500,Working,Unknown,Married,Managers,36,7,0,15,1
Unknown,225000,Unknown,Secondary / Secondary Special,Unknown,Laborers,40,7,0,8,1
Unknown,76500,Unknown,Secondary / Secondary Special,Unknown,Unknown,40,7,0,18,1
Unknown,135000,Unknown,Secondary / Secondary Special,Unknown,Managers,40,3,0,18,1
Unknown,112500,Unknown,Higher Education,Unknown,Security Staff,40,7,0,57,1
Unknown,202500,Unknown,Higher Education,Married,Unknown,48,4,0,44,1
Unknown,135000,Working,Unknown,Unknown,Managers,40,4,0,3,1
Male,108000,Working,Unknown,Unknown,Laborers,44,21,0,24,1
Male,180000,Working,Secondary / Secondary Special,Unknown,Laborers,36,7,0,26,1
Male,135000,Working,Secondary / Secondary Special,Civil Marriage,Low-Skill Laborers,40,2,0,18,0
Male,180000,Commercial Associate,Unknown,Unknown,Laborers,40,3,0,5,1
Female,130500,State Servant,Unknown,Married,Core Staff,40,10,1,23,1
Male,180000,Commercial Associate,Secondary / Secondary Special,Married,Laborers,31,4,4,18,1
Female,112500,Commercial Associate,Higher Education,Unknown,Core Staff,40,7,0,2,1
Female,121500,Unknown,Unknown,Unknown,Unknown,40,2,0,11,1
Male,202500,Working,Unknown,Unknown,Unknown,40,5,0,18,1
Male,405000,Working,Unknown,Married,Laborers,44,14,0,18,1
Unknown,225000,Working,Unknown,Married,Unknown,40,5,0,18,1
Unknown,355500,Commercial Associate,Unknown,Married,Unknown,42,1,0,18,1
Male,202500,Working,Secondary / Secondary Special,Married,Laborers,40,10,0,7,1
Unknown,265500,Working,Secondary / Secondary Special,Married,Sales Staff,40,3,0,18,1
Female,180000,Working,Unknown,Unknown,Core Staff,40,9,0,18,1
Female,135000,Unknown,Unknown,Married,Sales Staff,33,7,0,17,1
Female,130500,Unknown,Unknown,Married,Unknown,40,1,0,18,1
Unknown,157500,Working,Higher Education,Unknown,Sales Staff,27,1,0,18,1
Unknown,180000,Commercial Associate,Unknown,Married,Sales Staff,30,6,0,9,1
Female,148500,Working,Secondary / Secondary Special,Civil Marriage,Sales Staff,40,4,0,49,1
Male,225000,Unknown,Secondary / Secondary Special,Single / Not Married,Unknown,40,1,0,42,1
Unknown,270000,Working,Incomplete Higher,Separated,Unknown,50,7,0,18,1
Male,135000,Working,Secondary / Secondary Special,Married,Unknown,26,3,2,19,1
Female,135000,Commercial Associate,Unknown,Unknown,Unknown,40,22,0,6,1
Female,216000,Working,Secondary / Secondary Special,Unknown,High Skill Tech Staff,40,14,0,15,1
Female,189000,Unknown,Higher Education,Unknown,Unknown,29,7,0,18,1
Unknown,225000,Working,Secondary / Secondary Special,Married,Sales Staff,57,3,0,7,1
Unknown,315000,Unknown,Higher Education,Unknown,Core Staff,38,13,0,51,1
Unknown,157500,Commercial Associate,Unknown,Unknown,Laborers,27,3,0,10,1
Unknown,225000,Unknown,Higher Education,Unknown,Laborers,36,7,0,18,1
Female,225000,Working,Higher Education,Married,Drivers,40,7,0,18,1
Unknown,135000,Unknown,Secondary / Secondary Special,Single / Not Married,Sales Staff,40,5,0,18,1
Female,202500,Unknown,Unknown,Married,Unknown,30,4,7,18,1
Male,247500,Unknown,Incomplete Higher,Unknown,Core Staff,26,2,0,7,1
Female,180000,Commercial Associate,Secondary / Secondary Special,Married,Unknown,36,16,0,18,1
Male,716324,State Servant,Secondary / Secondary Special,Unknown,Laborers,40,7,6,18,1
Male,135000,Working,Unknown,Unknown,Drivers,40,11,0,18,1
Female,157500,Working,Unknown,Unknown,Unknown,40,5,0,18,1
Unknown,90000,Unknown,Unknown,Married,Low-Skill Laborers,46,16,0,19,1
Female,297000,Unknown,Secondary / Secondary Special,Single / Not Married,Laborers,43,7,0,16,1
Female,261000,Commercial Associate,Unknown,Unknown,Unknown,55,6,0,18,1
Male,202500,Working,Higher Education,Separated,Unknown,50,4,7,10,1
Unknown,180000,Working,Unknown,Unknown,Unknown,40,13,0,18,1
Unknown,126000,Unknown,Unknown,Unknown,Laborers,40,7,0,24,1
Male,247500,Unknown,Unknown,Married,Laborers,40,16,0,18,1
Female,103500,Working,Secondary / Secondary Special,Unknown,Unknown,40,12,0,18,1
Unknown,157500,Commercial Associate,Secondary / Secondary Special,Married,Unknown,46,7,0,9,1
Male,450000,Commercial Associate,Unknown,Married,Unknown,40,2,0,18,1
Unknown,157500,State Servant,Unknown,Married,Managers,61,7,0,18,1
Unknown,157500,Working,Unknown,Married,Unknown,47,7,0,19,1
Unknown,67500,Working,Unknown,Married,Unknown,40,7,0,5,1
Unknown,135000,Unknown,Unknown,Married,Unknown,40,4,0,30,1
Female,112500,Working,Higher Education,Unknown,Sales Staff,36,7,0,18,1
Female,180000,Commercial Associate,Unknown,Separated,Core Staff,40,7,0,22,1
Male,360000,State Servant,Higher Education,Civil Marriage,Unknown,52,20,0,23,1
Unknown,247500,Commercial Associate,Unknown,Unknown,Drivers,40,3,0,18,1
Female,130500,State Servant,Secondary / Secondary Special,Married,Core Staff,35,7,0,18,1
Unknown,180000,Unknown,Unknown,Married,Unknown,40,5,0,18,1
Male,180000,Unknown,Higher Education,Married,Unknown,39,7,0,39,1
Male,225000,Unknown,Incomplete Higher,Married,Drivers,28,1,0,19,1
Female,121500,Working,Secondary / Secondary Special,Married,Unknown,40,4,0,7,1
Male,126000,Working,Secondary / Secondary Special,Married,Drivers,46,10,0,8,1
Female,225000,Working,Higher Education,Married,Unknown,40,7,0,7,1
Unknown,90000,Working,Unknown,Married,Unknown,48,9,0,26,1
Unknown,202500,Commercial Associate,Secondary / Secondary Special,Married,Unknown,41,8,0,16,1
Unknown,180000,Unknown,Higher Education,Married,Unknown,35,9,0,47,1
Unknown,180000,Unknown,Unknown,Unknown,Unknown,39,7,0,15,1
Unknown,126000,Unknown,Unknown,Unknown,Managers,42,1,0,6,1
Unknown,360000,Working,Secondary / Secondary Special,Unknown,Drivers,41,21,0,12,1
Male,126000,Working,Secondary / Secondary Special,Married,Unknown,40,3,0,18,1
Unknown,225000,Working,Higher Education,Separated,Private Service Staff,45,7,0,5,1
Unknown,193500,Working,Secondary / Secondary Special,Married,Security Staff,48,3,0,5,1
Unknown,202500,Unknown,Secondary / Secondary Special,Unknown,Sales Staff,30,7,0,18,1
Female,112500,Unknown,Secondary / Secondary Special,Separated,Medicine Staff,44,7,0,18,1
Male,180000,Working,Unknown,Married,Laborers,30,3,3,44,1
Female,157500,Unknown,Higher Education,Civil Marriage,Unknown,28,7,0,18,1
Unknown,202500,Unknown,Unknown,Unknown,Laborers,40,18,0,18,1
Male,292500,Commercial Associate,Unknown,Unknown,High Skill Tech Staff,33,3,0,18,1
Female,225000,Unknown,Secondary / Secondary Special,Unknown,Unknown,40,7,0,18,1
Male,112500,Working,Higher Education,Civil Marriage,Security Staff,55,16,0,21,1
Unknown,180000,Commercial Associate,Secondary / Secondary Special,Unknown,Laborers,43,7,0,18,1
Female,157500,Working,Higher Education,Unknown,Unknown,40,2,0,24,1
Unknown,112500,Unknown,Secondary / Secondary Special,Unknown,Laborers,40,7,0,18,1
Female,270000,Working,Secondary / Secondary Special,Married,Unknown,40,2,0,11,1
Unknown,90000,Unknown,Secondary / Secondary Special,Married,Sales Staff,39,4,1,33,1
Unknown,297000,Commercial Associate,Unknown,Single / Not Married,Unknown,43,7,0,18,1
Male,99000,Working,Secondary / Secondary Special,Single / Not Married,Laborers,49,7,0,18,1
Female,180000,Working,Unknown,Separated,Managers,40,17,0,25,1
Unknown,270000,Working,Unknown,Unknown,Unknown,49,7,0,21,1
Male,270000,Commercial Associate,Incomplete Higher,Single / Not Married,Unknown,40,7,0,16,1
Unknown,225000,Commercial Associate,Secondary / Secondary Special,Single / Not Married,Unknown,26,4,0,11,1
Unknown,135000,Unknown,Secondary / Secondary Special,Unknown,Core Staff,40,9,0,27,1
Female,122400,Working,Unknown,Unknown,Medicine Staff,58,4,0,18,1
Unknown,112500,Working,Secondary / Secondary Special,Unknown,Unknown,54,7,0,32,1
Male,247500,Unknown,Secondary / Secondary Special,Married,Unknown,40,7,0,18,1
Unknown,270000,State Servant,Higher Education,Married,Managers,38,1,2,14,1
Female,247500,Unknown,Higher Education,Married,Unknown,55,7,0,18,1
Unknown,540000,Commercial Associate,Higher Education,Unknown,Unknown,40,5,0,16,1
Unknown,180000,Commercial Associate,Unknown,Married,Security Staff,40,3,0,7,1
Unknown,112500,Unknown,Unknown,Civil Marriage,Cooking Staff,38,4,1,2,1
Male,270000,Working,Unknown,Married,Unknown,40,2,1,4,1
Unknown,112500,Working,Secondary / Secondary Special,Unknown,Accountants,40,12,0,52,1
Male,180000,State Servant,Higher Education,Married,High Skill Tech Staff,28,7,0,5,1
Female,270000,Working,Secondary / Secondary Special,Married,High Skill Tech Staff,36,7,0,33,1
Unknown,135000,Working,Unknown,Married,Drivers,40,4,0,5,1
Unknown,202500,State Servant,Higher Education,Married,Core Staff,36,4,0,57,1
Unknown,67500,Unknown,Unknown,Married,Laborers,55,7,0,30,1
Unknown,135000,State Servant,Higher Education,Unknown,Unknown,52,24,0,18,1
Unknown,135000,Unknown,Secondary / Secondary Special,Unknown,Unknown,46,7,0,55,1
Female,157500,Working,Higher Education,Separated,Medicine Staff,27,7,0,18,1
Female,720000,Commercial Associate,Higher Education,Married,Managers,40,7,0,18,1
Female,180000,State Servant,Secondary / Secondary Special,Single / Not Married,Medicine Staff,37,7,1,18,1
Female,135000,Working,Higher Education,Single / Not Married,Unknown,30,7,0,18,0
Female,180000,Commercial Associate,Unknown,Single / Not Married,Unknown,40,4,0,18,1
Female,112500,Working,Unknown,Civil Marriage,Unknown,38,4,0,1,1
Unknown,225000,Commercial Associate,Secondary / Secondary Special,Single / Not Married,Unknown,48,8,0,17,1
Male,252000,Unknown,Unknown,Unknown,Core Staff,60,22,0,18,1
Unknown,337500,Unknown,Higher Education,Married,Managers,40,7,0,18,1
Male,360000,Working,Secondary / Secondary Special,Civil Marriage,Unknown,35,7,0,11,1
Female,391500,Unknown,Secondary / Secondary Special,Married,Core Staff,47,20,0,18,1
Female,175500,Working,Secondary / Secondary Special,Unknown,Sales Staff,50,9,0,44,1
Female,225000,Unknown,Secondary / Secondary Special,Unknown,Sales Staff,33,7,0,18,1
Unknown,202500,Unknown,Higher Education,Unknown,Core Staff,36,7,0,22,1
Female,135000,State Servant,Secondary / Secondary Special,Married,Core Staff,40,17,1,17,1
Female,270000,Unknown,Secondary / Secondary Special,Married,Medicine Staff,40,7,0,18,1
Female,45000,Unknown,Secondary / Secondary Special,Married,Sales Staff,44,4,0,41,1
Unknown,229500,Working,Secondary / Secondary Special,Single / Not Married,Unknown,46,4,0,18,1
Male,180000,Unknown,Unknown,Single / Not Married,Laborers,27,6,0,18,1
Unknown,180000,Working,Secondary / Secondary Special,Unknown,Unknown,40,3,0,45,1
Female,315000,State Servant,Secondary / Secondary Special,Unknown,Managers,34,7,0,18,1
Unknown,135000,Unknown,Secondary / Secondary Special,Unknown,Unknown,40,19,0,52,1
Unknown,202500,Unknown,Secondary / Secondary Special,Civil Marriage,Laborers,40,1,0,21,1
Female,225000,Unknown,Secondary / Secondary Special,Unknown,Laborers,29,7,0,18,1
Female,166500,Unknown,Higher Education,Married,Core Staff,40,11,0,18,1
Male,315000,Working,Secondary / Secondary Special,Married,Managers,48,7,4,18,1
Male,270000,Unknown,Unknown,Married,Unknown,35,7,0,49,1
Female,67500,Unknown,Secondary / Secondary Special,Civil Marriage,Unknown,40,7,0,41,1
Unknown,360000,Unknown,Unknown,Widow,Managers,40,12,0,10,1
Female,117000,Working,Secondary / Secondary Special,Separated,Unknown,29,7,0,6,1
Male,315000,Working,Secondary / Secondary Special,Unknown,Unknown,36,10,0,18,1
Unknown,135000,Working,Lower Secondary,Married,High Skill Tech Staff,40,2,0,18,1
Unknown,270000,Unknown,Unknown,Single / Not Married,Core Staff,40,7,0,18,1
Male,81000,Working,Secondary / Secondary Special,Unknown,Low-Skill Laborers,40,1,4,12,1
Female,157500,Working,Unknown,Married,Sales Staff,40,3,0,20,1
Female,405000,Working,Secondary / Secondary Special,Married,Unknown,40,13,0,55,1
Male,225000,Working,Secondary / Secondary Special,Unknown,Unknown,40,4,0,18,1
Unknown,270000,Working,Secondary / Secondary Special,Married,Laborers,40,7,0,42,1
Male,270000,Unknown,Secondary / Secondary Special,Married,Laborers,34,4,0,32,1
Unknown,270000,Commercial Associate,Secondary / Secondary Special,Married,Laborers,40,7,0,18,1
Male,450000,Commercial Associate,Unknown,Unknown,Unknown,40,16,0,17,1
Female,135000,Commercial Associate,Higher Education,Unknown,Core Staff,40,2,0,18,1
Female,180000,Unknown,Unknown,Unknown,Laborers,40,7,0,18,1
Female,112500,Unknown,Unknown,Unknown,Unknown,30,1,1,38,1
Male,135000,Working,Unknown,Unknown,Drivers,29,7,0,11,1
Unknown,306000,Unknown,Secondary / Secondary Special,Unknown,Managers,40,7,0,18,1
Female,405000,Commercial Associate,Unknown,Unknown,Laborers,40,10,0,18,1
Unknown,202500,Working,Unknown,Married,Core Staff,40,7,0,20,1
Unknown,225000,Commercial Associate,Higher Education,Married,Managers,33,4,0,24,1
Female,328500,Unknown,Secondary / Secondary Special,Married,Realty Agents,35,6,0,11,1
Unknown,292500,Unknown,Higher Education,Married,High Skill Tech Staff,40,3,0,18,1
Unknown,135000,Commercial Associate,Secondary / Secondary Special,Unknown,Laborers,34,1,0,18,1
Unknown,225000,Commercial Associate,Secondary / Secondary Special,Civil Marriage,Unknown,40,3,0,39,1
Female,252000,Unknown,Secondary / Secondary Special,Unknown,Unknown,36,7,0,5,1
Unknown,202500,Commercial Associate,Unknown,Unknown,Unknown,40,6,0,47,1
Unknown,67500,Working,Secondary / Secondary Special,Married,Core Staff,60,24,0,18,1
Unknown,225000,Unknown,Unknown,Unknown,Unknown,52,7,3,18,1
Unknown,252000,Unknown,Unknown,Married,Unknown,61,5,0,40,1
Unknown,225000,Working,Unknown,Unknown,Managers,45,7,0,18,1
Male,315000,Working,Secondary / Secondary Special,Unknown,Unknown,40,7,0,5,1
Female,135000,Working,Unknown,Single / Not Married,Unknown,40,6,0,27,1
Male,292500,Unknown,Unknown,Married,Core Staff,47,10,0,24,1
Male,112500,Unknown,Unknown,Married,Unknown,40,7,0,32,1
Male,157500,Working,Unknown,Married,Laborers,40,11,0,33,1
Unknown,112500,State Servant,Secondary / Secondary Special,Married,Drivers,58,7,0,11,1
Male,180000,Unknown,Unknown,Unknown,Managers,39,5,0,37,1
Female,157500,Working,Unknown,Single / Not Married,Cleaning Staff,41,4,0,18,1
Male,135000,Commercial Associate,Secondary / Secondary Special,Married,Laborers,40,7,0,40,1
Female,112500,Unknown,Secondary / Secondary Special,Married,Managers,52,3,0,18,1
Female,175500,State Servant,Unknown,Unknown,Core Staff,40,2,0,18,1
Female,112500,Working,Higher Education,Married,Laborers,34,9,0,18,1
Unknown,135000,Unknown,Secondary / Secondary Special,Separated,High Skill Tech Staff,42,7,0,18,1
Female,180000,State Servant,Secondary / Secondary Special,Married,Laborers,46,6,0,29,1
Female,126000,Unknown,Secondary / Secondary Special,Unknown,High Skill Tech Staff,40,7,0,18,1
Unknown,270000,Commercial Associate,Higher Education,Unknown,Unknown,40,7,0,9,1
Female,135000,Unknown,Secondary / Secondary Special,Civil Marriage,Medicine Staff,40,15,0,15,1
Female,360000,Unknown,Unknown,Unknown,Unknown,40,14,0,7,1
Unknown,225000,Unknown,Secondary / Secondary Special,Married,Unknown,42,3,0,18,1
Unknown,180000,Commercial Associate,Higher Education,Separated,Unknown,40,20,0,43,1
Unknown,225000,Working,Secondary / Secondary Special,Married,Unknown,53,7,0,18,1
Unknown,180000,Unknown,Unknown,Unknown,Unknown,42,9,0,18,1
Unknown,135000,Commercial Associate,Higher Education,Unknown,Accountants,45,7,0,18,1
Female,360000,Commercial Associate,Unknown,Unknown,Managers,30,6,0,23,1
Unknown,69750,Unknown,Secondary / Secondary Special,Married,Sales Staff,40,7,0,18,1
Female,112500,Working,Unknown,Married,Sales Staff,40,7,0,18,1
Male,67500,Working,Unknown,Unknown,Laborers,55,7,0,6,1
Unknown,450000,Unknown,Higher Education,Married,Unknown,40,2,0,24,1
Female,315000,Working,Secondary / Secondary Special,Married,Managers,40,7,0,18,1
Female,103500,Unknown,Secondary / Secondary Special,Single / Not Married,Sales Staff,48,7,0,33,1
Male,112500,State Servant,Secondary / Secondary Special,Married,Drivers,58,7,0,17,1
Female,157500,Unknown,Higher Education,Married,Unknown,40,1,0,27,1
Unknown,270000,Unknown,Unknown,Widow,Laborers,51,5,0,18,1
Unknown,112500,Unknown,Secondary / Secondary Special,Unknown,Core Staff,29,8,0,6,1
Unknown,139500,Unknown,Secondary / Secondary Special,Married,Laborers,40,7,0,51,1
Unknown,135000,Unknown,Unknown,Single / Not Married,Sales Staff,40,7,0,20,1
Unknown,157500,Unknown,Secondary / Secondary Special,Married,Accountants,33,6,0,6,1
Unknown,171000,Commercial Associate,Secondary / Secondary Special,Married,Cooking Staff,40,7,0,16,1
Female,67500,Unknown,Unknown,Unknown,Core Staff,60,24,0,19,1
Unknown,112500,Working,Secondary / Secondary Special,Unknown,Core Staff,32,3,0,13,1
Female,112500,Working,Secondary / Secondary Special,Married,Unknown,45,10,1,18,1
Female,126000,Unknown,Unknown,Unknown,Unknown,40,4,0,15,1
Male,171000,Commercial Associate,Incomplete Higher,Married,Unknown,40,17,0,54,1
Female,121500,Commercial Associate,Higher Education,Unknown,Sales Staff,40,4,0,19,1
Male,213750,Unknown,Higher Education,Unknown,Unknown,40,7,0,24,1
Unknown,387000,Commercial Associate,Secondary / Secondary Special,Separated,Unknown,50,2,0,57,1
Female,135000,Commercial Associate,Higher Education,Unknown,Private Service Staff,43,8,0,14,1
Unknown,540000,Unknown,Secondary / Secondary Special,Unknown,Managers,45,6,0,12,1
Unknown,202500,State Servant,Unknown,Married,Core Staff,40,7,0,7,1
Male,157500,Unknown,Unknown,Unknown,Unknown,40,7,0,33,1
Male,67500,Commercial Associate,Unknown,Single / Not Married,Security Staff,40,7,0,17,1
Female,90000,State Servant,Secondary / Secondary Special,Married,Unknown,40,4,0,18,1
Unknown,360000,Commercial Associate,Secondary / Secondary Special,Unknown,Sales Staff,47,6,0,7,1
Unknown,135000,Unknown,Secondary / Secondary Special,Single / Not Married,Unknown,40,23,1,21,1
Male,270000,Commercial Associate,Secondary / Secondary Special,Married,Drivers,40,15,0,18,1
Male,180000,Working,Unknown,Single / Not Married,Managers,41,18,1,20,1
Unknown,193500,Working,Secondary / Secondary Special,Married,Unknown,49,27,0,18,1
Male,225000,Working,Unknown,Married,Managers,40,8,0,18,1
Female,225000,Commercial Associate,Higher Education,Unknown,Sales Staff,40,7,0,14,1
Unknown,180000,Working,Secondary / Secondary Special,Single / Not Married,Cleaning Staff,63,7,0,4,1
Female,162000,Unknown,Unknown,Unknown,Sales Staff,41,7,0,18,1
Unknown,157500,Working,Incomplete Higher,Unknown,Unknown,40,7,0,30,1
Unknown,180000,State Servant,Unknown,Unknown,Unknown,33,4,1,18,1
Male,675000,Commercial Associate,Unknown,Unknown,Unknown,40,4,0,18,1
Male,247500,Commercial Associate,Secondary / Secondary Special,Married,Drivers,40,3,0,8,1
Female,202500,Working,Unknown,Married,Laborers,37,15,8,18,1
Female,247500,Unknown,Higher Education,Unknown,Laborers,40,7,0,21,1
Male,126000,Working,Unknown,Married,Security Staff,53,10,5,9,1
Male,162000,Unknown,Unknown,Unknown,Unknown,53,12,1,23,1
Unknown,180000,State Servant,Higher Education,Married,Core Staff,44,21,0,8,1
Female,157500,Commercial Associate,Secondary / Secondary Special,Unknown,Unknown,37,4,0,3,1
Male,337500,Working,Higher Education,Unknown,Managers,32,9,0,35,1
Unknown,225000,Unknown,Higher Education,Unknown,Sales Staff,57,7,0,7,1
Female,180000,Working,Secondary / Secondary Special,Unknown,Unknown,35,7,0,29,1
Male,202500,Commercial Associate,Unknown,Unknown,Unknown,40,7,0,18,1
Female,135000,Unknown,Unknown,Married,Sales Staff,49,12,2,30,1
Male,180000,Unknown,Secondary / Secondary Special,Unknown,Unknown,40,7,0,18,1
Unknown,256500,Commercial Associate,Secondary / Secondary Special,Unknown,Core Staff,40,7,1,34,1
Male,270000,Unknown,Secondary / Secondary Special,Single / Not Married,Laborers,40,1,14,21,1
Unknown,225000,Working,Unknown,Unknown,Laborers,40,9,0,18,1
Male,261000,Unknown,Unknown,Civil Marriage,Sales Staff,25,7,0,7,1
Unknown,157500,Unknown,Unknown,Unknown,Unknown,40,3,0,7,1
Male,157500,Working,Secondary / Secondary Special,Unknown,Unknown,40,8,1,18,1
Unknown,225000,Commercial Associate,Secondary / Secondary Special,Unknown,Laborers,40,4,0,15,1
Male,90000,Working,Secondary / Secondary Special,Married,Laborers,32,7,0,18,1
Male,135000,Unknown,Secondary / Secondary Special,Unknown,Unknown,40,15,0,12,1
Female,306000,Commercial Associate,Unknown,Married,Unknown,30,7,0,18,1
Female,135000,Unknown,Higher Education,Unknown,Unknown,40,5,0,40,1
Male,148500,Unknown,Higher Education,Married,Unknown,40,5,0,2,1
Female,157500,State Servant,Secondary / Secondary Special,Single / Not Married,Waiters/Barmen Staff,35,7,0,2,1
Male,360000,Working,Unknown,Unknown,Drivers,53,3,1,24,1
Male,189000,Working,Unknown,Unknown,Drivers,52,7,0,36,1
Male,360000,Unknown,Unknown,Unknown,Laborers,40,6,0,13,1
Male,405000,State Servant,Higher Education,Unknown,Unknown,32,7,0,19,1
Unknown,117000,Working,Unknown,Married,Unknown,40,7,0,15,1
Female,270000,Commercial Associate,Unknown,Single / Not Married,Private Service Staff,39,9,0,18,1
Unknown,202500,Working,Incomplete Higher,Married,Security Staff,40,3,0,28,1
Female,112500,Unknown,Secondary / Secondary Special,Single / Not Married,Unknown,29,7,0,18,1
Female,315000,Working,Secondary / Secondary Special,Married,Core Staff,40,12,1,18,1
Unknown,135000,State Servant,Secondary / Secondary Special,Unknown,Medicine Staff,45,15,0,18,1
Male,315000,Unknown,Unknown,Unknown,Drivers,60,3,0,16,1
Female,202500,Working,Secondary / Secondary Special,Unknown,Unknown,40,8,0,18,1
Unknown,112500,Working,Secondary / Secondary Special,Single / Not Married,Laborers,40,7,1,18,1
Unknown,157500,Working,Unknown,Civil Marriage,Sales Staff,31,4,0,18,1
Female,292500,Unknown,Secondary / Secondary Special,Unknown,Laborers,43,9,0,45,1
Male,495000,Unknown,Unknown,Single / Not Married,Managers,40,7,2,18,1
Female,60750,Commercial Associate,Unknown,Married,Core Staff,30,6,0,2,1
Female,225000,Unknown,Higher Education,Unknown,Unknown,34,7,0,14,1
Male,450000,Commercial Associate,Secondary / Secondary Special,Unknown,Security Staff,40,6,0,2,1
Male,180000,Unknown,Unknown,Unknown,Unknown,40,7,0,17,1
Male,180000,Working,Unknown,Unknown,Laborers,30,7,0,18,1
Male,202500,Unknown,Secondary / Secondary Special,Unknown,Drivers,53,11,0,31,1
Female,135000,Unknown,Secondary / Secondary Special,Single / Not Married,Laborers,40,2,0,18,1
Unknown,270000,Commercial Associate,Unknown,Civil Marriage,Laborers,43,2,0,18,1
Unknown,180000,Unknown,Unknown,Married,High Skill Tech Staff,28,2,0,48,1
Female,180000,Working,Unknown,Married,Unknown,40,4,0,18,1
Unknown,202500,Working,Unknown,Married,High Skill Tech Staff,30,9,0,15,1
Unknown,202500,Unknown,Higher Education,Unknown,Core Staff,53,14,0,8,1
Female,225000,Commercial Associate,Unknown,Unknown,Core Staff,40,6,0,18,1
Male,270000,Commercial Associate,Secondary / Secondary Special,Married,Unknown,46,19,0,15,1
Female,157500,Working,Unknown,Unknown,Unknown,34,7,0,39,1
Female,315000,Working,Higher Education,Married,Accountants,40,10,0,18,1
Male,225000,Working,Unknown,Single / Not Married,Laborers,33,1,0,4,1
Female,333000,Unknown,Higher Education,Married,Managers,32,7,0,18,1
Unknown,112500,Working,Secondary / Secondary Special,Married,Unknown,40,7,0,17,1
Unknown,157500,Working,Unknown,Civil Marriage,Unknown,56,7,0,18,1
Unknown,247500,Working,Incomplete Higher,Single / Not Married,Unknown,24,7,0,8,1
Unknown,112500,State Servant,Unknown,Unknown,Unknown,50,26,1,6,1
Male,202500,Working,Secondary / Secondary Special,Civil Marriage,Drivers,40,3,0,22,1
Unknown,90000,Commercial Associate,Secondary / Secondary Special,Unknown,Sales Staff,32,7,1,13,1
Male,225000,Unknown,Unknown,Married,Managers,40,3,2,6,1
Unknown,126000,Unknown,Unknown,Married,Unknown,53,10,0,36,1
Unknown,247500,Commercial Associate,Unknown,Unknown,Unknown,32,7,0,4,1
Female,157500,Unknown,Unknown,Unknown,Core Staff,40,7,0,30,1
Unknown,90000,Working,Secondary / Secondary Special,Married,Sales Staff,43,4,0,14,1
Male,225000,Unknown,Secondary / Secondary Special,Unknown,Unknown,40,7,0,51,1
Unknown,270000,State Servant,Unknown,Unknown,Unknown,40,7,0,18,1
Unknown,225000,Working,Secondary / Secondary Special,Unknown,Unknown,34,7,0,18,1
Female,180000,Unknown,Unknown,Unknown,Medicine Staff,57,7,1,13,1
Male,157500,Working,Secondary / Secondary Special,Unknown,Managers,31,10,0,18,1
Unknown,472500,Unknown,Unknown,Unknown,Unknown,49,6,0,18,1
Female,135000,Commercial Associate,Secondary / Secondary Special,Civil Marriage,Sales Staff,40,1,0,12,1
Male,180000,Unknown,Unknown,Single / Not Married,Unknown,26,5,0,40,1
Female,166500,Working,Unknown,Unknown,Unknown,40,7,0,10,1
Female,337500,Commercial Associate,Secondary / Secondary Special,Married,Unknown,50,5,0,18,1
Unknown,279000,Working,Unknown,Unknown,Managers,45,11,0,6,1
Unknown,166500,Unknown,Higher Education,Married,Medicine Staff,40,16,0,34,1
Female,225000,Unknown,Unknown,Unknown,Private Service Staff,55,7,0,18,1
Unknown,360000,Unknown,Unknown,Married,Core Staff,40,18,0,55,1
Female,225000,Unknown,Higher Education,Married,Managers,40,8,0,10,1
Female,252000,State Servant,Unknown,Single / Not Married,Unknown,44,7,0,11,1
Unknown,270000,Working,Secondary / Secondary Special,Unknown,Laborers,36,7,0,13,1
Male,157500,Unknown,Unknown,Civil Marriage,Drivers,34,7,0,18,1
Unknown,112500,Unknown,Secondary / Secondary Special,Unknown,Drivers,40,7,0,18,1
Male,135000,Working,Unknown,Married,Unknown,40,2,1,20,1
Female,391500,Unknown,Secondary / Secondary Special,Unknown,Core Staff,40,7,0,17,1
Unknown,202500,State Servant,Unknown,Single / Not Married,Secretaries,40,12,0,32,1
Female,112500,Unknown,Unknown,Married,Unknown,26,7,0,12,1
Female,180000,Unknown,Higher Education,Unknown,Accountants,32,7,0,18,1
Male,180000,Working,Unknown,Unknown,Laborers,40,14,0,17,1
Male,135000,Unknown,Unknown,Married,Waiters/Barmen Staff,25,7,0,53,1
Male,225000,Unknown,Unknown,Married,Laborers,38,7,0,7,0
Unknown,103500,Commercial Associate,Unknown,Unknown,Unknown,40,1,0,25,1
Unknown,202500,Working,Higher Education,Civil Marriage,Core Staff,42,7,0,18,1
Female,225000,Commercial Associate,Higher Education,Unknown,Sales Staff,40,1,0,4,1
Unknown,112500,Unknown,Higher Education,Married,Accountants,32,7,0,14,1
Female,121500,Working,Secondary / Secondary Special,Married,Unknown,40,7,0,18,1
Female,202500,Unknown,Unknown,Married,Unknown,51,3,0,29,1
